Order_ID,Order_Date,Customer_ID,Age_Group,Gender,City,Category,Product,Quantity,Unit_Price_AZN,Discount_Pct,Payment_Method,Delivery_Days,Rating,Returned,Gross_Revenue_AZN,Net_Revenue_AZN,Cost_AZN,Profit_AZN
ORD101409,2025-01-01,C0582,18-24,Male,Baku,Books,Novel,2,29.8,0,Cash on Delivery,6,3.7,Yes,59.6,0.0,5.364,-5.36
ORD101996,2025-01-01,C0484,35-44,Female,Sumgayit,Sports,Dumbbell Set,3,52.01,0,Card,3,4.1,No,156.03,156.03,88.94,67.09
ORD102316,2025-01-01,C0652,25-34,Female,Sumgayit,Fashion,Handbag,1,84.76,0,Digital Wallet,2,4.0,No,84.76,84.76,46.62,38.14
ORD101482,2025-01-01,C0483,25-34,Male,Sumgayit,Fashion,T-shirt,1,129.8,0,Cash on Delivery,6,4.5,No,129.8,129.8,71.39,58.41
ORD102442,2025-01-01,C0346,45-54,Female,Quba,Electronics,Bluetooth Speaker,1,110.41,10,Card,2,3.8,No,110.41,99.37,79.5,19.87
ORD102259,2025-01-01,C0813,35-44,Female,Baku,Books,Psychology Book,1,36.1,5,Card,5,3.8,No,36.1,34.3,18.05,16.25
ORD101488,2025-01-01,C0163,45-54,Female,Sumgayit,Beauty,Perfume,1,11.66,0,Digital Wallet,4,3.9,No,11.66,11.66,5.6,6.06
ORD101949,2025-01-01,C0013,25-34,Male,Baku,Fashion,Jeans,1,53.01,20,Card,4,3.8,No,53.01,42.41,29.16,13.25
ORD100773,2025-01-02,C0556,35-44,Female,Baku,Home & Kitchen,Blender,2,112.94,10,Cash on Delivery,2,4.4,No,225.88,203.29,140.05,63.24
ORD101739,2025-01-02,C0554,25-34,Male,Baku,Fashion,T-shirt,2,29.21,20,Cash on Delivery,5,3.4,No,58.42,46.74,32.13,14.61
ORD101913,2025-01-02,C0247,45-54,Male,Baku,Beauty,Face Serum,2,44.93,15,Card,3,3.7,No,89.86,76.38,43.13,33.25
ORD100901,2025-01-02,C0882,25-34,Male,Baku,Home & Kitchen,Desk Lamp,1,92.01,0,Card,4,3.9,No,92.01,92.01,57.05,34.96
ORD102646,2025-01-02,C0876,25-34,Male,Baku,Fashion,Handbag,1,64.29,15,Card,5,3.8,No,64.29,54.65,35.36,19.29
ORD102789,2025-01-02,C0229,45-54,Male,Sumgayit,Books,Data Analytics Book,2,20.15,5,Cash on Delivery,3,3.6,No,40.3,38.28,20.15,18.13
ORD101622,2025-01-02,C0115,55+,Male,Ganja,Fashion,Jacket,1,108.51,5,Card,2,5.0,No,108.51,103.08,59.68,43.4
ORD101550,2025-01-02,C0404,25-34,Female,Baku,Fashion,Sneakers,1,18.87,0,Card,4,5.0,No,18.87,18.87,10.38,8.49
ORD100381,2025-01-02,C0646,18-24,Male,Mingachevir,Beauty,Face Serum,1,69.99,10,Card,2,4.3,No,69.99,62.99,33.6,29.39
ORD101237,2025-01-02,C0701,25-34,Male,Shaki,Electronics,Keyboard,3,124.32,0,Cash on Delivery,2,5.0,No,372.96,372.96,268.53,104.43
ORD100846,2025-01-02,C0391,55+,Male,Baku,Electronics,Smart Watch,1,54.54,5,Card,2,4.5,No,54.54,51.81,39.27,12.54
ORD100845,2025-01-02,C0021,45-54,Male,Ganja,Home & Kitchen,Storage Box,1,140.24,0,Digital Wallet,2,4.6,No,140.24,140.24,86.95,53.29
ORD102628,2025-01-02,C0189,25-34,Male,Baku,Beauty,Lipstick,5,86.97,5,Digital Wallet,3,3.7,No,434.85,413.11,208.73,204.38
ORD101294,2025-01-02,C0807,35-44,Male,Ganja,Books,Language Book,1,13.34,0,Cash on Delivery,3,4.6,No,13.34,13.34,6.67,6.67
ORD100104,2025-01-03,C0781,25-34,Male,Baku,Sports,Running Bottle,2,110.55,10,Card,4,4.5,No,221.1,198.99,126.03,72.96
ORD100575,2025-01-03,C0342,25-34,Male,Ganja,Fashion,Handbag,1,70.84,10,Card,3,5.0,No,70.84,63.76,38.96,24.8
ORD101190,2025-01-03,C0881,25-34,Female,Lankaran,Beauty,Body Lotion,1,66.0,10,Card,4,4.1,No,66.0,59.4,31.68,27.72
ORD100465,2025-01-03,C0526,35-44,Female,Khirdalan,Home & Kitchen,Coffee Maker,5,131.19,15,Cash on Delivery,3,4.3,No,655.95,557.56,406.69,150.87
ORD102401,2025-01-03,C0670,18-24,Male,Baku,Electronics,Smart Watch,2,158.43,0,Cash on Delivery,4,3.9,No,316.86,316.86,228.14,88.72
ORD101279,2025-01-03,C0158,25-34,Female,Mingachevir,Fashion,Sneakers,1,92.68,0,Cash on Delivery,3,4.3,No,92.68,92.68,50.97,41.71
ORD102202,2025-01-03,C0802,25-34,Female,Shaki,Fashion,Jacket,1,137.67,15,Card,4,4.0,No,137.67,117.02,75.72,41.3
ORD100707,2025-01-03,C0779,25-34,Male,Shaki,Home & Kitchen,Cookware Set,2,53.36,0,Cash on Delivery,3,4.0,No,106.72,106.72,66.17,40.55
ORD101532,2025-01-04,C0323,35-44,Female,Shaki,Electronics,Wireless Earbuds,1,56.35,0,Card,5,4.0,No,56.35,56.35,40.57,15.78
ORD101070,2025-01-04,C0304,18-24,Male,Sumgayit,Books,Psychology Book,1,34.19,10,Card,1,5.0,No,34.19,30.77,17.1,13.67
ORD100303,2025-01-04,C0655,45-54,Female,Sumgayit,Electronics,Power Bank,1,162.76,15,Cash on Delivery,1,4.1,No,162.76,138.35,117.19,21.16
ORD101807,2025-01-04,C0687,45-54,Female,Baku,Electronics,Bluetooth Speaker,1,226.35,0,Cash on Delivery,5,4.0,No,226.35,226.35,162.97,63.38
ORD101175,2025-01-04,C0774,25-34,Female,Ganja,Home & Kitchen,Blender,1,91.68,0,Digital Wallet,5,3.4,No,91.68,91.68,56.84,34.84
ORD101763,2025-01-04,C0256,18-24,Female,Ganja,Electronics,Keyboard,1,97.4,0,Card,4,4.0,No,97.4,97.4,70.13,27.27
ORD102443,2025-01-04,C0741,25-34,Male,Sumgayit,Electronics,Smart Watch,1,113.77,0,Cash on Delivery,4,4.9,No,113.77,113.77,81.91,31.86
ORD100801,2025-01-05,C0340,45-54,Female,Baku,Books,Psychology Book,1,23.07,15,Cash on Delivery,4,4.5,No,23.07,19.61,11.54,8.07
ORD101682,2025-01-05,C0085,25-34,Female,Baku,Fashion,Sneakers,3,99.72,0,Cash on Delivery,1,4.5,No,299.16,299.16,164.54,134.62
ORD100790,2025-01-05,C0821,45-54,Male,Baku,Fashion,Handbag,3,121.24,0,Cash on Delivery,2,3.4,No,363.72,363.72,200.05,163.67
ORD100839,2025-01-06,C0193,25-34,Male,Baku,Beauty,Face Serum,3,93.59,5,Digital Wallet,3,4.2,No,280.77,266.73,134.77,131.96
ORD101121,2025-01-06,C0660,55+,Male,Baku,Sports,Football,1,59.1,0,Card,5,4.1,No,59.1,59.1,33.69,25.41
ORD100410,2025-01-06,C0751,25-34,Female,Mingachevir,Books,Business Book,2,15.84,5,Card,1,4.4,No,31.68,30.1,15.84,14.26
ORD101038,2025-01-06,C0287,25-34,Male,Sumgayit,Fashion,Handbag,2,108.1,10,Card,3,4.7,No,216.2,194.58,118.91,75.67
ORD100889,2025-01-06,C0856,18-24,Male,Baku,Home & Kitchen,Blender,1,141.72,15,Digital Wallet,3,4.8,No,141.72,120.46,87.87,32.59
ORD101366,2025-01-07,C0530,25-34,Female,Baku,Electronics,Wireless Earbuds,1,57.41,0,Card,3,5.0,Yes,57.41,0.0,7.4412,-7.44
ORD100415,2025-01-07,C0819,25-34,Female,Baku,Electronics,Power Bank,3,165.9,10,Card,3,4.4,No,497.7,447.93,358.34,89.59
ORD101594,2025-01-07,C0759,35-44,Female,Mingachevir,Books,Language Book,1,38.01,0,Card,4,4.7,No,38.01,38.01,19.0,19.01
ORD100478,2025-01-07,C0663,18-24,Female,Khirdalan,Books,Business Book,2,23.67,5,Cash on Delivery,2,4.1,No,47.34,44.97,23.67,21.3
ORD101624,2025-01-07,C0220,25-34,Female,Baku,Beauty,Perfume,2,21.74,20,Cash on Delivery,3,5.0,Yes,43.48,0.0,3.7566,-3.76
ORD101652,2025-01-07,C0301,45-54,Female,Baku,Home & Kitchen,Coffee Maker,1,64.49,0,Cash on Delivery,4,4.0,No,64.49,64.49,39.98,24.51
ORD102975,2025-01-07,C0452,45-54,Female,Ganja,Beauty,Shampoo,1,35.34,0,Digital Wallet,3,4.2,No,35.34,35.34,16.96,18.38
ORD100540,2025-01-08,C0117,25-34,Male,Ganja,Sports,Running Bottle,1,99.66,10,Digital Wallet,4,3.3,No,99.66,89.69,56.81,32.88
ORD100233,2025-01-08,C0587,45-54,Male,Baku,Home & Kitchen,Desk Lamp,2,183.7,0,Card,4,4.0,No,367.4,367.4,227.79,139.61
ORD100300,2025-01-08,C0363,18-24,Female,Baku,Home & Kitchen,Desk Lamp,1,213.03,0,Digital Wallet,3,4.3,No,213.03,213.03,132.08,80.95
ORD101529,2025-01-08,C0414,45-54,Male,Baku,Home & Kitchen,Blender,1,96.59,10,Card,5,4.6,No,96.59,86.93,59.89,27.04
ORD102090,2025-01-08,C0084,55+,Female,Baku,Fashion,Jacket,2,30.45,0,Cash on Delivery,5,3.8,No,60.9,60.9,33.5,27.4
ORD102171,2025-01-08,C0037,25-34,Male,Mingachevir,Fashion,Jacket,1,135.69,15,Cash on Delivery,6,4.0,No,135.69,115.34,74.63,40.71
ORD100821,2025-01-09,C0269,25-34,Female,Sumgayit,Electronics,Bluetooth Speaker,3,196.27,0,Cash on Delivery,2,4.2,No,588.81,588.81,423.94,164.87
ORD102138,2025-01-09,C0367,25-34,Male,Sumgayit,Fashion,T-shirt,3,23.39,20,Card,2,4.8,No,70.17,56.14,38.59,17.55
ORD100170,2025-01-09,C0565,25-34,Female,Khirdalan,Sports,Running Bottle,1,94.43,10,Cash on Delivery,3,3.8,No,94.43,84.99,53.83,31.16
ORD102261,2025-01-09,C0549,35-44,Female,Sumgayit,Books,Novel,2,21.57,5,Cash on Delivery,2,4.6,No,43.14,40.98,21.57,19.41
ORD101167,2025-01-09,C0725,45-54,Male,Khirdalan,Books,Novel,3,34.56,0,Cash on Delivery,3,4.6,No,103.68,103.68,51.84,51.84
ORD100272,2025-01-09,C0733,18-24,Female,Shaki,Sports,Yoga Mat,2,38.11,0,Cash on Delivery,3,4.3,No,76.22,76.22,43.45,32.77
ORD101744,2025-01-09,C0630,45-54,Female,Baku,Fashion,Jeans,3,129.12,10,Cash on Delivery,3,4.5,No,387.36,348.62,213.05,135.57
ORD101783,2025-01-09,C0247,18-24,Female,Baku,Fashion,Jacket,1,79.6,10,Card,7,3.1,Yes,79.6,0.0,7.8804,-7.88
ORD100369,2025-01-09,C0205,35-44,Female,Shaki,Beauty,Lipstick,2,57.04,5,Card,3,4.4,No,114.08,108.38,54.76,53.62
ORD102712,2025-01-09,C0519,55+,Female,Sumgayit,Fashion,Jeans,1,34.01,10,Card,3,4.3,No,34.01,30.61,18.71,11.9
ORD100454,2025-01-10,C0436,25-34,Male,Sumgayit,Books,Language Book,2,18.12,10,Card,2,5.0,No,36.24,32.62,18.12,14.5
ORD100429,2025-01-10,C0342,25-34,Male,Sumgayit,Electronics,Power Bank,2,149.34,20,Card,5,3.3,No,298.68,238.94,215.05,23.89
ORD102469,2025-01-10,C0714,25-34,Female,Ganja,Beauty,Lipstick,3,54.41,0,Cash on Delivery,3,3.4,No,163.23,163.23,78.35,84.88
ORD101180,2025-01-10,C0469,55+,Female,Baku,Fashion,Sneakers,2,57.66,20,Digital Wallet,1,4.1,No,115.32,92.26,63.43,28.83
ORD102329,2025-01-10,C0725,25-34,Male,Sumgayit,Books,Business Book,3,37.65,20,Card,4,4.5,No,112.95,90.36,56.48,33.88
ORD102410,2025-01-10,C0609,55+,Female,Khirdalan,Sports,Football,1,92.36,10,Cash on Delivery,4,4.2,No,92.36,83.12,52.65,30.47
ORD101399,2025-01-10,C0844,35-44,Female,Baku,Home & Kitchen,Cookware Set,3,219.97,10,Card,1,3.7,No,659.91,593.92,409.14,184.78
ORD102636,2025-01-10,C0882,25-34,Female,Baku,Electronics,Smart Watch,1,152.29,10,Cash on Delivery,5,4.5,No,152.29,137.06,109.65,27.41
ORD102223,2025-01-10,C0557,45-54,Female,Mingachevir,Sports,Football,1,50.7,15,Card,2,4.5,No,50.7,43.1,28.9,14.2
ORD100830,2025-01-11,C0630,25-34,Female,Baku,Beauty,Perfume,1,73.3,0,Card,4,4.2,No,73.3,73.3,35.18,38.12
ORD101590,2025-01-11,C0379,35-44,Female,Baku,Books,Psychology Book,2,24.26,5,Card,4,4.7,No,48.52,46.09,24.26,21.83
ORD101944,2025-01-11,C0425,18-24,Male,Mingachevir,Fashion,T-shirt,1,80.67,0,Digital Wallet,2,5.0,No,80.67,80.67,44.37,36.3
ORD101493,2025-01-11,C0572,35-44,Female,Sumgayit,Fashion,T-shirt,4,110.99,15,Card,1,4.6,No,443.96,377.37,244.18,133.19
ORD101300,2025-01-11,C0529,25-34,Male,Baku,Sports,Dumbbell Set,5,87.88,10,Card,2,4.8,No,439.4,395.46,250.46,145.0
ORD101536,2025-01-12,C0140,25-34,Male,Mingachevir,Home & Kitchen,Blender,1,212.31,5,Card,3,4.4,No,212.31,201.69,131.63,70.06
ORD102559,2025-01-12,C0735,45-54,Male,Shaki,Fashion,Jeans,2,54.6,0,Card,2,4.3,No,109.2,109.2,60.06,49.14
ORD100787,2025-01-12,C0372,35-44,Male,Khirdalan,Books,Data Analytics Book,1,24.76,10,Digital Wallet,1,4.8,No,24.76,22.28,12.38,9.9
ORD101869,2025-01-12,C0206,25-34,Female,Shaki,Electronics,Smart Watch,2,179.25,0,Card,2,4.7,No,358.5,358.5,258.12,100.38
ORD102499,2025-01-12,C0332,45-54,Male,Mingachevir,Fashion,T-shirt,1,85.91,5,Card,5,4.5,No,85.91,81.61,47.25,34.36
ORD100385,2025-01-12,C0863,35-44,Female,Baku,Fashion,Jacket,1,39.15,5,Card,6,3.9,No,39.15,37.19,21.53,15.66
ORD102951,2025-01-12,C0332,18-24,Male,Mingachevir,Sports,Running Bottle,3,46.82,10,Digital Wallet,4,4.7,No,140.46,126.41,80.06,46.35
ORD100138,2025-01-12,C0140,25-34,Male,Baku,Books,Data Analytics Book,2,15.05,10,Card,2,4.2,No,30.1,27.09,15.05,12.04
ORD102263,2025-01-12,C0723,25-34,Female,Baku,Electronics,Bluetooth Speaker,1,237.74,0,Card,1,4.8,No,237.74,237.74,171.17,66.57
ORD100663,2025-01-13,C0785,25-34,Male,Baku,Fashion,T-shirt,1,34.57,5,Digital Wallet,4,5.0,No,34.57,32.84,19.01,13.83
ORD102322,2025-01-13,C0615,25-34,Male,Lankaran,Home & Kitchen,Desk Lamp,1,128.83,10,Cash on Delivery,5,3.5,No,128.83,115.95,79.87,36.08
ORD100147,2025-01-13,C0725,35-44,Female,Baku,Fashion,Handbag,1,112.34,5,Digital Wallet,6,3.8,No,112.34,106.72,61.79,44.93
ORD102866,2025-01-13,C0601,25-34,Male,Baku,Electronics,Smart Watch,2,150.88,0,Cash on Delivery,3,3.9,No,301.76,301.76,217.27,84.49
ORD101683,2025-01-13,C0536,45-54,Male,Baku,Beauty,Lipstick,3,48.39,0,Card,3,5.0,No,145.17,145.17,69.68,75.49
ORD102764,2025-01-14,C0688,35-44,Female,Baku,Sports,Dumbbell Set,1,90.53,0,Card,1,5.0,Yes,90.53,0.0,9.288,-9.29
ORD101446,2025-01-14,C0319,45-54,Male,Quba,Fashion,T-shirt,1,97.77,0,Cash on Delivery,5,4.1,No,97.77,97.77,53.77,44.0
ORD101909,2025-01-14,C0578,18-24,Female,Ganja,Beauty,Body Lotion,2,53.27,5,Card,3,3.5,No,106.54,101.21,51.14,50.07
ORD100117,2025-01-14,C0443,18-24,Female,Baku,Electronics,Smart Watch,1,129.74,5,Card,6,4.3,No,129.74,123.25,93.41,29.84
ORD101266,2025-01-14,C0157,18-24,Female,Baku,Books,Novel,1,10.02,5,Card,6,4.3,No,10.02,9.52,5.01,4.51
ORD100328,2025-01-14,C0578,25-34,Female,Khirdalan,Beauty,Face Serum,1,59.22,0,Card,3,4.5,No,59.22,59.22,28.43,30.79
ORD100844,2025-01-14,C0566,18-24,Female,Khirdalan,Fashion,T-shirt,2,59.39,0,Card,1,3.8,Yes,118.78,0.0,11.7594,-11.76
ORD100970,2025-01-14,C0181,25-34,Female,Lankaran,Fashion,Sneakers,1,87.22,5,Cash on Delivery,4,4.0,No,87.22,82.86,47.97,34.89
ORD102772,2025-01-15,C0682,35-44,Female,Baku,Beauty,Face Serum,1,92.32,10,Card,5,4.5,No,92.32,83.09,44.31,38.78
ORD102630,2025-01-15,C0215,55+,Female,Ganja,Books,Data Analytics Book,2,39.99,5,Cash on Delivery,3,5.0,No,79.98,75.98,39.99,35.99
ORD100870,2025-01-15,C0003,35-44,Male,Baku,Beauty,Lipstick,4,57.9,0,Digital Wallet,2,4.6,No,231.6,231.6,111.17,120.43
ORD101452,2025-01-15,C0722,45-54,Female,Baku,Sports,Football,3,49.07,10,Cash on Delivery,5,3.9,No,147.21,132.49,83.91,48.58
ORD102038,2025-01-15,C0805,25-34,Female,Baku,Home & Kitchen,Coffee Maker,1,118.42,0,Card,1,4.8,No,118.42,118.42,73.42,45.0
ORD101240,2025-01-15,C0700,45-54,Male,Baku,Beauty,Shampoo,1,81.95,0,Digital Wallet,5,3.0,No,81.95,81.95,39.34,42.61
ORD102728,2025-01-15,C0651,25-34,Male,Baku,Electronics,Bluetooth Speaker,2,123.01,0,Digital Wallet,2,4.4,No,246.02,246.02,177.13,68.89
ORD102881,2025-01-15,C0875,25-34,Female,Baku,Beauty,Perfume,2,71.36,0,Card,3,5.0,No,142.72,142.72,68.51,74.21
ORD102203,2025-01-15,C0316,25-34,Female,Ganja,Beauty,Shampoo,2,32.03,15,Cash on Delivery,5,4.2,No,64.06,54.45,30.75,23.7
ORD101099,2025-01-16,C0675,35-44,Male,Baku,Books,Psychology Book,1,16.69,10,Card,2,4.6,No,16.69,15.02,8.35,6.67
ORD100902,2025-01-16,C0579,18-24,Male,Baku,Sports,Dumbbell Set,1,74.2,10,Card,3,4.1,No,74.2,66.78,42.29,24.49
ORD100817,2025-01-16,C0594,45-54,Male,Baku,Electronics,Smart Watch,1,190.38,20,Card,2,4.4,Yes,190.38,0.0,24.6726,-24.67
ORD101871,2025-01-16,C0608,25-34,Female,Baku,Books,Novel,1,9.24,5,Digital Wallet,3,4.8,No,9.24,8.78,4.62,4.16
ORD100056,2025-01-16,C0390,25-34,Female,Khirdalan,Sports,Running Bottle,4,16.51,5,Digital Wallet,4,3.9,No,66.04,62.74,37.64,25.1
ORD101019,2025-01-16,C0353,25-34,Female,Lankaran,Beauty,Body Lotion,1,12.29,5,Cash on Delivery,4,4.9,No,12.29,11.68,5.9,5.78
ORD102339,2025-01-16,C0766,25-34,Female,Sumgayit,Sports,Running Bottle,1,59.23,0,Cash on Delivery,2,3.8,No,59.23,59.23,33.76,25.47
ORD100562,2025-01-16,C0775,25-34,Female,Khirdalan,Fashion,Sneakers,1,61.03,0,Digital Wallet,6,4.0,No,61.03,61.03,33.57,27.46
ORD100250,2025-01-16,C0515,35-44,Female,Baku,Beauty,Face Serum,3,42.18,5,Card,2,4.3,No,126.54,120.21,60.74,59.47
ORD101806,2025-01-17,C0016,45-54,Female,Shaki,Electronics,Smart Watch,2,203.09,0,Digital Wallet,4,3.4,No,406.18,406.18,292.45,113.73
ORD101110,2025-01-17,C0352,35-44,Female,Baku,Fashion,Jeans,1,35.97,0,Digital Wallet,3,4.5,No,35.97,35.97,19.78,16.19
ORD102371,2025-01-17,C0129,25-34,Male,Baku,Fashion,Jeans,1,69.48,10,Card,4,4.6,No,69.48,62.53,38.21,24.32
ORD100352,2025-01-17,C0374,35-44,Male,Ganja,Books,Business Book,1,42.01,5,Card,1,4.8,No,42.01,39.91,21.0,18.91
ORD100397,2025-01-17,C0640,45-54,Female,Baku,Home & Kitchen,Cookware Set,2,178.64,0,Cash on Delivery,3,3.5,No,357.28,357.28,221.51,135.77
ORD100811,2025-01-17,C0162,35-44,Female,Sumgayit,Books,Language Book,1,14.21,10,Cash on Delivery,6,4.4,Yes,14.21,0.0,1.2779999999999998,-1.28
ORD102780,2025-01-17,C0504,18-24,Male,Baku,Home & Kitchen,Coffee Maker,4,67.47,0,Card,4,4.4,No,269.88,269.88,167.33,102.55
ORD102522,2025-01-17,C0606,55+,Female,Lankaran,Electronics,Wireless Earbuds,1,124.59,0,Card,3,4.4,No,124.59,124.59,89.7,34.89
ORD101286,2025-01-18,C0524,35-44,Male,Khirdalan,Home & Kitchen,Cookware Set,1,202.71,10,Cash on Delivery,5,4.6,No,202.71,182.44,125.68,56.76
ORD101518,2025-01-18,C0398,35-44,Male,Ganja,Electronics,Power Bank,2,199.75,0,Card,2,4.4,No,399.5,399.5,287.64,111.86
ORD101526,2025-01-18,C0380,55+,Male,Mingachevir,Electronics,Wireless Earbuds,1,91.4,0,Card,3,3.9,No,91.4,91.4,65.81,25.59
ORD102884,2025-01-18,C0445,35-44,Female,Mingachevir,Beauty,Shampoo,4,12.1,0,Card,3,3.9,No,48.4,48.4,23.23,25.17
ORD101270,2025-01-18,C0684,45-54,Female,Baku,Books,Language Book,1,21.24,10,Cash on Delivery,3,4.1,No,21.24,19.12,10.62,8.5
ORD101463,2025-01-18,C0584,35-44,Female,Baku,Electronics,Wireless Earbuds,1,44.41,5,Card,2,5.0,No,44.41,42.19,31.98,10.21
ORD100574,2025-01-18,C0623,35-44,Female,Baku,Sports,Dumbbell Set,2,83.55,0,Cash on Delivery,6,3.7,No,167.1,167.1,95.25,71.85
ORD101781,2025-01-18,C0289,25-34,Male,Baku,Home & Kitchen,Cookware Set,1,172.66,5,Cash on Delivery,5,3.4,No,172.66,164.03,107.05,56.98
ORD102972,2025-01-19,C0668,25-34,Female,Lankaran,Fashion,Sneakers,1,65.6,10,Cash on Delivery,2,4.5,Yes,65.6,0.0,6.4944,-6.49
ORD100584,2025-01-19,C0045,45-54,Female,Khirdalan,Electronics,Wireless Earbuds,3,78.62,10,Card,1,4.9,No,235.86,212.27,169.82,42.45
ORD102278,2025-01-19,C0879,18-24,Male,Baku,Electronics,Wireless Earbuds,1,218.15,0,Card,6,3.8,No,218.15,218.15,157.07,61.08
ORD101653,2025-01-19,C0407,35-44,Male,Baku,Fashion,Jeans,3,82.44,0,Cash on Delivery,4,4.3,No,247.32,247.32,136.03,111.29
ORD101642,2025-01-19,C0151,18-24,Female,Quba,Electronics,Wireless Earbuds,3,259.17,10,Card,2,3.5,No,777.51,699.76,559.81,139.95
ORD100848,2025-01-19,C0059,18-24,Female,Ganja,Sports,Resistance Bands,1,61.27,10,Card,4,4.2,No,61.27,55.14,34.92,20.22
ORD101464,2025-01-19,C0663,18-24,Female,Sumgayit,Home & Kitchen,Blender,2,201.24,0,Card,5,3.8,No,402.48,402.48,249.54,152.94
ORD102505,2025-01-19,C0039,18-24,Female,Mingachevir,Beauty,Perfume,3,67.89,10,Card,3,4.3,No,203.67,183.3,97.76,85.54
ORD101453,2025-01-19,C0795,18-24,Male,Quba,Electronics,Keyboard,2,137.51,5,Card,4,4.1,No,275.02,261.27,198.01,63.26
ORD102412,2025-01-19,C0264,25-34,Female,Mingachevir,Beauty,Shampoo,1,52.51,0,Digital Wallet,4,4.3,No,52.51,52.51,25.2,27.31
ORD101976,2025-01-19,C0173,25-34,Male,Baku,Beauty,Face Serum,1,86.46,10,Card,4,4.1,No,86.46,77.81,41.5,36.31
ORD100699,2025-01-19,C0079,55+,Female,Sumgayit,Fashion,Handbag,1,106.06,10,Cash on Delivery,3,3.7,No,106.06,95.45,58.33,37.12
ORD100887,2025-01-20,C0818,35-44,Male,Baku,Books,Psychology Book,2,23.75,0,Digital Wallet,2,3.4,No,47.5,47.5,23.75,23.75
ORD100898,2025-01-20,C0367,35-44,Male,Lankaran,Electronics,Bluetooth Speaker,2,38.39,5,Card,2,4.6,No,76.78,72.94,55.28,17.66
ORD100546,2025-01-20,C0885,45-54,Female,Mingachevir,Electronics,Wireless Earbuds,1,242.22,10,Card,6,3.8,No,242.22,218.0,174.4,43.6
ORD102314,2025-01-20,C0268,35-44,Female,Shaki,Electronics,Keyboard,1,110.53,5,Digital Wallet,5,3.9,No,110.53,105.0,79.58,25.42
ORD102618,2025-01-20,C0415,55+,Female,Khirdalan,Sports,Yoga Mat,1,92.95,10,Card,5,3.8,No,92.95,83.66,52.98,30.68
ORD101983,2025-01-20,C0238,35-44,Male,Baku,Sports,Resistance Bands,1,121.38,10,Card,3,4.8,No,121.38,109.24,69.19,40.05
ORD101801,2025-01-21,C0810,35-44,Male,Khirdalan,Books,Data Analytics Book,1,15.22,0,Card,5,4.6,No,15.22,15.22,7.61,7.61
ORD101026,2025-01-21,C0529,25-34,Male,Quba,Electronics,Smart Watch,1,162.93,0,Digital Wallet,2,3.3,No,162.93,162.93,117.31,45.62
ORD100542,2025-01-21,C0865,55+,Female,Baku,Sports,Running Bottle,4,41.11,5,Card,4,4.5,No,164.44,156.22,93.73,62.49
ORD101267,2025-01-21,C0348,25-34,Male,Baku,Beauty,Perfume,1,37.23,10,Cash on Delivery,2,4.0,No,37.23,33.51,17.87,15.64
ORD101021,2025-01-21,C0090,25-34,Male,Baku,Electronics,Smart Watch,1,276.74,15,Card,4,3.9,No,276.74,235.23,199.25,35.98
ORD101979,2025-01-21,C0854,35-44,Female,Mingachevir,Books,Psychology Book,1,41.41,20,Digital Wallet,1,3.9,No,41.41,33.13,20.7,12.43
ORD102488,2025-01-21,C0789,25-34,Female,Sumgayit,Beauty,Body Lotion,3,15.39,10,Card,5,4.4,Yes,46.17,0.0,3.9888,-3.99
ORD100858,2025-01-21,C0051,45-54,Male,Baku,Beauty,Lipstick,2,37.89,0,Card,4,4.3,No,75.78,75.78,36.37,39.41
ORD102657,2025-01-22,C0022,55+,Male,Baku,Books,Novel,1,14.91,20,Cash on Delivery,4,4.0,No,14.91,11.93,7.46,4.47
ORD101615,2025-01-22,C0784,55+,Female,Shaki,Beauty,Shampoo,2,44.28,15,Card,1,4.5,No,88.56,75.28,42.51,32.77
ORD101136,2025-01-22,C0411,18-24,Male,Baku,Beauty,Perfume,1,67.53,15,Cash on Delivery,3,4.5,No,67.53,57.4,32.41,24.99
ORD102460,2025-01-22,C0210,25-34,Female,Quba,Fashion,Sneakers,1,85.27,5,Card,4,4.2,No,85.27,81.01,46.9,34.11
ORD100150,2025-01-22,C0179,18-24,Male,Ganja,Sports,Resistance Bands,1,98.52,5,Digital Wallet,3,4.3,No,98.52,93.59,56.16,37.43
ORD102788,2025-01-22,C0082,18-24,Male,Baku,Fashion,Jeans,1,98.43,15,Card,4,3.9,No,98.43,83.67,54.14,29.53
ORD101351,2025-01-23,C0273,25-34,Female,Ganja,Fashion,Jeans,1,22.5,10,Card,1,4.8,No,22.5,20.25,12.38,7.87
ORD101889,2025-01-23,C0612,25-34,Male,Baku,Beauty,Perfume,1,70.02,10,Card,5,4.2,No,70.02,63.02,33.61,29.41
ORD101411,2025-01-23,C0764,35-44,Male,Baku,Home & Kitchen,Storage Box,1,173.0,10,Card,4,4.6,No,173.0,155.7,107.26,48.44
ORD102525,2025-01-23,C0370,18-24,Female,Baku,Sports,Dumbbell Set,3,28.07,20,Digital Wallet,1,5.0,No,84.21,67.37,48.0,19.37
ORD102982,2025-01-23,C0467,45-54,Female,Ganja,Home & Kitchen,Coffee Maker,1,133.91,10,Card,3,4.2,No,133.91,120.52,83.02,37.5
ORD102002,2025-01-23,C0060,25-34,Female,Baku,Beauty,Face Serum,1,86.31,10,Card,3,3.9,No,86.31,77.68,41.43,36.25
ORD100619,2025-01-23,C0657,18-24,Female,Baku,Electronics,Power Bank,2,95.0,0,Card,2,4.5,No,190.0,190.0,136.8,53.2
ORD102373,2025-01-23,C0739,25-34,Female,Mingachevir,Electronics,Bluetooth Speaker,1,85.46,15,Cash on Delivery,4,4.3,No,85.46,72.64,61.53,11.11
ORD101470,2025-01-23,C0260,18-24,Male,Baku,Electronics,Bluetooth Speaker,1,181.53,0,Card,2,4.7,No,181.53,181.53,130.7,50.83
ORD102888,2025-01-24,C0754,35-44,Female,Ganja,Electronics,Keyboard,1,181.64,15,Cash on Delivery,3,4.5,No,181.64,154.39,130.78,23.61
ORD102331,2025-01-24,C0429,35-44,Male,Sumgayit,Beauty,Body Lotion,2,26.3,0,Card,4,4.1,No,52.6,52.6,25.25,27.35
ORD102804,2025-01-24,C0725,25-34,Male,Khirdalan,Fashion,T-shirt,2,43.92,0,Cash on Delivery,4,3.7,No,87.84,87.84,48.31,39.53
ORD100036,2025-01-24,C0506,35-44,Male,Baku,Beauty,Perfume,1,84.52,15,Card,3,4.8,No,84.52,71.84,40.57,31.27
ORD100279,2025-01-24,C0409,35-44,Female,Baku,Fashion,Jeans,1,109.49,5,Digital Wallet,2,4.8,No,109.49,104.02,60.22,43.8
ORD102129,2025-01-24,C0528,18-24,Female,Baku,Home & Kitchen,Blender,1,141.76,15,Card,3,3.9,No,141.76,120.5,87.89,32.61
ORD101456,2025-01-24,C0900,18-24,Female,Sumgayit,Fashion,T-shirt,2,83.7,5,Cash on Delivery,3,4.1,No,167.4,159.03,92.07,66.96
ORD101769,2025-01-25,C0058,55+,Male,Mingachevir,Books,Novel,2,44.18,0,Card,4,3.6,No,88.36,88.36,44.18,44.18
ORD101035,2025-01-25,C0679,25-34,Male,Mingachevir,Books,Psychology Book,5,14.15,0,Card,3,4.2,No,70.75,70.75,35.38,35.37
ORD100045,2025-01-25,C0449,45-54,Female,Baku,Beauty,Body Lotion,1,54.94,0,Cash on Delivery,3,4.8,No,54.94,54.94,26.37,28.57
ORD102312,2025-01-25,C0587,35-44,Female,Baku,Electronics,Smart Watch,2,112.46,0,Card,6,3.9,No,224.92,224.92,161.94,62.98
ORD100387,2025-01-25,C0797,25-34,Female,Baku,Electronics,Bluetooth Speaker,3,102.55,0,Card,5,5.0,No,307.65,307.65,221.51,86.14
ORD100518,2025-01-25,C0887,35-44,Female,Sumgayit,Electronics,Wireless Earbuds,1,194.55,0,Card,4,3.2,No,194.55,194.55,140.08,54.47
ORD101362,2025-01-25,C0751,35-44,Female,Baku,Beauty,Lipstick,1,75.46,0,Card,5,3.8,No,75.46,75.46,36.22,39.24
ORD102964,2025-01-25,C0352,18-24,Male,Baku,Books,Data Analytics Book,1,28.62,20,Digital Wallet,2,4.5,No,28.62,22.9,14.31,8.59
ORD102711,2025-01-25,C0435,35-44,Male,Baku,Home & Kitchen,Storage Box,2,163.76,0,Digital Wallet,3,3.9,No,327.52,327.52,203.06,124.46
ORD102440,2025-01-25,C0460,25-34,Male,Baku,Electronics,Wireless Earbuds,3,77.18,10,Digital Wallet,2,4.4,No,231.54,208.39,166.71,41.68
ORD102705,2025-01-26,C0319,35-44,Female,Shaki,Home & Kitchen,Coffee Maker,1,115.59,0,Cash on Delivery,4,3.5,No,115.59,115.59,71.67,43.92
ORD102795,2025-01-26,C0084,35-44,Female,Khirdalan,Sports,Yoga Mat,2,78.02,5,Cash on Delivery,5,4.1,No,156.04,148.24,88.94,59.3
ORD102232,2025-01-26,C0878,25-34,Male,Baku,Books,Novel,5,15.73,0,Digital Wallet,5,4.2,No,78.65,78.65,39.33,39.32
ORD100899,2025-01-26,C0630,18-24,Female,Mingachevir,Electronics,Bluetooth Speaker,2,182.46,10,Card,1,4.5,Yes,364.92,0.0,47.2932,-47.29
ORD102591,2025-01-26,C0376,18-24,Female,Shaki,Electronics,Wireless Earbuds,1,163.52,15,Cash on Delivery,3,4.5,No,163.52,138.99,117.73,21.26
ORD101953,2025-01-27,C0283,45-54,Female,Baku,Electronics,Keyboard,1,252.25,15,Digital Wallet,3,4.3,No,252.25,214.41,181.62,32.79
ORD102025,2025-01-27,C0285,55+,Female,Sumgayit,Beauty,Face Serum,1,30.82,5,Card,3,5.0,No,30.82,29.28,14.79,14.49
ORD101834,2025-01-27,C0521,35-44,Female,Mingachevir,Fashion,T-shirt,2,102.57,15,Cash on Delivery,4,4.5,No,205.14,174.37,112.83,61.54
ORD100659,2025-01-27,C0148,25-34,Male,Sumgayit,Fashion,Handbag,4,114.14,20,Cash on Delivery,5,3.7,No,456.56,365.25,251.11,114.14
ORD101022,2025-01-27,C0149,25-34,Male,Baku,Beauty,Perfume,1,93.28,5,Cash on Delivery,3,4.8,No,93.28,88.62,44.77,43.85
ORD101055,2025-01-28,C0499,35-44,Male,Baku,Fashion,Jacket,3,33.26,0,Card,2,5.0,Yes,99.78,0.0,9.878400000000001,-9.88
ORD102669,2025-01-28,C0775,45-54,Male,Ganja,Beauty,Lipstick,1,60.74,0,Card,7,4.2,No,60.74,60.74,29.16,31.58
ORD101911,2025-01-28,C0266,35-44,Female,Quba,Home & Kitchen,Storage Box,2,216.95,10,Card,2,4.2,No,433.9,390.51,269.02,121.49
ORD101215,2025-01-28,C0338,18-24,Male,Shaki,Sports,Resistance Bands,2,108.2,15,Cash on Delivery,1,4.1,No,216.4,183.94,123.35,60.59
ORD101253,2025-01-28,C0544,45-54,Female,Baku,Sports,Running Bottle,3,112.7,5,Card,6,4.3,No,338.1,321.2,192.72,128.48
ORD100069,2025-01-28,C0096,35-44,Female,Shaki,Beauty,Shampoo,2,34.55,0,Card,5,4.4,No,69.1,69.1,33.17,35.93
ORD101027,2025-01-29,C0592,25-34,Male,Shaki,Books,Language Book,4,30.19,5,Cash on Delivery,4,4.5,No,120.76,114.72,60.38,54.34
ORD102479,2025-01-29,C0881,45-54,Male,Baku,Beauty,Face Serum,2,33.83,0,Card,3,3.9,No,67.66,67.66,32.48,35.18
ORD101588,2025-01-29,C0267,18-24,Male,Baku,Beauty,Lipstick,5,94.8,10,Digital Wallet,3,4.5,No,474.0,426.6,227.52,199.08
ORD100127,2025-01-29,C0105,18-24,Female,Sumgayit,Fashion,Jeans,1,47.89,0,Cash on Delivery,4,4.1,No,47.89,47.89,26.34,21.55
ORD100217,2025-01-29,C0220,18-24,Male,Baku,Fashion,Handbag,5,83.07,5,Card,2,4.9,No,415.35,394.58,228.44,166.14
ORD102856,2025-01-29,C0852,55+,Female,Baku,Home & Kitchen,Blender,1,56.85,10,Card,2,5.0,No,56.85,51.16,35.25,15.91
ORD101571,2025-01-29,C0473,18-24,Female,Shaki,Electronics,Bluetooth Speaker,2,194.28,0,Cash on Delivery,4,3.8,No,388.56,388.56,279.76,108.8
ORD102752,2025-01-30,C0316,18-24,Female,Baku,Electronics,Power Bank,1,136.41,0,Card,2,4.7,No,136.41,136.41,98.22,38.19
ORD101096,2025-01-30,C0322,55+,Male,Baku,Books,Language Book,2,17.75,5,Card,3,4.7,No,35.5,33.72,17.75,15.97
ORD101851,2025-01-30,C0862,35-44,Male,Sumgayit,Electronics,Wireless Earbuds,1,169.01,5,Cash on Delivery,3,4.7,No,169.01,160.56,121.69,38.87
ORD100439,2025-01-30,C0342,45-54,Female,Baku,Fashion,Sneakers,1,122.23,5,Digital Wallet,4,5.0,No,122.23,116.12,67.23,48.89
ORD101256,2025-01-31,C0730,45-54,Female,Ganja,Sports,Dumbbell Set,1,17.77,0,Card,3,3.7,Yes,17.77,0.0,1.8234000000000001,-1.82
ORD101122,2025-01-31,C0756,18-24,Female,Baku,Books,Business Book,1,8.25,5,Digital Wallet,4,4.4,No,8.25,7.84,4.12,3.72
ORD100246,2025-01-31,C0493,35-44,Female,Shaki,Home & Kitchen,Storage Box,2,38.23,5,Digital Wallet,4,3.8,No,76.46,72.64,47.41,25.23
ORD100678,2025-01-31,C0711,18-24,Female,Baku,Sports,Yoga Mat,2,117.22,10,Card,1,4.7,No,234.44,211.0,133.63,77.37
ORD100431,2025-01-31,C0512,25-34,Female,Baku,Home & Kitchen,Coffee Maker,1,102.23,0,Cash on Delivery,2,5.0,No,102.23,102.23,63.38,38.85
ORD102635,2025-01-31,C0794,25-34,Female,Baku,Beauty,Shampoo,1,19.16,0,Digital Wallet,2,4.2,No,19.16,19.16,9.2,9.96
ORD100280,2025-01-31,C0668,25-34,Female,Khirdalan,Beauty,Perfume,4,15.04,10,Digital Wallet,3,4.6,No,60.16,54.14,28.88,25.26
ORD101328,2025-01-31,C0763,25-34,Female,Sumgayit,Fashion,Jacket,1,70.31,0,Cash on Delivery,4,4.7,No,70.31,70.31,38.67,31.64
ORD101361,2025-01-31,C0375,25-34,Male,Lankaran,Fashion,Jacket,3,76.45,0,Card,3,4.5,No,229.35,229.35,126.14,103.21
ORD100007,2025-02-01,C0798,25-34,Female,Baku,Home & Kitchen,Storage Box,1,151.07,0,Card,4,4.4,No,151.07,151.07,93.66,57.41
ORD100881,2025-02-01,C0347,18-24,Male,Baku,Sports,Dumbbell Set,1,19.42,0,Card,4,3.8,No,19.42,19.42,11.07,8.35
ORD102529,2025-02-01,C0765,35-44,Male,Ganja,Beauty,Body Lotion,2,73.65,0,Card,4,4.4,No,147.3,147.3,70.7,76.6
ORD102317,2025-02-01,C0844,35-44,Male,Mingachevir,Beauty,Face Serum,1,88.09,10,Cash on Delivery,4,5.0,No,88.09,79.28,42.28,37.0
ORD102865,2025-02-01,C0803,35-44,Female,Baku,Home & Kitchen,Blender,1,33.51,0,Digital Wallet,2,4.6,Yes,33.51,0.0,3.7404,-3.74
ORD100196,2025-02-01,C0655,18-24,Male,Ganja,Beauty,Face Serum,1,45.33,0,Cash on Delivery,2,4.1,No,45.33,45.33,21.76,23.57
ORD102366,2025-02-01,C0839,35-44,Female,Ganja,Fashion,T-shirt,4,137.73,10,Card,2,4.0,No,550.92,495.83,303.01,192.82
ORD100753,2025-02-01,C0423,35-44,Male,Baku,Fashion,Handbag,1,112.84,5,Card,4,4.1,No,112.84,107.2,62.06,45.14
ORD100695,2025-02-02,C0196,45-54,Male,Baku,Home & Kitchen,Coffee Maker,1,111.25,5,Digital Wallet,5,3.9,No,111.25,105.69,68.97,36.72
ORD102854,2025-02-02,C0849,45-54,Female,Baku,Electronics,Keyboard,3,181.38,0,Card,4,3.8,No,544.14,544.14,391.78,152.36
ORD100728,2025-02-02,C0313,25-34,Male,Mingachevir,Electronics,Bluetooth Speaker,1,102.41,10,Cash on Delivery,4,3.6,No,102.41,92.17,73.74,18.43
ORD100001,2025-02-02,C0171,25-34,Female,Baku,Home & Kitchen,Desk Lamp,3,111.1,5,Card,3,3.8,No,333.3,316.64,206.65,109.99
ORD101531,2025-02-02,C0012,45-54,Female,Khirdalan,Sports,Dumbbell Set,2,25.09,10,Card,2,4.9,No,50.18,45.16,28.6,16.56
ORD100172,2025-02-02,C0697,25-34,Female,Sumgayit,Home & Kitchen,Storage Box,2,104.95,15,Cash on Delivery,4,3.2,No,209.9,178.42,130.14,48.28
ORD101721,2025-02-02,C0619,45-54,Male,Baku,Fashion,Jacket,1,41.93,5,Card,3,4.4,No,41.93,39.83,23.06,16.77
ORD101931,2025-02-02,C0804,25-34,Female,Ganja,Beauty,Perfume,1,35.16,15,Digital Wallet,4,3.9,Yes,35.16,0.0,3.0383999999999998,-3.04
ORD101809,2025-02-02,C0410,18-24,Female,Baku,Home & Kitchen,Coffee Maker,1,209.02,10,Cash on Delivery,5,4.4,No,209.02,188.12,129.59,58.53
ORD101543,2025-02-02,C0552,35-44,Female,Sumgayit,Sports,Running Bottle,1,88.51,0,Card,1,5.0,No,88.51,88.51,50.45,38.06
ORD100133,2025-02-03,C0509,45-54,Male,Khirdalan,Home & Kitchen,Blender,1,165.02,0,Cash on Delivery,5,4.7,No,165.02,165.02,102.31,62.71
ORD100826,2025-02-03,C0021,25-34,Male,Baku,Books,Novel,1,28.66,15,Cash on Delivery,3,4.7,No,28.66,24.36,14.33,10.03
ORD102340,2025-02-03,C0325,25-34,Male,Ganja,Fashion,Jeans,1,107.49,5,Card,5,3.8,No,107.49,102.12,59.12,43.0
ORD100359,2025-02-03,C0208,25-34,Female,Sumgayit,Fashion,Handbag,2,79.97,15,Cash on Delivery,3,4.9,No,159.94,135.95,87.97,47.98
ORD102033,2025-02-03,C0474,45-54,Male,Shaki,Beauty,Lipstick,5,57.99,0,Card,5,4.1,No,289.95,289.95,139.18,150.77
ORD102082,2025-02-03,C0186,45-54,Male,Baku,Sports,Resistance Bands,2,84.6,0,Card,7,4.4,No,169.2,169.2,96.44,72.76
ORD101633,2025-02-03,C0103,25-34,Female,Shaki,Electronics,Power Bank,5,252.3,20,Card,2,4.9,No,1261.5,1009.2,908.28,100.92
ORD100033,2025-02-03,C0636,25-34,Male,Shaki,Beauty,Lipstick,1,20.58,10,Card,7,3.9,No,20.58,18.52,9.88,8.64
ORD100910,2025-02-03,C0747,35-44,Female,Baku,Books,Novel,3,21.7,0,Card,4,3.6,No,65.1,65.1,32.55,32.55
ORD102912,2025-02-03,C0015,35-44,Male,Baku,Electronics,Bluetooth Speaker,3,157.68,5,Cash on Delivery,2,5.0,No,473.04,449.39,340.59,108.8
ORD102594,2025-02-04,C0096,18-24,Female,Baku,Electronics,Power Bank,2,146.84,15,Card,1,4.3,No,293.68,249.63,211.45,38.18
ORD100581,2025-02-04,C0175,25-34,Male,Baku,Fashion,Jacket,2,118.13,0,Card,2,4.3,No,236.26,236.26,129.94,106.32
ORD100951,2025-02-04,C0563,35-44,Male,Ganja,Home & Kitchen,Desk Lamp,1,139.08,5,Card,1,5.0,No,139.08,132.13,86.23,45.9
ORD102266,2025-02-04,C0815,45-54,Male,Quba,Sports,Football,1,125.82,10,Card,4,4.4,No,125.82,113.24,71.72,41.52
ORD102453,2025-02-04,C0222,25-34,Male,Shaki,Books,Psychology Book,1,13.66,0,Digital Wallet,3,4.8,No,13.66,13.66,6.83,6.83
ORD100243,2025-02-04,C0349,35-44,Male,Baku,Electronics,Bluetooth Speaker,1,44.12,5,Card,3,4.7,No,44.12,41.91,31.77,10.14
ORD100977,2025-02-04,C0486,35-44,Male,Baku,Electronics,Smart Watch,2,236.07,10,Card,4,4.1,No,472.14,424.93,339.94,84.99
ORD100791,2025-02-04,C0636,45-54,Male,Khirdalan,Books,Novel,1,21.87,10,Cash on Delivery,4,4.4,No,21.87,19.68,10.94,8.74
ORD101690,2025-02-04,C0204,18-24,Male,Baku,Fashion,Sneakers,5,62.97,0,Cash on Delivery,6,3.0,No,314.85,314.85,173.17,141.68
ORD102816,2025-02-04,C0393,35-44,Male,Baku,Home & Kitchen,Storage Box,2,82.65,5,Card,2,4.6,No,165.3,157.04,102.49,54.55
ORD100700,2025-02-04,C0458,18-24,Male,Baku,Home & Kitchen,Storage Box,1,131.33,5,Card,3,3.6,Yes,131.33,0.0,14.6556,-14.66
ORD100010,2025-02-04,C0282,25-34,Male,Baku,Home & Kitchen,Coffee Maker,1,191.45,5,Card,5,4.3,No,191.45,181.88,118.7,63.18
ORD100674,2025-02-04,C0378,25-34,Male,Baku,Electronics,Wireless Earbuds,1,141.6,10,Card,3,4.1,No,141.6,127.44,101.95,25.49
ORD100376,2025-02-04,C0419,25-34,Female,Sumgayit,Sports,Football,1,36.13,0,Card,4,4.2,No,36.13,36.13,20.59,15.54
ORD102306,2025-02-05,C0208,18-24,Male,Mingachevir,Electronics,Power Bank,2,64.26,5,Digital Wallet,4,5.0,No,128.52,122.09,92.53,29.56
ORD102742,2025-02-05,C0291,25-34,Male,Sumgayit,Sports,Running Bottle,1,89.89,5,Cash on Delivery,3,4.3,No,89.89,85.4,51.24,34.16
ORD100087,2025-02-05,C0487,25-34,Female,Baku,Fashion,Handbag,1,77.98,10,Card,4,4.3,No,77.98,70.18,42.89,27.29
ORD101842,2025-02-05,C0511,25-34,Female,Khirdalan,Sports,Dumbbell Set,2,43.72,5,Card,3,4.9,No,87.44,83.07,49.84,33.23
ORD100218,2025-02-05,C0254,18-24,Male,Baku,Home & Kitchen,Coffee Maker,5,159.12,0,Cash on Delivery,2,4.1,No,795.6,795.6,493.27,302.33
ORD101788,2025-02-06,C0368,35-44,Male,Sumgayit,Beauty,Shampoo,1,81.96,0,Card,3,4.8,No,81.96,81.96,39.34,42.62
ORD102502,2025-02-06,C0635,18-24,Female,Sumgayit,Fashion,T-shirt,1,112.87,15,Digital Wallet,5,4.0,No,112.87,95.94,62.08,33.86
ORD100588,2025-02-06,C0819,25-34,Female,Khirdalan,Fashion,Jeans,1,135.94,5,Card,2,3.9,No,135.94,129.14,74.77,54.37
ORD102472,2025-02-06,C0393,35-44,Male,Baku,Electronics,Keyboard,1,231.46,0,Card,5,4.5,No,231.46,231.46,166.65,64.81
ORD100891,2025-02-06,C0279,25-34,Male,Baku,Home & Kitchen,Desk Lamp,2,144.47,10,Card,3,4.2,No,288.94,260.05,179.14,80.91
ORD101880,2025-02-06,C0104,25-34,Female,Baku,Books,Business Book,2,43.09,0,Cash on Delivery,3,4.3,Yes,86.18,0.0,7.756200000000001,-7.76
ORD102957,2025-02-06,C0092,35-44,Female,Baku,Electronics,Keyboard,2,199.93,0,Cash on Delivery,2,3.8,No,399.86,399.86,287.9,111.96
ORD102321,2025-02-06,C0791,25-34,Male,Baku,Sports,Running Bottle,1,16.31,5,Card,3,4.3,Yes,16.31,0.0,1.6740000000000002,-1.67
ORD102682,2025-02-06,C0740,35-44,Male,Sumgayit,Electronics,Smart Watch,1,184.01,10,Card,4,4.2,Yes,184.01,0.0,23.848200000000002,-23.85
ORD101738,2025-02-06,C0439,25-34,Male,Ganja,Fashion,Jeans,1,71.72,5,Digital Wallet,1,4.7,No,71.72,68.13,39.45,28.68
ORD100580,2025-02-07,C0491,45-54,Female,Mingachevir,Electronics,Bluetooth Speaker,1,270.17,5,Card,3,3.9,No,270.17,256.66,194.52,62.14
ORD100258,2025-02-07,C0269,25-34,Female,Baku,Books,Business Book,3,12.1,0,Card,3,4.8,No,36.3,36.3,18.15,18.15
ORD101289,2025-02-07,C0877,35-44,Female,Ganja,Books,Novel,1,29.25,5,Card,3,4.3,No,29.25,27.79,14.62,13.17
ORD101359,2025-02-07,C0395,18-24,Female,Baku,Home & Kitchen,Blender,2,75.23,5,Card,4,3.8,No,150.46,142.94,93.29,49.65
ORD101450,2025-02-07,C0720,18-24,Female,Sumgayit,Sports,Football,1,69.72,0,Card,4,4.0,No,69.72,69.72,39.74,29.98
ORD102515,2025-02-07,C0102,18-24,Female,Khirdalan,Beauty,Lipstick,1,43.49,5,Cash on Delivery,1,4.3,No,43.49,41.32,20.88,20.44
ORD102623,2025-02-07,C0049,35-44,Male,Ganja,Books,Psychology Book,1,15.26,20,Cash on Delivery,5,4.2,No,15.26,12.21,7.63,4.58
ORD102423,2025-02-07,C0774,25-34,Female,Khirdalan,Fashion,Jeans,2,98.01,5,Card,5,3.4,No,196.02,186.22,107.81,78.41
ORD102556,2025-02-07,C0423,18-24,Male,Baku,Sports,Football,1,29.18,10,Card,3,4.5,No,29.18,26.26,16.63,9.63
ORD101436,2025-02-07,C0643,45-54,Female,Baku,Beauty,Face Serum,5,46.9,5,Cash on Delivery,3,3.6,No,234.5,222.77,112.56,110.21
ORD100818,2025-02-08,C0884,25-34,Female,Baku,Sports,Running Bottle,1,34.43,15,Card,3,4.3,No,34.43,29.27,19.63,9.64
ORD101730,2025-02-08,C0143,25-34,Female,Baku,Beauty,Body Lotion,3,22.92,15,Cash on Delivery,5,3.8,No,68.76,58.45,33.0,25.45
ORD102177,2025-02-08,C0063,35-44,Male,Mingachevir,Fashion,Jacket,1,94.31,5,Cash on Delivery,3,5.0,No,94.31,89.59,51.87,37.72
ORD102265,2025-02-08,C0398,25-34,Female,Baku,Electronics,Keyboard,1,198.15,10,Cash on Delivery,1,4.8,No,198.15,178.34,142.67,35.67
ORD101855,2025-02-08,C0771,25-34,Female,Baku,Beauty,Perfume,3,32.21,0,Cash on Delivery,2,4.1,No,96.63,96.63,46.38,50.25
ORD101827,2025-02-08,C0386,18-24,Male,Ganja,Fashion,Jacket,2,114.41,0,Cash on Delivery,3,4.4,No,228.82,228.82,125.85,102.97
ORD100460,2025-02-08,C0732,35-44,Female,Ganja,Home & Kitchen,Desk Lamp,5,162.57,0,Card,3,4.7,No,812.85,812.85,503.97,308.88
ORD102475,2025-02-08,C0113,35-44,Male,Baku,Electronics,Keyboard,1,104.34,5,Card,3,4.3,No,104.34,99.12,75.12,24.0
ORD100583,2025-02-08,C0468,35-44,Female,Quba,Home & Kitchen,Blender,1,169.87,10,Cash on Delivery,3,4.2,Yes,169.87,0.0,18.9576,-18.96
ORD102615,2025-02-08,C0253,45-54,Female,Mingachevir,Sports,Running Bottle,3,25.58,10,Card,4,5.0,No,76.74,69.07,43.74,25.33
ORD100171,2025-02-08,C0459,18-24,Male,Ganja,Fashion,Jacket,1,137.68,5,Card,4,3.9,No,137.68,130.8,75.72,55.08
ORD101166,2025-02-08,C0786,25-34,Female,Ganja,Sports,Football,4,61.26,10,Card,3,4.0,No,245.04,220.54,139.67,80.87
ORD100516,2025-02-08,C0700,35-44,Female,Khirdalan,Beauty,Body Lotion,4,49.9,10,Card,3,5.0,No,199.6,179.64,95.81,83.83
ORD102504,2025-02-09,C0794,35-44,Female,Khirdalan,Fashion,Sneakers,2,91.05,15,Card,1,5.0,No,182.1,154.78,100.16,54.62
ORD100322,2025-02-09,C0167,35-44,Male,Baku,Beauty,Lipstick,1,42.17,5,Cash on Delivery,3,4.8,No,42.17,40.06,20.24,19.82
ORD101272,2025-02-09,C0391,25-34,Female,Baku,Sports,Football,3,120.37,10,Digital Wallet,6,3.4,No,361.11,325.0,205.83,119.17
ORD101227,2025-02-09,C0108,45-54,Male,Shaki,Sports,Dumbbell Set,2,15.17,10,Digital Wallet,3,4.2,Yes,30.34,0.0,3.1121999999999996,-3.11
ORD100480,2025-02-09,C0452,18-24,Female,Baku,Fashion,Handbag,2,60.42,5,Card,3,4.6,No,120.84,114.8,66.46,48.34
ORD100310,2025-02-09,C0297,25-34,Female,Baku,Electronics,Power Bank,2,208.81,5,Card,1,4.7,No,417.62,396.74,300.69,96.05
ORD102946,2025-02-09,C0525,45-54,Male,Mingachevir,Beauty,Shampoo,2,69.11,5,Cash on Delivery,5,4.7,No,138.22,131.31,66.35,64.96
ORD101484,2025-02-10,C0371,35-44,Female,Mingachevir,Home & Kitchen,Cookware Set,2,173.76,0,Card,4,3.7,No,347.52,347.52,215.46,132.06
ORD100808,2025-02-10,C0747,45-54,Male,Baku,Beauty,Body Lotion,1,90.75,15,Card,2,3.7,No,90.75,77.14,43.56,33.58
ORD101816,2025-02-10,C0131,35-44,Female,Shaki,Electronics,Wireless Earbuds,1,113.0,20,Cash on Delivery,4,4.2,No,113.0,90.4,81.36,9.04
ORD101466,2025-02-10,C0826,25-34,Female,Baku,Beauty,Shampoo,3,10.3,0,Cash on Delivery,2,5.0,No,30.9,30.9,14.83,16.07
ORD102911,2025-02-10,C0371,25-34,Male,Ganja,Fashion,Sneakers,3,62.96,0,Cash on Delivery,2,4.8,No,188.88,188.88,103.88,85.0
ORD101867,2025-02-10,C0033,25-34,Female,Sumgayit,Home & Kitchen,Cookware Set,1,23.46,10,Card,4,4.1,No,23.46,21.11,14.55,6.56
ORD101489,2025-02-10,C0376,45-54,Female,Baku,Electronics,Keyboard,5,74.38,5,Card,2,4.5,No,371.9,353.3,267.77,85.53
ORD102244,2025-02-10,C0890,35-44,Female,Khirdalan,Beauty,Perfume,2,40.99,0,Cash on Delivery,3,4.3,No,81.98,81.98,39.35,42.63
ORD101538,2025-02-10,C0643,35-44,Male,Baku,Electronics,Keyboard,2,236.55,15,Digital Wallet,4,4.2,No,473.1,402.14,340.63,61.51
ORD100501,2025-02-11,C0016,35-44,Female,Baku,Sports,Resistance Bands,2,119.95,10,Cash on Delivery,4,4.8,No,239.9,215.91,136.74,79.17
ORD101579,2025-02-11,C0358,25-34,Male,Baku,Home & Kitchen,Desk Lamp,1,23.63,15,Card,5,3.0,No,23.63,20.09,14.65,5.44
ORD100120,2025-02-11,C0327,25-34,Male,Sumgayit,Electronics,Bluetooth Speaker,3,35.1,0,Card,1,4.5,No,105.3,105.3,75.82,29.48
ORD100873,2025-02-11,C0647,25-34,Female,Baku,Fashion,Handbag,2,71.42,0,Card,1,4.2,No,142.84,142.84,78.56,64.28
ORD102853,2025-02-11,C0679,45-54,Male,Baku,Home & Kitchen,Desk Lamp,1,47.08,10,Card,1,4.0,Yes,47.08,0.0,5.2542,-5.25
ORD101216,2025-02-11,C0109,55+,Male,Baku,Fashion,Sneakers,2,26.33,0,Cash on Delivery,4,5.0,No,52.66,52.66,28.96,23.7
ORD102723,2025-02-11,C0052,35-44,Male,Sumgayit,Fashion,Jacket,2,106.81,10,Cash on Delivery,2,4.9,No,213.62,192.26,117.49,74.77
ORD101321,2025-02-11,C0479,35-44,Female,Ganja,Fashion,Jeans,2,23.79,0,Cash on Delivery,4,4.2,Yes,47.58,0.0,4.7106,-4.71
ORD102681,2025-02-12,C0133,18-24,Female,Sumgayit,Home & Kitchen,Cookware Set,1,47.15,15,Digital Wallet,2,4.8,No,47.15,40.08,29.23,10.85
ORD102506,2025-02-12,C0530,55+,Female,Ganja,Electronics,Bluetooth Speaker,1,103.44,10,Cash on Delivery,3,4.0,No,103.44,93.1,74.48,18.62
ORD100538,2025-02-12,C0751,25-34,Female,Sumgayit,Electronics,Smart Watch,1,178.83,5,Card,4,4.7,No,178.83,169.89,128.76,41.13
ORD101020,2025-02-12,C0740,25-34,Female,Ganja,Fashion,Jacket,2,85.51,0,Digital Wallet,2,4.7,No,171.02,171.02,94.06,76.96
ORD100365,2025-02-12,C0048,25-34,Male,Baku,Home & Kitchen,Cookware Set,2,193.84,20,Cash on Delivery,2,3.8,No,387.68,310.14,240.36,69.78
ORD102215,2025-02-12,C0530,25-34,Male,Khirdalan,Sports,Football,1,39.98,0,Card,5,4.4,No,39.98,39.98,22.79,17.19
ORD102786,2025-02-12,C0891,18-24,Female,Khirdalan,Electronics,Power Bank,1,91.62,5,Card,3,3.9,No,91.62,87.04,65.97,21.07
ORD102214,2025-02-12,C0610,55+,Female,Baku,Home & Kitchen,Coffee Maker,1,141.43,0,Digital Wallet,5,3.7,No,141.43,141.43,87.69,53.74
ORD100726,2025-02-12,C0101,45-54,Female,Baku,Fashion,Sneakers,2,65.51,0,Card,1,4.2,No,131.02,131.02,72.06,58.96
ORD101157,2025-02-13,C0773,25-34,Male,Baku,Fashion,T-shirt,1,122.41,5,Card,5,4.1,No,122.41,116.29,67.33,48.96
ORD102364,2025-02-13,C0517,25-34,Male,Baku,Fashion,Sneakers,1,63.49,5,Card,2,5.0,No,63.49,60.32,34.92,25.4
ORD100497,2025-02-13,C0100,45-54,Female,Baku,Fashion,Sneakers,1,71.92,5,Cash on Delivery,3,4.0,Yes,71.92,0.0,7.1208,-7.12
ORD101946,2025-02-13,C0440,35-44,Female,Baku,Fashion,Jeans,4,48.61,10,Cash on Delivery,2,5.0,No,194.44,175.0,106.94,68.06
ORD100946,2025-02-13,C0505,35-44,Female,Baku,Beauty,Perfume,1,75.78,5,Card,4,4.3,No,75.78,71.99,36.37,35.62
ORD101050,2025-02-13,C0437,35-44,Male,Ganja,Fashion,Handbag,2,53.59,0,Cash on Delivery,4,3.6,No,107.18,107.18,58.95,48.23
ORD102269,2025-02-13,C0222,35-44,Female,Shaki,Home & Kitchen,Blender,1,166.24,10,Cash on Delivery,3,4.9,No,166.24,149.62,103.07,46.55
ORD100778,2025-02-13,C0533,35-44,Female,Khirdalan,Fashion,Sneakers,2,84.85,0,Digital Wallet,4,4.5,No,169.7,169.7,93.34,76.36
ORD101343,2025-02-13,C0623,18-24,Female,Baku,Beauty,Body Lotion,1,84.62,0,Card,5,4.0,No,84.62,84.62,40.62,44.0
ORD100198,2025-02-13,C0782,18-24,Male,Baku,Sports,Dumbbell Set,1,29.55,0,Card,2,4.5,No,29.55,29.55,16.84,12.71
ORD100313,2025-02-13,C0885,25-34,Female,Baku,Home & Kitchen,Desk Lamp,1,210.41,0,Card,4,4.4,No,210.41,210.41,130.45,79.96
ORD102700,2025-02-13,C0311,25-34,Female,Sumgayit,Electronics,Bluetooth Speaker,3,62.66,5,Card,4,4.5,No,187.98,178.58,135.35,43.23
ORD100863,2025-02-13,C0564,25-34,Female,Ganja,Beauty,Body Lotion,1,17.24,0,Card,1,4.7,No,17.24,17.24,8.28,8.96
ORD100724,2025-02-13,C0399,18-24,Female,Baku,Electronics,Keyboard,1,66.68,20,Cash on Delivery,3,4.7,No,66.68,53.34,48.01,5.33
ORD102510,2025-02-14,C0642,25-34,Female,Shaki,Home & Kitchen,Coffee Maker,1,192.03,15,Card,3,4.3,No,192.03,163.23,119.06,44.17
ORD100783,2025-02-14,C0527,45-54,Male,Baku,Fashion,Jeans,2,93.27,5,Card,3,5.0,No,186.54,177.21,102.6,74.61
ORD100386,2025-02-14,C0187,45-54,Female,Baku,Fashion,Handbag,1,125.04,5,Cash on Delivery,4,4.5,No,125.04,118.79,68.77,50.02
ORD101619,2025-02-14,C0219,55+,Female,Baku,Fashion,Jeans,4,106.6,0,Cash on Delivery,1,4.4,No,426.4,426.4,234.52,191.88
ORD100784,2025-02-14,C0700,25-34,Female,Baku,Home & Kitchen,Cookware Set,1,32.17,5,Card,1,4.4,No,32.17,30.56,19.95,10.61
ORD101876,2025-02-14,C0622,35-44,Female,Baku,Beauty,Perfume,2,20.51,0,Card,6,3.6,No,41.02,41.02,19.69,21.33
ORD100418,2025-02-14,C0898,25-34,Female,Khirdalan,Home & Kitchen,Coffee Maker,2,60.58,0,Cash on Delivery,5,4.1,No,121.16,121.16,75.12,46.04
ORD101605,2025-02-15,C0316,35-44,Male,Baku,Home & Kitchen,Storage Box,1,199.46,0,Cash on Delivery,6,4.2,No,199.46,199.46,123.67,75.79
ORD101238,2025-02-15,C0819,45-54,Female,Mingachevir,Beauty,Face Serum,1,63.21,10,Card,3,4.8,No,63.21,56.89,30.34,26.55
ORD102923,2025-02-15,C0818,18-24,Male,Baku,Home & Kitchen,Coffee Maker,2,21.4,5,Digital Wallet,5,4.4,No,42.8,40.66,26.54,14.12
ORD100874,2025-02-15,C0483,18-24,Female,Sumgayit,Fashion,Sneakers,1,60.72,10,Cash on Delivery,4,3.4,Yes,60.72,0.0,6.012,-6.01
ORD101610,2025-02-15,C0278,35-44,Female,Baku,Books,Business Book,2,41.17,0,Digital Wallet,2,4.8,No,82.34,82.34,41.17,41.17
ORD101928,2025-02-15,C0871,35-44,Male,Sumgayit,Sports,Running Bottle,3,63.96,0,Card,4,4.6,No,191.88,191.88,109.37,82.51
ORD102080,2025-02-15,C0772,25-34,Female,Sumgayit,Electronics,Wireless Earbuds,2,277.32,5,Card,4,3.1,No,554.64,526.91,399.34,127.57
ORD100436,2025-02-15,C0851,25-34,Female,Baku,Electronics,Power Bank,1,130.19,5,Card,5,4.0,Yes,130.19,0.0,16.873199999999997,-16.87
ORD102819,2025-02-16,C0075,25-34,Male,Baku,Sports,Running Bottle,1,103.54,5,Card,2,4.5,No,103.54,98.36,59.02,39.34
ORD101005,2025-02-16,C0558,25-34,Female,Baku,Fashion,Sneakers,1,126.6,5,Card,5,4.7,No,126.6,120.27,69.63,50.64
ORD102697,2025-02-16,C0469,25-34,Male,Shaki,Electronics,Bluetooth Speaker,2,71.68,0,Card,3,4.7,Yes,143.36,0.0,18.5796,-18.58
ORD102550,2025-02-16,C0812,45-54,Female,Baku,Home & Kitchen,Cookware Set,2,152.33,0,Card,2,4.8,No,304.66,304.66,188.89,115.77
ORD100157,2025-02-16,C0584,45-54,Male,Baku,Fashion,Jeans,1,73.06,15,Card,4,4.1,No,73.06,62.1,40.18,21.92
ORD100018,2025-02-16,C0244,35-44,Female,Mingachevir,Books,Psychology Book,1,38.46,15,Digital Wallet,3,3.5,No,38.46,32.69,19.23,13.46
ORD102699,2025-02-16,C0880,25-34,Female,Baku,Electronics,Keyboard,3,75.5,5,Cash on Delivery,3,4.3,No,226.5,215.18,163.08,52.1
ORD102823,2025-02-16,C0881,35-44,Female,Baku,Home & Kitchen,Desk Lamp,2,148.01,5,Card,4,3.8,No,296.02,281.22,183.53,97.69
ORD100759,2025-02-16,C0335,25-34,Female,Baku,Electronics,Keyboard,1,136.35,5,Cash on Delivery,2,4.2,No,136.35,129.53,98.17,31.36
ORD101630,2025-02-16,C0582,18-24,Male,Sumgayit,Books,Novel,2,39.02,5,Card,2,4.5,No,78.04,74.14,39.02,35.12
ORD101805,2025-02-16,C0253,25-34,Male,Baku,Home & Kitchen,Storage Box,1,64.56,5,Card,3,4.8,No,64.56,61.33,40.03,21.3
ORD102909,2025-02-16,C0399,45-54,Male,Baku,Sports,Football,1,64.26,5,Cash on Delivery,6,5.0,No,64.26,61.05,36.63,24.42
ORD102830,2025-02-16,C0789,25-34,Male,Khirdalan,Books,Novel,1,43.16,15,Card,5,4.6,No,43.16,36.69,21.58,15.11
ORD100221,2025-02-16,C0122,35-44,Female,Ganja,Electronics,Wireless Earbuds,5,143.94,10,Card,1,4.3,No,719.7,647.73,518.18,129.55
ORD100434,2025-02-17,C0481,35-44,Female,Baku,Sports,Dumbbell Set,1,120.17,20,Cash on Delivery,2,4.6,No,120.17,96.14,68.5,27.64
ORD102085,2025-02-17,C0204,35-44,Male,Lankaran,Books,Business Book,1,12.66,10,Digital Wallet,5,4.3,No,12.66,11.39,6.33,5.06
ORD101776,2025-02-17,C0350,35-44,Male,Ganja,Sports,Yoga Mat,1,62.46,5,Digital Wallet,6,4.0,No,62.46,59.34,35.6,23.74
ORD102104,2025-02-17,C0376,45-54,Female,Baku,Fashion,T-shirt,2,106.54,20,Digital Wallet,6,3.7,No,213.08,170.46,117.19,53.27
ORD100945,2025-02-17,C0208,25-34,Female,Sumgayit,Beauty,Face Serum,1,42.52,5,Card,2,5.0,No,42.52,40.39,20.41,19.98
ORD100705,2025-02-17,C0711,45-54,Female,Baku,Fashion,T-shirt,1,73.94,5,Cash on Delivery,5,4.1,No,73.94,70.24,40.67,29.57
ORD102006,2025-02-17,C0223,25-34,Male,Sumgayit,Beauty,Face Serum,1,69.7,15,Card,2,4.5,No,69.7,59.24,33.46,25.78
ORD100074,2025-02-17,C0439,35-44,Male,Ganja,Sports,Running Bottle,2,33.59,0,Cash on Delivery,4,3.9,No,67.18,67.18,38.29,28.89
ORD101926,2025-02-18,C0752,25-34,Female,Khirdalan,Beauty,Face Serum,1,26.47,5,Digital Wallet,2,4.3,No,26.47,25.15,12.71,12.44
ORD100414,2025-02-18,C0657,25-34,Female,Baku,Beauty,Face Serum,4,90.48,20,Cash on Delivery,3,4.2,No,361.92,289.54,173.72,115.82
ORD102761,2025-02-18,C0224,55+,Male,Baku,Books,Novel,1,30.03,5,Cash on Delivery,2,4.0,No,30.03,28.53,15.02,13.51
ORD100443,2025-02-18,C0555,18-24,Female,Baku,Fashion,T-shirt,2,120.23,5,Cash on Delivery,3,3.9,No,240.46,228.44,132.25,96.19
ORD100670,2025-02-18,C0680,35-44,Female,Baku,Beauty,Perfume,3,81.81,15,Card,4,3.9,No,245.43,208.62,117.81,90.81
ORD101895,2025-02-18,C0091,35-44,Male,Baku,Home & Kitchen,Desk Lamp,2,96.69,0,Card,6,3.8,No,193.38,193.38,119.9,73.48
ORD102431,2025-02-18,C0293,18-24,Female,Ganja,Beauty,Shampoo,1,10.67,0,Card,2,4.4,No,10.67,10.67,5.12,5.55
ORD101645,2025-02-18,C0369,25-34,Male,Khirdalan,Sports,Resistance Bands,2,93.92,0,Cash on Delivery,1,4.6,No,187.84,187.84,107.07,80.77
ORD100948,2025-02-18,C0196,25-34,Female,Baku,Fashion,Jeans,1,105.14,5,Card,2,4.3,No,105.14,99.88,57.83,42.05
ORD100823,2025-02-19,C0452,55+,Female,Quba,Fashion,Sneakers,1,77.77,0,Card,2,4.6,No,77.77,77.77,42.77,35.0
ORD101819,2025-02-19,C0176,25-34,Female,Quba,Electronics,Power Bank,1,273.34,0,Digital Wallet,1,4.7,No,273.34,273.34,196.8,76.54
ORD102727,2025-02-19,C0206,25-34,Female,Quba,Home & Kitchen,Storage Box,1,218.05,5,Card,3,4.0,No,218.05,207.15,135.19,71.96
ORD101342,2025-02-19,C0468,35-44,Female,Mingachevir,Beauty,Lipstick,5,34.23,0,Cash on Delivery,5,4.1,No,171.15,171.15,82.15,89.0
ORD101358,2025-02-19,C0199,45-54,Female,Baku,Beauty,Shampoo,2,22.01,0,Card,4,4.4,No,44.02,44.02,21.13,22.89
ORD102480,2025-02-19,C0316,35-44,Female,Baku,Home & Kitchen,Cookware Set,3,182.14,5,Cash on Delivery,6,4.4,No,546.42,519.1,338.78,180.32
ORD100604,2025-02-19,C0347,45-54,Female,Baku,Books,Novel,1,13.91,0,Card,3,4.7,No,13.91,13.91,6.96,6.95
ORD102207,2025-02-19,C0256,35-44,Male,Sumgayit,Fashion,Jacket,1,66.53,10,Digital Wallet,5,4.0,No,66.53,59.88,36.59,23.29
ORD100682,2025-02-20,C0353,25-34,Female,Baku,Books,Language Book,1,40.85,0,Card,2,4.7,No,40.85,40.85,20.42,20.43
ORD102234,2025-02-20,C0279,35-44,Female,Baku,Beauty,Shampoo,3,61.67,0,Cash on Delivery,1,3.6,Yes,185.01,0.0,15.983999999999998,-15.98
ORD101445,2025-02-20,C0683,35-44,Female,Baku,Fashion,Jeans,1,23.9,5,Card,4,4.1,No,23.9,22.7,13.14,9.56
ORD100721,2025-02-20,C0304,18-24,Male,Khirdalan,Fashion,Jeans,2,66.02,0,Digital Wallet,3,4.2,Yes,132.04,0.0,13.0716,-13.07
ORD102736,2025-02-20,C0155,35-44,Male,Mingachevir,Electronics,Bluetooth Speaker,3,102.14,0,Digital Wallet,3,4.8,Yes,306.42,0.0,39.7116,-39.71
ORD101528,2025-02-20,C0308,55+,Male,Khirdalan,Sports,Resistance Bands,2,103.01,0,Card,5,4.2,No,206.02,206.02,117.43,88.59
ORD102210,2025-02-20,C0532,35-44,Female,Shaki,Home & Kitchen,Desk Lamp,1,212.19,0,Cash on Delivery,4,3.8,No,212.19,212.19,131.56,80.63
ORD102378,2025-02-20,C0516,25-34,Male,Ganja,Books,Psychology Book,1,38.95,10,Cash on Delivery,3,4.4,No,38.95,35.06,19.48,15.58
ORD102108,2025-02-20,C0069,35-44,Female,Shaki,Fashion,T-shirt,1,120.47,0,Card,2,4.2,No,120.47,120.47,66.26,54.21
ORD101836,2025-02-20,C0837,25-34,Female,Ganja,Fashion,Jeans,1,59.18,10,Card,1,4.8,No,59.18,53.26,32.55,20.71
ORD100620,2025-02-21,C0383,25-34,Male,Baku,Fashion,Jacket,2,50.57,20,Card,1,4.1,No,101.14,80.91,55.63,25.28
ORD100769,2025-02-21,C0525,25-34,Male,Lankaran,Home & Kitchen,Storage Box,2,183.95,10,Card,1,5.0,No,367.9,331.11,228.1,103.01
ORD100462,2025-02-21,C0836,35-44,Female,Baku,Fashion,Sneakers,1,108.14,5,Card,3,3.7,No,108.14,102.73,59.48,43.25
ORD100118,2025-02-21,C0020,25-34,Male,Baku,Beauty,Face Serum,2,21.2,10,Digital Wallet,1,4.1,No,42.4,38.16,20.35,17.81
ORD100100,2025-02-21,C0087,25-34,Female,Sumgayit,Fashion,Sneakers,5,35.03,10,Card,3,4.7,Yes,175.15,0.0,17.339399999999998,-17.34
ORD100241,2025-02-21,C0585,25-34,Female,Baku,Fashion,Sneakers,1,96.09,10,Cash on Delivery,2,3.7,No,96.09,86.48,52.85,33.63
ORD100306,2025-02-21,C0833,25-34,Female,Khirdalan,Home & Kitchen,Coffee Maker,1,37.77,5,Cash on Delivery,1,4.8,No,37.77,35.88,23.42,12.46
ORD100329,2025-02-21,C0037,35-44,Female,Lankaran,Books,Data Analytics Book,1,22.91,0,Card,5,4.0,No,22.91,22.91,11.46,11.45
ORD101187,2025-02-21,C0165,35-44,Female,Lankaran,Fashion,Jacket,2,49.79,0,Cash on Delivery,2,4.4,No,99.58,99.58,54.77,44.81
ORD101090,2025-02-21,C0742,35-44,Male,Baku,Fashion,Sneakers,1,58.03,15,Card,2,4.7,No,58.03,49.33,31.92,17.41
ORD102302,2025-02-22,C0064,25-34,Male,Sumgayit,Fashion,Jeans,5,65.96,10,Card,2,5.0,No,329.8,296.82,181.39,115.43
ORD100834,2025-02-22,C0635,45-54,Female,Ganja,Electronics,Bluetooth Speaker,2,273.57,0,Cash on Delivery,4,4.0,No,547.14,547.14,393.94,153.2
ORD100408,2025-02-22,C0269,35-44,Male,Sumgayit,Electronics,Smart Watch,1,86.15,0,Card,4,3.3,No,86.15,86.15,62.03,24.12
ORD100256,2025-02-22,C0175,25-34,Female,Ganja,Beauty,Perfume,1,88.18,15,Card,4,3.9,No,88.18,74.95,42.33,32.62
ORD100528,2025-02-22,C0645,25-34,Male,Baku,Fashion,Jacket,1,21.22,0,Cash on Delivery,4,4.1,No,21.22,21.22,11.67,9.55
ORD100924,2025-02-22,C0254,25-34,Male,Ganja,Electronics,Wireless Earbuds,1,159.64,0,Cash on Delivery,1,5.0,Yes,159.64,0.0,20.6892,-20.69
ORD102519,2025-02-22,C0282,35-44,Female,Baku,Electronics,Wireless Earbuds,1,169.87,0,Card,3,4.4,No,169.87,169.87,122.31,47.56
ORD101963,2025-02-22,C0727,25-34,Female,Baku,Electronics,Wireless Earbuds,4,204.32,15,Card,4,4.2,No,817.28,694.69,588.44,106.25
ORD101063,2025-02-22,C0242,35-44,Female,Khirdalan,Home & Kitchen,Blender,3,74.67,5,Cash on Delivery,5,3.4,No,224.01,212.81,138.89,73.92
ORD101612,2025-02-22,C0687,35-44,Male,Khirdalan,Fashion,Handbag,1,108.55,5,Card,4,3.9,No,108.55,103.12,59.7,43.42
ORD101935,2025-02-23,C0059,25-34,Male,Baku,Electronics,Power Bank,1,187.6,10,Cash on Delivery,4,4.3,No,187.6,168.84,135.07,33.77
ORD100975,2025-02-23,C0693,45-54,Female,Mingachevir,Fashion,Jacket,2,86.47,0,Card,3,4.3,No,172.94,172.94,95.12,77.82
ORD100752,2025-02-23,C0216,18-24,Female,Khirdalan,Sports,Football,3,43.98,0,Cash on Delivery,4,4.0,No,131.94,131.94,75.21,56.73
ORD102330,2025-02-23,C0440,18-24,Male,Sumgayit,Home & Kitchen,Cookware Set,4,115.13,0,Card,4,4.1,No,460.52,460.52,285.52,175.0
ORD101607,2025-02-23,C0401,55+,Female,Baku,Fashion,Jacket,1,112.99,0,Digital Wallet,4,4.0,No,112.99,112.99,62.14,50.85
ORD100522,2025-02-23,C0397,45-54,Male,Baku,Electronics,Power Bank,2,144.92,5,Cash on Delivery,4,4.0,No,289.84,275.35,208.68,66.67
ORD102663,2025-02-24,C0710,45-54,Female,Khirdalan,Sports,Resistance Bands,1,129.07,10,Card,2,4.9,No,129.07,116.16,73.57,42.59
ORD101575,2025-02-24,C0386,35-44,Male,Baku,Sports,Running Bottle,3,13.03,5,Digital Wallet,4,4.4,No,39.09,37.14,22.28,14.86
ORD102891,2025-02-24,C0543,25-34,Female,Baku,Fashion,Jacket,1,113.6,20,Card,3,4.2,No,113.6,90.88,62.48,28.4
ORD100938,2025-02-24,C0889,35-44,Female,Baku,Home & Kitchen,Coffee Maker,1,132.69,0,Card,3,4.0,Yes,132.69,0.0,14.808599999999998,-14.81
ORD101698,2025-02-24,C0090,35-44,Female,Ganja,Electronics,Bluetooth Speaker,2,238.41,0,Card,3,4.4,No,476.82,476.82,343.31,133.51
ORD101524,2025-02-24,C0804,35-44,Female,Baku,Beauty,Shampoo,1,24.18,0,Card,3,4.2,No,24.18,24.18,11.61,12.57
ORD100457,2025-02-24,C0611,45-54,Male,Ganja,Beauty,Face Serum,1,50.12,0,Cash on Delivery,3,4.6,No,50.12,50.12,24.06,26.06
ORD101104,2025-02-24,C0841,35-44,Male,Baku,Home & Kitchen,Desk Lamp,2,32.46,10,Card,2,4.5,No,64.92,58.43,40.25,18.18
ORD102063,2025-02-24,C0105,35-44,Male,Khirdalan,Books,Data Analytics Book,1,28.13,10,Cash on Delivery,3,4.4,No,28.13,25.32,14.06,11.26
ORD102889,2025-02-24,C0046,25-34,Male,Sumgayit,Home & Kitchen,Blender,2,175.38,15,Cash on Delivery,3,4.6,No,350.76,298.15,217.47,80.68
ORD101677,2025-02-24,C0825,35-44,Female,Quba,Sports,Dumbbell Set,1,43.31,5,Cash on Delivery,5,3.7,No,43.31,41.14,24.69,16.45
ORD101970,2025-02-25,C0471,18-24,Female,Baku,Books,Language Book,1,9.58,10,Card,1,4.4,No,9.58,8.62,4.79,3.83
ORD100357,2025-02-25,C0238,35-44,Male,Sumgayit,Fashion,Handbag,5,58.04,15,Card,4,4.9,No,290.2,246.67,159.61,87.06
ORD102008,2025-02-25,C0593,25-34,Female,Quba,Sports,Running Bottle,2,108.21,20,Card,5,4.2,No,216.42,173.14,123.36,49.78
ORD100182,2025-02-25,C0142,25-34,Female,Khirdalan,Sports,Dumbbell Set,1,74.28,10,Cash on Delivery,4,4.5,No,74.28,66.85,42.34,24.51
ORD100273,2025-02-25,C0655,35-44,Male,Lankaran,Home & Kitchen,Blender,4,138.74,0,Card,3,4.0,Yes,554.96,0.0,61.9344,-61.93
ORD102639,2025-02-25,C0838,45-54,Female,Khirdalan,Home & Kitchen,Cookware Set,3,127.42,0,Digital Wallet,1,4.2,No,382.26,382.26,237.0,145.26
ORD102013,2025-02-25,C0819,25-34,Female,Mingachevir,Books,Business Book,2,33.04,10,Digital Wallet,5,3.9,Yes,66.08,0.0,5.9472,-5.95
ORD101481,2025-02-25,C0452,25-34,Female,Baku,Home & Kitchen,Cookware Set,5,120.58,0,Cash on Delivery,4,4.5,No,602.9,602.9,373.8,229.1
ORD100390,2025-02-25,C0514,45-54,Female,Mingachevir,Beauty,Perfume,1,27.14,10,Card,5,4.8,No,27.14,24.43,13.03,11.4
ORD102792,2025-02-26,C0149,18-24,Male,Khirdalan,Electronics,Bluetooth Speaker,2,244.49,10,Card,3,3.8,No,488.98,440.08,352.07,88.01
ORD100961,2025-02-26,C0023,55+,Female,Baku,Sports,Yoga Mat,1,54.1,0,Cash on Delivery,3,4.7,No,54.1,54.1,30.84,23.26
ORD100058,2025-02-26,C0848,45-54,Female,Ganja,Beauty,Perfume,5,58.49,15,Cash on Delivery,5,4.0,No,292.45,248.58,140.38,108.2
ORD100533,2025-02-26,C0328,25-34,Female,Baku,Fashion,Jacket,4,103.97,5,Card,6,4.5,No,415.88,395.09,228.73,166.36
ORD100536,2025-02-26,C0806,35-44,Male,Baku,Sports,Football,1,32.25,20,Card,3,4.1,No,32.25,25.8,18.38,7.42
ORD101229,2025-02-26,C0750,25-34,Female,Baku,Fashion,T-shirt,1,41.41,0,Card,1,4.9,No,41.41,41.41,22.78,18.63
ORD102308,2025-02-26,C0834,35-44,Male,Shaki,Home & Kitchen,Cookware Set,3,153.47,20,Digital Wallet,2,3.9,No,460.41,368.33,285.45,82.88
ORD100884,2025-02-26,C0264,35-44,Male,Sumgayit,Electronics,Wireless Earbuds,1,231.45,15,Cash on Delivery,4,4.6,No,231.45,196.73,166.64,30.09
ORD101046,2025-02-26,C0479,35-44,Female,Shaki,Fashion,Jeans,1,135.41,10,Cash on Delivery,5,4.4,No,135.41,121.87,74.48,47.39
ORD101537,2025-02-26,C0504,18-24,Female,Sumgayit,Home & Kitchen,Coffee Maker,2,121.5,10,Card,2,4.4,No,243.0,218.7,150.66,68.04
ORD102249,2025-02-26,C0480,25-34,Male,Quba,Fashion,Jeans,1,65.73,0,Card,6,4.0,No,65.73,65.73,36.15,29.58
ORD102222,2025-02-26,C0827,18-24,Female,Baku,Beauty,Face Serum,2,76.61,0,Card,4,4.1,No,153.22,153.22,73.55,79.67
ORD101406,2025-02-26,C0351,25-34,Female,Ganja,Home & Kitchen,Coffee Maker,1,22.74,5,Card,3,4.3,No,22.74,21.6,14.1,7.5
ORD102886,2025-02-26,C0805,45-54,Male,Ganja,Books,Business Book,1,13.66,10,Card,5,4.2,No,13.66,12.29,6.83,5.46
ORD100937,2025-02-27,C0853,18-24,Female,Shaki,Home & Kitchen,Desk Lamp,1,201.11,0,Digital Wallet,3,4.3,No,201.11,201.11,124.69,76.42
ORD101947,2025-02-27,C0636,35-44,Male,Ganja,Home & Kitchen,Storage Box,4,206.54,10,Digital Wallet,2,4.0,No,826.16,743.54,512.22,231.32
ORD100847,2025-02-27,C0513,45-54,Female,Baku,Sports,Football,3,38.16,5,Card,1,4.1,No,114.48,108.76,65.25,43.51
ORD101655,2025-02-27,C0062,18-24,Male,Mingachevir,Electronics,Smart Watch,1,87.49,0,Card,3,4.4,No,87.49,87.49,62.99,24.5
ORD102427,2025-02-27,C0564,18-24,Male,Ganja,Beauty,Body Lotion,3,77.15,0,Card,1,4.5,No,231.45,231.45,111.1,120.35
ORD100750,2025-02-27,C0728,18-24,Female,Baku,Fashion,Jacket,1,102.41,0,Card,3,3.8,No,102.41,102.41,56.33,46.08
ORD102868,2025-02-27,C0871,25-34,Male,Sumgayit,Home & Kitchen,Cookware Set,2,101.24,0,Card,3,3.8,No,202.48,202.48,125.54,76.94
ORD102660,2025-02-28,C0673,35-44,Female,Baku,Fashion,Handbag,5,69.93,0,Card,3,4.0,No,349.65,349.65,192.31,157.34
ORD100287,2025-02-28,C0809,35-44,Male,Baku,Fashion,Jacket,3,79.57,5,Digital Wallet,1,5.0,No,238.71,226.77,131.29,95.48
ORD100178,2025-02-28,C0808,45-54,Female,Khirdalan,Beauty,Lipstick,1,40.53,15,Card,2,4.7,No,40.53,34.45,19.45,15.0
ORD101695,2025-02-28,C0582,25-34,Female,Ganja,Home & Kitchen,Storage Box,2,69.46,0,Digital Wallet,3,4.3,Yes,138.92,0.0,15.5034,-15.5
ORD100083,2025-02-28,C0692,18-24,Female,Mingachevir,Fashion,T-shirt,1,87.87,0,Card,4,3.9,Yes,87.87,0.0,8.699399999999999,-8.7
ORD101854,2025-02-28,C0579,18-24,Male,Lankaran,Fashion,Jeans,2,76.98,5,Cash on Delivery,4,5.0,No,153.96,146.26,84.68,61.58
ORD101908,2025-02-28,C0884,55+,Male,Sumgayit,Fashion,T-shirt,1,119.12,5,Digital Wallet,2,4.5,No,119.12,113.16,65.52,47.64
ORD101487,2025-03-01,C0784,35-44,Female,Baku,Electronics,Keyboard,1,99.76,0,Cash on Delivery,5,4.1,No,99.76,99.76,71.83,27.93
ORD102369,2025-03-01,C0871,35-44,Male,Baku,Home & Kitchen,Blender,2,86.87,15,Cash on Delivery,5,4.0,No,173.74,147.68,107.72,39.96
ORD101076,2025-03-01,C0503,25-34,Male,Sumgayit,Home & Kitchen,Coffee Maker,2,112.36,15,Card,2,4.9,Yes,224.72,0.0,25.0794,-25.08
ORD102095,2025-03-01,C0513,18-24,Female,Baku,Electronics,Bluetooth Speaker,1,45.93,0,Digital Wallet,5,4.5,No,45.93,45.93,33.07,12.86
ORD101936,2025-03-01,C0499,35-44,Male,Lankaran,Beauty,Face Serum,1,35.98,5,Cash on Delivery,3,3.6,No,35.98,34.18,17.27,16.91
ORD102720,2025-03-01,C0438,25-34,Male,Baku,Home & Kitchen,Cookware Set,5,27.93,0,Card,2,4.6,No,139.65,139.65,86.58,53.07
ORD101556,2025-03-01,C0661,45-54,Female,Khirdalan,Beauty,Lipstick,3,88.16,0,Card,3,4.0,No,264.48,264.48,126.95,137.53
ORD102433,2025-03-01,C0712,45-54,Female,Baku,Beauty,Shampoo,2,84.99,10,Card,4,3.6,No,169.98,152.98,81.59,71.39
ORD102933,2025-03-01,C0167,18-24,Male,Baku,Sports,Yoga Mat,1,28.68,15,Card,3,4.7,No,28.68,24.38,16.35,8.03
ORD101778,2025-03-01,C0873,55+,Female,Baku,Beauty,Shampoo,1,84.26,15,Card,3,4.0,No,84.26,71.62,40.44,31.18
ORD101941,2025-03-02,C0721,18-24,Male,Baku,Fashion,Sneakers,2,38.46,10,Digital Wallet,1,4.2,No,76.92,69.23,42.31,26.92
ORD100187,2025-03-02,C0324,18-24,Male,Khirdalan,Beauty,Face Serum,2,71.15,0,Card,4,4.3,No,142.3,142.3,68.3,74.0
ORD100168,2025-03-02,C0187,25-34,Male,Shaki,Fashion,Jeans,1,74.14,20,Cash on Delivery,2,4.4,No,74.14,59.31,40.78,18.53
ORD100532,2025-03-02,C0774,18-24,Female,Ganja,Beauty,Perfume,2,94.35,5,Digital Wallet,5,4.1,No,188.7,179.26,90.58,88.68
ORD100623,2025-03-02,C0337,25-34,Female,Quba,Fashion,Sneakers,4,18.35,10,Card,1,3.7,No,73.4,66.06,40.37,25.69
ORD101596,2025-03-02,C0649,25-34,Male,Lankaran,Electronics,Smart Watch,1,252.55,5,Card,5,5.0,No,252.55,239.92,181.84,58.08
ORD101637,2025-03-02,C0886,18-24,Female,Baku,Sports,Yoga Mat,4,70.64,0,Digital Wallet,4,4.4,No,282.56,282.56,161.06,121.5
ORD100350,2025-03-02,C0355,45-54,Female,Sumgayit,Home & Kitchen,Storage Box,1,157.76,0,Card,3,4.8,No,157.76,157.76,97.81,59.95
ORD102596,2025-03-02,C0504,35-44,Female,Lankaran,Fashion,Jeans,1,112.29,10,Card,3,4.1,No,112.29,101.06,61.76,39.3
ORD100467,2025-03-02,C0781,18-24,Female,Ganja,Home & Kitchen,Storage Box,1,69.9,0,Digital Wallet,4,4.3,No,69.9,69.9,43.34,26.56
ORD101078,2025-03-02,C0614,18-24,Female,Sumgayit,Sports,Resistance Bands,1,129.23,10,Card,4,4.5,No,129.23,116.31,73.66,42.65
ORD101850,2025-03-02,C0133,35-44,Male,Baku,Fashion,Jeans,1,103.79,0,Card,2,4.2,No,103.79,103.79,57.08,46.71
ORD100041,2025-03-02,C0032,45-54,Female,Baku,Sports,Running Bottle,1,65.49,0,Card,5,3.8,No,65.49,65.49,37.33,28.16
ORD102200,2025-03-03,C0334,45-54,Male,Baku,Beauty,Shampoo,1,27.23,5,Digital Wallet,6,3.9,No,27.23,25.87,13.07,12.8
ORD102328,2025-03-03,C0897,25-34,Female,Baku,Fashion,T-shirt,1,87.3,0,Card,3,3.9,Yes,87.3,0.0,8.643600000000001,-8.64
ORD100703,2025-03-03,C0463,45-54,Male,Quba,Books,Novel,5,44.23,10,Card,3,4.1,No,221.15,199.04,110.58,88.46
ORD102297,2025-03-03,C0569,35-44,Male,Sumgayit,Home & Kitchen,Blender,2,154.73,0,Card,3,4.2,No,309.46,309.46,191.87,117.59
ORD100685,2025-03-03,C0340,18-24,Female,Khirdalan,Beauty,Lipstick,1,28.93,0,Card,4,4.1,No,28.93,28.93,13.89,15.04
ORD102940,2025-03-03,C0428,45-54,Female,Baku,Fashion,Handbag,2,131.9,0,Cash on Delivery,4,4.7,Yes,263.8,0.0,26.1162,-26.12
ORD102805,2025-03-04,C0577,25-34,Female,Baku,Electronics,Bluetooth Speaker,2,226.57,10,Card,2,4.6,No,453.14,407.83,326.26,81.57
ORD100262,2025-03-04,C0205,25-34,Male,Ganja,Electronics,Smart Watch,1,68.91,5,Digital Wallet,5,4.3,No,68.91,65.46,49.62,15.84
ORD102103,2025-03-04,C0688,18-24,Male,Baku,Beauty,Body Lotion,2,73.64,15,Digital Wallet,5,3.7,No,147.28,125.19,70.69,54.5
ORD102534,2025-03-04,C0554,25-34,Male,Ganja,Beauty,Perfume,2,89.24,0,Card,3,5.0,No,178.48,178.48,85.67,92.81
ORD101433,2025-03-04,C0232,18-24,Female,Baku,Beauty,Perfume,1,70.82,0,Cash on Delivery,2,4.4,No,70.82,70.82,33.99,36.83
ORD102051,2025-03-04,C0716,25-34,Female,Baku,Sports,Resistance Bands,1,58.4,0,Card,4,4.0,No,58.4,58.4,33.29,25.11
ORD101193,2025-03-04,C0417,25-34,Female,Baku,Sports,Yoga Mat,1,77.36,0,Digital Wallet,1,4.0,No,77.36,77.36,44.1,33.26
ORD100704,2025-03-04,C0062,25-34,Female,Baku,Electronics,Bluetooth Speaker,1,64.99,10,Cash on Delivery,2,5.0,No,64.99,58.49,46.79,11.7
ORD102450,2025-03-04,C0611,25-34,Female,Quba,Fashion,Jeans,1,114.65,10,Card,3,4.5,No,114.65,103.18,63.06,40.12
ORD100544,2025-03-05,C0409,55+,Female,Quba,Books,Novel,1,27.17,5,Card,2,4.1,No,27.17,25.81,13.58,12.23
ORD102931,2025-03-05,C0238,25-34,Male,Mingachevir,Fashion,Sneakers,2,92.48,0,Card,6,4.9,No,184.96,184.96,101.73,83.23
ORD101032,2025-03-05,C0334,35-44,Male,Baku,Home & Kitchen,Cookware Set,2,65.79,5,Cash on Delivery,2,4.9,No,131.58,125.0,81.58,43.42
ORD100259,2025-03-05,C0415,18-24,Female,Sumgayit,Books,Business Book,1,25.84,0,Card,5,4.2,No,25.84,25.84,12.92,12.92
ORD101616,2025-03-05,C0796,35-44,Male,Lankaran,Home & Kitchen,Cookware Set,1,181.79,0,Cash on Delivery,2,5.0,No,181.79,181.79,112.71,69.08
ORD100411,2025-03-05,C0477,45-54,Female,Shaki,Electronics,Keyboard,1,39.41,10,Digital Wallet,4,3.5,No,39.41,35.47,28.38,7.09
ORD100908,2025-03-05,C0220,25-34,Female,Baku,Fashion,Jeans,2,116.63,10,Card,1,5.0,No,233.26,209.93,128.29,81.64
ORD102147,2025-03-06,C0469,25-34,Female,Baku,Fashion,Sneakers,1,49.2,5,Cash on Delivery,4,3.8,No,49.2,46.74,27.06,19.68
ORD101174,2025-03-06,C0556,25-34,Male,Baku,Beauty,Lipstick,1,65.21,5,Card,3,3.5,No,65.21,61.95,31.3,30.65
ORD101883,2025-03-06,C0637,35-44,Male,Baku,Books,Novel,2,20.19,5,Cash on Delivery,3,4.0,No,40.38,38.36,20.19,18.17
ORD102032,2025-03-06,C0131,35-44,Female,Baku,Electronics,Keyboard,1,124.38,10,Card,3,4.9,No,124.38,111.94,89.55,22.39
ORD100230,2025-03-06,C0062,55+,Female,Khirdalan,Fashion,Sneakers,1,70.92,10,Cash on Delivery,6,4.2,No,70.92,63.83,39.01,24.82
ORD101405,2025-03-06,C0611,35-44,Male,Baku,Fashion,Jeans,1,84.13,0,Card,4,4.7,Yes,84.13,0.0,8.3286,-8.33
ORD100761,2025-03-06,C0761,25-34,Male,Quba,Home & Kitchen,Desk Lamp,3,28.79,10,Card,5,4.4,No,86.37,77.73,53.55,24.18
ORD102370,2025-03-06,C0522,18-24,Female,Khirdalan,Beauty,Shampoo,3,19.95,15,Card,2,5.0,Yes,59.85,0.0,5.1714,-5.17
ORD102368,2025-03-06,C0402,18-24,Male,Baku,Fashion,Jacket,2,110.35,15,Card,3,4.1,No,220.7,187.6,121.38,66.22
ORD100661,2025-03-06,C0793,25-34,Female,Baku,Beauty,Face Serum,1,38.26,20,Digital Wallet,4,4.1,No,38.26,30.61,18.36,12.25
ORD102248,2025-03-06,C0546,35-44,Male,Baku,Sports,Running Bottle,1,20.63,5,Card,5,3.6,No,20.63,19.6,11.76,7.84
ORD102275,2025-03-06,C0502,45-54,Female,Khirdalan,Sports,Yoga Mat,1,43.5,5,Card,2,3.7,No,43.5,41.32,24.8,16.52
ORD102478,2025-03-06,C0128,45-54,Female,Baku,Electronics,Keyboard,3,145.08,15,Cash on Delivery,1,4.5,No,435.24,369.95,313.37,56.58
ORD101702,2025-03-07,C0198,25-34,Male,Baku,Books,Language Book,1,27.54,0,Card,5,4.5,No,27.54,27.54,13.77,13.77
ORD100392,2025-03-07,C0014,55+,Male,Baku,Home & Kitchen,Storage Box,3,145.2,5,Card,3,4.7,No,435.6,413.82,270.07,143.75
ORD100251,2025-03-07,C0559,55+,Female,Mingachevir,Home & Kitchen,Storage Box,1,186.65,0,Cash on Delivery,2,5.0,No,186.65,186.65,115.72,70.93
ORD101886,2025-03-07,C0618,25-34,Female,Sumgayit,Home & Kitchen,Blender,1,91.94,5,Card,3,4.6,No,91.94,87.34,57.0,30.34
ORD102483,2025-03-07,C0223,25-34,Female,Sumgayit,Home & Kitchen,Coffee Maker,1,185.39,15,Card,5,4.3,No,185.39,157.58,114.94,42.64
ORD102381,2025-03-07,C0377,25-34,Male,Lankaran,Home & Kitchen,Cookware Set,2,119.34,5,Digital Wallet,2,4.7,No,238.68,226.75,147.98,78.77
ORD100349,2025-03-07,C0442,35-44,Male,Khirdalan,Fashion,T-shirt,2,78.37,15,Card,4,4.1,Yes,156.74,0.0,15.517799999999998,-15.52
ORD100023,2025-03-08,C0816,18-24,Female,Quba,Books,Psychology Book,3,12.92,0,Cash on Delivery,5,3.9,No,38.76,38.76,19.38,19.38
ORD101929,2025-03-08,C0157,25-34,Female,Baku,Books,Novel,3,8.18,10,Card,4,4.3,No,24.54,22.09,12.27,9.82
ORD100635,2025-03-08,C0441,25-34,Female,Baku,Beauty,Lipstick,2,77.36,0,Cash on Delivery,1,3.9,No,154.72,154.72,74.27,80.45
ORD102926,2025-03-08,C0433,35-44,Female,Shaki,Fashion,Jacket,1,75.32,10,Card,2,4.9,No,75.32,67.79,41.43,26.36
ORD101639,2025-03-08,C0747,18-24,Female,Khirdalan,Sports,Running Bottle,1,79.57,15,Card,4,3.8,No,79.57,67.63,45.35,22.28
ORD100912,2025-03-08,C0248,25-34,Female,Baku,Books,Novel,2,30.3,0,Cash on Delivery,4,3.8,No,60.6,60.6,30.3,30.3
ORD100469,2025-03-08,C0873,18-24,Male,Baku,Beauty,Body Lotion,1,91.09,0,Card,4,4.6,No,91.09,91.09,43.72,47.37
ORD100564,2025-03-08,C0389,25-34,Male,Baku,Electronics,Keyboard,2,266.36,20,Digital Wallet,4,3.5,No,532.72,426.18,383.56,42.62
ORD102613,2025-03-08,C0067,18-24,Male,Mingachevir,Sports,Resistance Bands,1,87.85,0,Card,2,4.6,No,87.85,87.85,50.07,37.78
ORD101106,2025-03-08,C0561,55+,Female,Baku,Electronics,Power Bank,1,45.97,10,Card,5,5.0,No,45.97,41.37,33.1,8.27
ORD101663,2025-03-09,C0133,25-34,Male,Mingachevir,Electronics,Smart Watch,5,195.25,15,Card,3,4.0,No,976.25,829.81,702.9,126.91
ORD101798,2025-03-09,C0837,25-34,Female,Baku,Beauty,Lipstick,1,84.46,5,Card,5,3.9,No,84.46,80.24,40.54,39.7
ORD101432,2025-03-09,C0545,55+,Male,Shaki,Fashion,Jacket,2,97.04,5,Card,2,3.7,No,194.08,184.38,106.74,77.64
ORD101891,2025-03-09,C0598,25-34,Male,Baku,Electronics,Power Bank,1,166.2,15,Card,1,4.7,No,166.2,141.27,119.66,21.61
ORD102929,2025-03-09,C0885,18-24,Female,Sumgayit,Fashion,Jeans,2,64.36,5,Cash on Delivery,5,4.7,No,128.72,122.28,70.8,51.48
ORD102741,2025-03-09,C0174,35-44,Female,Baku,Sports,Running Bottle,2,13.0,10,Card,4,3.8,No,26.0,23.4,14.82,8.58
ORD102385,2025-03-09,C0805,45-54,Male,Baku,Books,Novel,1,14.36,0,Card,6,3.9,No,14.36,14.36,7.18,7.18
ORD101960,2025-03-10,C0404,35-44,Male,Baku,Sports,Resistance Bands,5,123.05,0,Card,4,4.5,No,615.25,615.25,350.69,264.56
ORD102674,2025-03-10,C0155,55+,Male,Khirdalan,Fashion,Jeans,2,40.24,5,Card,4,3.9,No,80.48,76.46,44.26,32.2
ORD101534,2025-03-10,C0075,35-44,Female,Baku,Fashion,Sneakers,2,23.56,15,Digital Wallet,2,4.8,No,47.12,40.05,25.92,14.13
ORD102944,2025-03-10,C0216,18-24,Male,Baku,Books,Business Book,1,36.31,0,Card,3,4.7,No,36.31,36.31,18.16,18.15
ORD100253,2025-03-10,C0109,18-24,Male,Baku,Books,Novel,2,23.89,10,Digital Wallet,1,5.0,No,47.78,43.0,23.89,19.11
ORD101345,2025-03-10,C0114,25-34,Female,Baku,Fashion,Handbag,1,56.32,0,Cash on Delivery,2,3.9,No,56.32,56.32,30.98,25.34
ORD102738,2025-03-10,C0258,35-44,Female,Ganja,Sports,Yoga Mat,2,51.55,5,Cash on Delivery,1,4.5,No,103.1,97.94,58.77,39.17
ORD101326,2025-03-10,C0208,25-34,Male,Khirdalan,Home & Kitchen,Coffee Maker,1,89.85,5,Card,3,4.6,No,89.85,85.36,55.71,29.65
ORD102071,2025-03-11,C0632,18-24,Male,Baku,Sports,Dumbbell Set,4,62.07,10,Digital Wallet,4,3.7,No,248.28,223.45,141.52,81.93
ORD102810,2025-03-11,C0894,18-24,Male,Baku,Home & Kitchen,Desk Lamp,3,196.09,0,Cash on Delivery,5,4.3,No,588.27,588.27,364.73,223.54
ORD101651,2025-03-11,C0421,25-34,Female,Khirdalan,Electronics,Power Bank,2,235.85,10,Card,5,3.9,No,471.7,424.53,339.62,84.91
ORD101178,2025-03-11,C0289,35-44,Female,Baku,Sports,Resistance Bands,2,126.82,5,Cash on Delivery,3,5.0,No,253.64,240.96,144.57,96.39
ORD100072,2025-03-11,C0724,45-54,Male,Baku,Beauty,Face Serum,1,14.28,0,Digital Wallet,3,4.3,No,14.28,14.28,6.85,7.43
ORD101523,2025-03-11,C0418,25-34,Female,Mingachevir,Beauty,Perfume,1,49.28,5,Cash on Delivery,4,3.3,Yes,49.28,0.0,4.257,-4.26
ORD100523,2025-03-12,C0187,25-34,Male,Mingachevir,Electronics,Keyboard,1,45.89,15,Card,5,4.3,No,45.89,39.01,33.04,5.97
ORD100888,2025-03-12,C0304,25-34,Male,Mingachevir,Electronics,Keyboard,2,99.76,0,Card,3,4.1,No,199.52,199.52,143.65,55.87
ORD102392,2025-03-12,C0643,35-44,Female,Sumgayit,Home & Kitchen,Cookware Set,1,106.99,5,Card,1,4.1,No,106.99,101.64,66.33,35.31
ORD101113,2025-03-12,C0650,35-44,Female,Khirdalan,Beauty,Face Serum,1,67.72,0,Cash on Delivery,4,4.3,No,67.72,67.72,32.51,35.21
ORD102220,2025-03-12,C0421,35-44,Female,Khirdalan,Beauty,Lipstick,2,79.02,0,Card,4,4.5,No,158.04,158.04,75.86,82.18
ORD102554,2025-03-12,C0605,35-44,Male,Baku,Beauty,Lipstick,1,70.37,10,Card,3,4.5,No,70.37,63.33,33.78,29.55
ORD102993,2025-03-12,C0038,25-34,Female,Baku,Books,Psychology Book,3,13.23,0,Cash on Delivery,5,3.8,No,39.69,39.69,19.84,19.85
ORD101115,2025-03-12,C0018,35-44,Male,Baku,Fashion,Handbag,1,116.4,0,Card,2,4.0,No,116.4,116.4,64.02,52.38
ORD102861,2025-03-12,C0473,25-34,Male,Lankaran,Fashion,T-shirt,4,44.1,0,Digital Wallet,2,3.8,No,176.4,176.4,97.02,79.38
ORD102851,2025-03-13,C0188,25-34,Female,Sumgayit,Electronics,Power Bank,1,130.79,5,Card,2,3.9,No,130.79,124.25,94.17,30.08
ORD102466,2025-03-13,C0310,35-44,Male,Lankaran,Electronics,Bluetooth Speaker,2,158.4,10,Card,5,4.1,No,316.8,285.12,228.1,57.02
ORD100398,2025-03-13,C0879,45-54,Female,Ganja,Fashion,Jacket,3,36.97,5,Card,6,3.6,No,110.91,105.36,61.0,44.36
ORD101770,2025-03-13,C0605,55+,Male,Ganja,Electronics,Smart Watch,2,204.4,5,Card,2,4.5,No,408.8,388.36,294.34,94.02
ORD102890,2025-03-13,C0439,45-54,Female,Quba,Home & Kitchen,Coffee Maker,1,27.21,5,Card,4,4.4,Yes,27.21,0.0,3.0366,-3.04
ORD100052,2025-03-13,C0050,35-44,Male,Sumgayit,Beauty,Shampoo,2,56.33,0,Cash on Delivery,3,4.1,No,112.66,112.66,54.08,58.58
ORD100543,2025-03-13,C0033,45-54,Male,Ganja,Home & Kitchen,Cookware Set,1,204.6,0,Card,4,3.9,No,204.6,204.6,126.85,77.75
ORD100993,2025-03-13,C0035,45-54,Female,Baku,Electronics,Keyboard,1,257.2,5,Card,2,3.7,No,257.2,244.34,185.18,59.16
ORD102511,2025-03-14,C0665,25-34,Male,Baku,Fashion,Sneakers,1,53.14,20,Cash on Delivery,6,4.5,Yes,53.14,0.0,5.2614,-5.26
ORD102813,2025-03-14,C0403,45-54,Male,Khirdalan,Fashion,Jacket,4,89.54,15,Card,4,4.3,No,358.16,304.44,196.99,107.45
ORD100426,2025-03-14,C0580,35-44,Male,Sumgayit,Electronics,Bluetooth Speaker,2,40.52,0,Card,1,4.3,No,81.04,81.04,58.35,22.69
ORD102094,2025-03-14,C0828,25-34,Female,Lankaran,Electronics,Keyboard,1,277.6,10,Card,1,4.1,No,277.6,249.84,199.87,49.97
ORD100838,2025-03-14,C0576,18-24,Male,Shaki,Fashion,Jeans,1,95.61,0,Digital Wallet,6,4.0,No,95.61,95.61,52.59,43.02
ORD101787,2025-03-14,C0438,25-34,Female,Baku,Home & Kitchen,Coffee Maker,2,158.63,5,Card,1,5.0,No,317.26,301.4,196.7,104.7
ORD100102,2025-03-14,C0330,35-44,Female,Mingachevir,Electronics,Wireless Earbuds,1,83.45,5,Card,3,4.2,No,83.45,79.28,60.08,19.2
ORD102815,2025-03-14,C0858,25-34,Male,Shaki,Electronics,Wireless Earbuds,1,267.47,0,Cash on Delivery,3,3.5,No,267.47,267.47,192.58,74.89
ORD101704,2025-03-14,C0122,35-44,Female,Baku,Home & Kitchen,Storage Box,2,148.46,5,Cash on Delivery,4,4.7,No,296.92,282.07,184.09,97.98
ORD102745,2025-03-14,C0314,18-24,Male,Baku,Home & Kitchen,Desk Lamp,1,133.47,15,Card,6,4.8,No,133.47,113.45,82.75,30.7
ORD100009,2025-03-15,C0289,35-44,Male,Baku,Fashion,T-shirt,2,113.51,10,Card,5,4.0,No,227.02,204.32,124.86,79.46
ORD100664,2025-03-15,C0201,25-34,Male,Sumgayit,Beauty,Perfume,3,82.21,10,Cash on Delivery,3,4.8,No,246.63,221.97,118.38,103.59
ORD100339,2025-03-15,C0599,18-24,Male,Baku,Sports,Running Bottle,2,29.81,10,Digital Wallet,2,4.3,No,59.62,53.66,33.98,19.68
ORD100653,2025-03-15,C0307,45-54,Female,Ganja,Sports,Resistance Bands,1,91.0,0,Digital Wallet,2,3.7,No,91.0,91.0,51.87,39.13
ORD100224,2025-03-15,C0195,35-44,Female,Quba,Beauty,Perfume,2,22.4,10,Card,1,4.8,No,44.8,40.32,21.5,18.82
ORD101364,2025-03-15,C0116,18-24,Female,Khirdalan,Electronics,Smart Watch,2,236.73,20,Card,1,4.1,No,473.46,378.77,340.89,37.88
ORD101085,2025-03-15,C0451,45-54,Female,Sumgayit,Electronics,Wireless Earbuds,2,189.98,5,Cash on Delivery,2,5.0,No,379.96,360.96,273.57,87.39
ORD102900,2025-03-15,C0396,25-34,Female,Ganja,Sports,Running Bottle,4,32.65,10,Card,4,4.8,No,130.6,117.54,74.44,43.1
ORD102349,2025-03-15,C0611,45-54,Female,Sumgayit,Fashion,Sneakers,1,20.83,20,Card,3,4.2,No,20.83,16.66,11.46,5.2
ORD100872,2025-03-15,C0271,55+,Male,Quba,Fashion,T-shirt,3,87.21,0,Digital Wallet,2,4.9,No,261.63,261.63,143.9,117.73
ORD101796,2025-03-15,C0315,25-34,Female,Lankaran,Books,Novel,1,35.21,10,Card,3,3.8,No,35.21,31.69,17.6,14.09
ORD102116,2025-03-15,C0355,25-34,Male,Mingachevir,Home & Kitchen,Cookware Set,1,207.54,0,Cash on Delivery,4,4.8,Yes,207.54,0.0,23.160599999999995,-23.16
ORD102765,2025-03-16,C0281,18-24,Female,Khirdalan,Home & Kitchen,Desk Lamp,4,99.71,0,Card,2,4.6,No,398.84,398.84,247.28,151.56
ORD102773,2025-03-16,C0782,25-34,Male,Baku,Sports,Dumbbell Set,1,92.15,5,Cash on Delivery,3,3.6,No,92.15,87.54,52.53,35.01
ORD102643,2025-03-16,C0616,25-34,Male,Shaki,Electronics,Smart Watch,1,49.06,10,Card,4,4.7,No,49.06,44.15,35.32,8.83
ORD102496,2025-03-16,C0129,18-24,Male,Baku,Electronics,Keyboard,1,164.05,10,Card,3,4.7,No,164.05,147.65,118.12,29.53
ORD101740,2025-03-16,C0880,35-44,Male,Baku,Fashion,Sneakers,1,71.74,10,Cash on Delivery,4,4.2,Yes,71.74,0.0,7.1028,-7.1
ORD101474,2025-03-17,C0486,35-44,Male,Baku,Books,Business Book,3,25.05,0,Digital Wallet,5,3.5,No,75.15,75.15,37.58,37.57
ORD102870,2025-03-17,C0156,45-54,Female,Baku,Beauty,Perfume,1,65.11,0,Cash on Delivery,3,3.8,No,65.11,65.11,31.25,33.86
ORD102474,2025-03-17,C0442,25-34,Female,Mingachevir,Electronics,Bluetooth Speaker,1,41.26,0,Cash on Delivery,2,4.5,No,41.26,41.26,29.71,11.55
ORD101940,2025-03-17,C0461,35-44,Female,Baku,Home & Kitchen,Coffee Maker,3,144.57,15,Card,2,4.8,Yes,433.71,0.0,48.401999999999994,-48.4
ORD101872,2025-03-17,C0033,55+,Female,Ganja,Electronics,Wireless Earbuds,1,45.62,5,Cash on Delivery,2,4.1,No,45.62,43.34,32.85,10.49
ORD101989,2025-03-18,C0844,55+,Male,Khirdalan,Fashion,Jacket,1,99.27,15,Card,3,4.2,No,99.27,84.38,54.6,29.78
ORD102360,2025-03-18,C0768,25-34,Male,Baku,Electronics,Smart Watch,1,74.37,5,Digital Wallet,3,3.7,No,74.37,70.65,53.55,17.1
ORD102523,2025-03-18,C0429,25-34,Female,Baku,Fashion,Sneakers,3,136.05,0,Cash on Delivery,3,4.4,No,408.15,408.15,224.48,183.67
ORD101072,2025-03-18,C0794,45-54,Male,Ganja,Beauty,Face Serum,3,28.45,0,Card,4,4.2,No,85.35,85.35,40.97,44.38
ORD102277,2025-03-18,C0611,25-34,Male,Baku,Home & Kitchen,Desk Lamp,1,104.5,10,Digital Wallet,3,3.7,No,104.5,94.05,64.79,29.26
ORD101745,2025-03-18,C0129,25-34,Female,Khirdalan,Electronics,Keyboard,2,227.76,5,Card,3,4.3,No,455.52,432.74,327.97,104.77
ORD100735,2025-03-18,C0280,25-34,Male,Sumgayit,Home & Kitchen,Cookware Set,1,39.66,10,Cash on Delivery,3,5.0,No,39.66,35.69,24.59,11.1
ORD102444,2025-03-19,C0634,45-54,Female,Khirdalan,Home & Kitchen,Coffee Maker,1,102.55,0,Cash on Delivery,4,4.6,No,102.55,102.55,63.58,38.97
ORD101710,2025-03-19,C0161,25-34,Female,Baku,Electronics,Keyboard,2,198.2,0,Card,4,4.8,No,396.4,396.4,285.41,110.99
ORD101988,2025-03-19,C0406,18-24,Female,Baku,Home & Kitchen,Cookware Set,5,209.43,20,Card,4,4.2,No,1047.15,837.72,649.23,188.49
ORD101395,2025-03-20,C0487,35-44,Male,Ganja,Books,Novel,2,39.65,0,Card,2,4.5,No,79.3,79.3,39.65,39.65
ORD102602,2025-03-20,C0622,35-44,Female,Quba,Home & Kitchen,Desk Lamp,1,30.12,15,Card,3,4.1,Yes,30.12,0.0,3.3606000000000003,-3.36
ORD101582,2025-03-20,C0803,45-54,Male,Shaki,Electronics,Smart Watch,1,242.5,0,Digital Wallet,2,4.5,No,242.5,242.5,174.6,67.9
ORD102462,2025-03-20,C0131,35-44,Female,Baku,Electronics,Smart Watch,1,195.6,10,Card,2,4.8,No,195.6,176.04,140.83,35.21
ORD102665,2025-03-20,C0614,45-54,Male,Sumgayit,Home & Kitchen,Blender,2,35.18,0,Card,3,4.3,No,70.36,70.36,43.62,26.74
ORD102839,2025-03-20,C0094,35-44,Female,Ganja,Beauty,Perfume,2,24.81,5,Card,5,4.2,No,49.62,47.14,23.82,23.32
ORD102734,2025-03-20,C0518,18-24,Female,Baku,Sports,Resistance Bands,1,68.69,10,Card,2,4.5,No,68.69,61.82,39.15,22.67
ORD100142,2025-03-20,C0638,18-24,Female,Baku,Electronics,Smart Watch,4,73.39,10,Digital Wallet,5,3.6,No,293.56,264.2,211.36,52.84
ORD102470,2025-03-20,C0420,25-34,Female,Baku,Electronics,Wireless Earbuds,2,123.4,15,Card,4,4.5,No,246.8,209.78,177.7,32.08
ORD102874,2025-03-21,C0678,55+,Female,Sumgayit,Electronics,Smart Watch,1,224.63,5,Cash on Delivery,5,3.9,No,224.63,213.4,161.73,51.67
ORD100903,2025-03-21,C0424,18-24,Male,Quba,Home & Kitchen,Cookware Set,2,159.16,10,Cash on Delivery,1,4.1,No,318.32,286.49,197.36,89.13
ORD100964,2025-03-21,C0806,25-34,Male,Quba,Home & Kitchen,Cookware Set,5,99.2,10,Digital Wallet,3,5.0,No,496.0,446.4,307.52,138.88
ORD102194,2025-03-21,C0384,35-44,Female,Quba,Beauty,Body Lotion,2,88.59,15,Card,4,4.1,No,177.18,150.6,85.05,65.55
ORD102553,2025-03-21,C0876,45-54,Female,Baku,Beauty,Lipstick,2,77.93,5,Card,2,4.7,No,155.86,148.07,74.81,73.26
ORD102358,2025-03-22,C0435,25-34,Male,Mingachevir,Beauty,Lipstick,4,19.82,20,Card,6,4.4,No,79.28,63.42,38.05,25.37
ORD102703,2025-03-22,C0397,25-34,Female,Sumgayit,Electronics,Keyboard,1,86.45,5,Card,6,3.9,No,86.45,82.13,62.24,19.89
ORD101355,2025-03-22,C0362,25-34,Male,Shaki,Home & Kitchen,Storage Box,1,117.79,10,Cash on Delivery,2,4.7,No,117.79,106.01,73.03,32.98
ORD102394,2025-03-22,C0238,25-34,Female,Sumgayit,Beauty,Face Serum,1,69.62,15,Card,3,3.6,No,69.62,59.18,33.42,25.76
ORD102299,2025-03-23,C0134,55+,Female,Mingachevir,Fashion,Sneakers,2,18.29,0,Card,2,4.3,No,36.58,36.58,20.12,16.46
ORD102241,2025-03-23,C0362,35-44,Female,Ganja,Fashion,Handbag,2,25.22,0,Card,2,3.9,No,50.44,50.44,27.74,22.7
ORD101257,2025-03-23,C0558,25-34,Male,Baku,Sports,Running Bottle,3,64.9,5,Cash on Delivery,4,3.5,No,194.7,184.96,110.98,73.98
ORD102747,2025-03-23,C0675,18-24,Male,Khirdalan,Sports,Football,1,93.9,5,Digital Wallet,3,3.7,No,93.9,89.2,53.52,35.68
ORD101839,2025-03-23,C0360,55+,Female,Baku,Fashion,T-shirt,1,108.45,5,Card,5,4.3,No,108.45,103.03,59.65,43.38
ORD100363,2025-03-23,C0795,25-34,Female,Baku,Books,Language Book,2,27.24,0,Cash on Delivery,4,3.5,No,54.48,54.48,27.24,27.24
ORD102914,2025-03-24,C0344,55+,Female,Shaki,Electronics,Power Bank,1,134.37,5,Digital Wallet,3,4.7,No,134.37,127.65,96.75,30.9
ORD100078,2025-03-24,C0431,18-24,Female,Baku,Sports,Yoga Mat,2,54.21,20,Cash on Delivery,4,4.7,No,108.42,86.74,61.8,24.94
ORD100032,2025-03-24,C0141,25-34,Male,Baku,Electronics,Smart Watch,3,146.72,10,Card,5,3.9,No,440.16,396.14,316.92,79.22
ORD100976,2025-03-24,C0312,25-34,Female,Baku,Electronics,Wireless Earbuds,1,41.65,0,Cash on Delivery,2,3.2,Yes,41.65,0.0,5.398199999999999,-5.4
ORD102315,2025-03-24,C0862,25-34,Male,Shaki,Beauty,Lipstick,1,27.4,20,Card,3,4.2,No,27.4,21.92,13.15,8.77
ORD102936,2025-03-25,C0378,18-24,Male,Baku,Beauty,Perfume,2,91.47,0,Card,3,3.7,No,182.94,182.94,87.81,95.13
ORD100567,2025-03-25,C0671,18-24,Male,Khirdalan,Beauty,Perfume,1,58.9,5,Cash on Delivery,3,4.7,No,58.9,55.96,28.27,27.69
ORD102968,2025-03-25,C0368,35-44,Male,Baku,Home & Kitchen,Cookware Set,1,83.87,5,Card,4,3.9,Yes,83.87,0.0,9.36,-9.36
ORD100412,2025-03-25,C0517,25-34,Female,Quba,Electronics,Smart Watch,1,220.85,10,Cash on Delivery,2,4.4,No,220.85,198.76,159.01,39.75
ORD101512,2025-03-25,C0541,45-54,Female,Ganja,Books,Language Book,2,28.17,5,Card,5,3.8,No,56.34,53.52,28.17,25.35
ORD101503,2025-03-25,C0771,18-24,Female,Baku,Fashion,Handbag,1,40.96,5,Card,5,3.5,No,40.96,38.91,22.53,16.38
ORD100486,2025-03-26,C0184,18-24,Female,Baku,Books,Psychology Book,1,40.87,10,Cash on Delivery,4,4.3,No,40.87,36.78,20.43,16.35
ORD101545,2025-03-26,C0020,25-34,Male,Shaki,Home & Kitchen,Desk Lamp,1,130.16,0,Digital Wallet,2,5.0,No,130.16,130.16,80.7,49.46
ORD100326,2025-03-26,C0268,18-24,Male,Baku,Electronics,Power Bank,1,80.15,0,Card,5,4.2,No,80.15,80.15,57.71,22.44
ORD101656,2025-03-26,C0210,45-54,Male,Sumgayit,Fashion,Jeans,1,110.93,0,Cash on Delivery,2,5.0,No,110.93,110.93,61.01,49.92
ORD101479,2025-03-26,C0506,25-34,Female,Baku,Home & Kitchen,Storage Box,1,104.91,10,Cash on Delivery,4,3.6,No,104.91,94.42,65.04,29.38
ORD100626,2025-03-26,C0705,45-54,Female,Baku,Fashion,Jacket,2,128.99,5,Card,2,4.9,Yes,257.98,0.0,25.540199999999995,-25.54
ORD101112,2025-03-26,C0774,25-34,Female,Baku,Sports,Dumbbell Set,1,80.96,0,Card,3,4.9,No,80.96,80.96,46.15,34.81
ORD101877,2025-03-27,C0303,45-54,Female,Baku,Electronics,Wireless Earbuds,1,193.81,0,Cash on Delivery,5,3.9,No,193.81,193.81,139.54,54.27
ORD101288,2025-03-27,C0728,25-34,Female,Ganja,Beauty,Body Lotion,3,19.92,20,Card,4,3.7,No,59.76,47.81,28.68,19.13
ORD101817,2025-03-27,C0042,35-44,Male,Ganja,Home & Kitchen,Storage Box,2,130.82,5,Digital Wallet,3,4.2,No,261.64,248.56,162.22,86.34
ORD101291,2025-03-27,C0088,55+,Female,Baku,Sports,Dumbbell Set,1,55.47,10,Card,5,4.4,No,55.47,49.92,31.62,18.3
ORD102293,2025-03-27,C0397,25-34,Female,Baku,Electronics,Bluetooth Speaker,1,147.49,5,Digital Wallet,4,4.3,No,147.49,140.12,106.19,33.93
ORD102209,2025-03-27,C0102,18-24,Male,Baku,Beauty,Shampoo,3,64.18,0,Digital Wallet,2,4.9,No,192.54,192.54,92.42,100.12
ORD100148,2025-03-27,C0413,45-54,Male,Sumgayit,Sports,Dumbbell Set,1,50.51,10,Digital Wallet,2,4.2,No,50.51,45.46,28.79,16.67
ORD102175,2025-03-27,C0229,55+,Female,Baku,Sports,Yoga Mat,2,20.91,0,Card,3,4.9,No,41.82,41.82,23.84,17.98
ORD101386,2025-03-27,C0651,25-34,Female,Baku,Fashion,T-shirt,1,114.34,5,Card,5,3.9,No,114.34,108.62,62.89,45.73
ORD100637,2025-03-27,C0359,35-44,Female,Ganja,Fashion,Jeans,2,32.89,0,Cash on Delivery,1,4.4,No,65.78,65.78,36.18,29.6
ORD100566,2025-03-28,C0519,35-44,Female,Lankaran,Books,Language Book,1,33.54,0,Cash on Delivery,3,4.1,No,33.54,33.54,16.77,16.77
ORD101308,2025-03-28,C0183,55+,Male,Lankaran,Home & Kitchen,Cookware Set,1,177.41,0,Card,3,4.4,No,177.41,177.41,109.99,67.42
ORD100719,2025-03-28,C0189,35-44,Male,Sumgayit,Books,Data Analytics Book,3,31.13,5,Card,3,4.1,No,93.39,88.72,46.7,42.02
ORD100510,2025-03-28,C0469,25-34,Male,Sumgayit,Home & Kitchen,Blender,1,135.07,10,Card,4,4.2,No,135.07,121.56,83.74,37.82
ORD102882,2025-03-28,C0617,45-54,Female,Baku,Fashion,Handbag,3,132.36,10,Card,7,4.0,No,397.08,357.37,218.39,138.98
ORD101609,2025-03-28,C0241,35-44,Male,Baku,Electronics,Wireless Earbuds,4,114.05,5,Card,4,4.1,No,456.2,433.39,328.46,104.93
ORD100327,2025-03-28,C0427,18-24,Female,Sumgayit,Beauty,Face Serum,1,81.96,5,Card,2,4.8,No,81.96,77.86,39.34,38.52
ORD102182,2025-03-29,C0805,55+,Male,Lankaran,Electronics,Power Bank,1,220.05,15,Card,2,4.3,No,220.05,187.04,158.44,28.6
ORD100854,2025-03-29,C0557,25-34,Female,Baku,Beauty,Perfume,1,44.66,0,Card,3,4.0,No,44.66,44.66,21.44,23.22
ORD102667,2025-03-29,C0101,35-44,Female,Baku,Electronics,Smart Watch,2,146.94,0,Card,2,4.0,No,293.88,293.88,211.59,82.29
ORD101265,2025-03-29,C0352,35-44,Female,Sumgayit,Electronics,Bluetooth Speaker,1,172.8,0,Digital Wallet,1,5.0,No,172.8,172.8,124.42,48.38
ORD100097,2025-03-29,C0662,35-44,Male,Baku,Electronics,Wireless Earbuds,1,50.94,5,Cash on Delivery,3,3.7,No,50.94,48.39,36.68,11.71
ORD101047,2025-03-29,C0778,18-24,Male,Khirdalan,Books,Data Analytics Book,2,22.13,10,Card,5,4.7,No,44.26,39.83,22.13,17.7
ORD100384,2025-03-29,C0006,45-54,Female,Baku,Home & Kitchen,Cookware Set,4,170.62,0,Cash on Delivery,1,4.6,No,682.48,682.48,423.14,259.34
ORD102641,2025-03-29,C0493,35-44,Female,Ganja,Fashion,Jacket,2,52.72,10,Cash on Delivery,1,4.7,No,105.44,94.9,57.99,36.91
ORD100189,2025-03-29,C0055,18-24,Female,Khirdalan,Home & Kitchen,Desk Lamp,2,144.57,0,Card,2,4.4,No,289.14,289.14,179.27,109.87
ORD102967,2025-03-29,C0135,18-24,Female,Shaki,Electronics,Bluetooth Speaker,2,158.84,10,Digital Wallet,5,4.4,No,317.68,285.91,228.73,57.18
ORD100832,2025-03-29,C0012,45-54,Female,Mingachevir,Fashion,Jeans,1,93.45,5,Card,1,4.8,No,93.45,88.78,51.4,37.38
ORD100593,2025-03-29,C0313,35-44,Female,Khirdalan,Beauty,Body Lotion,3,46.96,10,Card,3,4.5,No,140.88,126.79,67.62,59.17
ORD101402,2025-03-30,C0460,18-24,Male,Sumgayit,Books,Novel,1,17.43,5,Card,4,4.4,No,17.43,16.56,8.72,7.84
ORD101124,2025-03-30,C0847,25-34,Male,Ganja,Books,Business Book,1,40.13,15,Card,2,4.5,No,40.13,34.11,20.07,14.04
ORD101709,2025-03-30,C0106,18-24,Female,Baku,Electronics,Bluetooth Speaker,2,126.39,20,Cash on Delivery,2,4.7,No,252.78,202.22,182.0,20.22
ORD101786,2025-03-30,C0616,45-54,Male,Khirdalan,Home & Kitchen,Blender,3,213.03,10,Card,2,4.0,No,639.09,575.18,396.24,178.94
ORD101506,2025-03-30,C0848,45-54,Female,Mingachevir,Sports,Dumbbell Set,2,98.8,10,Cash on Delivery,1,4.4,No,197.6,177.84,112.63,65.21
ORD101542,2025-03-30,C0482,18-24,Female,Shaki,Books,Language Book,1,22.19,20,Card,1,4.0,No,22.19,17.75,11.1,6.65
ORD101251,2025-03-30,C0585,25-34,Female,Sumgayit,Fashion,Jacket,2,83.25,10,Card,5,3.6,No,166.5,149.85,91.58,58.27
ORD102253,2025-03-30,C0770,25-34,Male,Khirdalan,Beauty,Perfume,1,72.09,10,Digital Wallet,4,4.0,Yes,72.09,0.0,6.228,-6.23
ORD101013,2025-03-31,C0885,25-34,Male,Khirdalan,Electronics,Bluetooth Speaker,1,36.35,20,Cash on Delivery,1,5.0,No,36.35,29.08,26.17,2.91
ORD100989,2025-03-31,C0615,25-34,Male,Baku,Electronics,Bluetooth Speaker,1,36.27,10,Card,3,4.5,No,36.27,32.64,26.11,6.53
ORD102162,2025-03-31,C0230,45-54,Male,Lankaran,Books,Psychology Book,2,28.46,10,Cash on Delivery,2,4.1,No,56.92,51.23,28.46,22.77
ORD102687,2025-03-31,C0255,25-34,Male,Mingachevir,Electronics,Bluetooth Speaker,1,226.37,0,Card,4,4.4,Yes,226.37,0.0,29.3382,-29.34
ORD101811,2025-03-31,C0121,45-54,Female,Baku,Books,Novel,1,12.92,0,Digital Wallet,2,4.0,No,12.92,12.92,6.46,6.46
ORD100315,2025-03-31,C0484,18-24,Female,Baku,Sports,Yoga Mat,1,93.64,10,Card,2,4.2,No,93.64,84.28,53.37,30.91
ORD101906,2025-03-31,C0570,45-54,Female,Sumgayit,Sports,Running Bottle,1,34.14,15,Card,2,4.4,No,34.14,29.02,19.46,9.56
ORD101454,2025-03-31,C0489,25-34,Female,Baku,Books,Business Book,1,30.32,5,Card,6,2.9,Yes,30.32,0.0,2.7288,-2.73
ORD101107,2025-03-31,C0551,18-24,Male,Baku,Home & Kitchen,Storage Box,1,148.28,15,Card,3,4.6,No,148.28,126.04,91.93,34.11
ORD100857,2025-03-31,C0284,18-24,Male,Baku,Beauty,Perfume,2,29.84,0,Cash on Delivery,4,4.6,No,59.68,59.68,28.65,31.03
ORD101892,2025-03-31,C0506,25-34,Female,Baku,Home & Kitchen,Cookware Set,1,202.15,15,Card,5,4.1,No,202.15,171.83,125.33,46.5
ORD102751,2025-03-31,C0376,25-34,Male,Khirdalan,Fashion,T-shirt,3,106.17,0,Card,1,4.5,No,318.51,318.51,175.18,143.33
ORD100119,2025-03-31,C0481,45-54,Female,Shaki,Books,Novel,2,39.94,0,Card,2,4.5,No,79.88,79.88,39.94,39.94
ORD100831,2025-03-31,C0086,35-44,Female,Baku,Home & Kitchen,Coffee Maker,2,118.78,5,Cash on Delivery,2,4.4,Yes,237.56,0.0,26.512199999999996,-26.51
ORD102487,2025-03-31,C0334,25-34,Male,Ganja,Fashion,Sneakers,4,132.92,0,Card,5,3.9,No,531.68,531.68,292.42,239.26
ORD101563,2025-04-01,C0433,18-24,Female,Baku,Fashion,Sneakers,2,32.68,10,Card,3,4.1,No,65.36,58.82,35.95,22.87
ORD101904,2025-04-01,C0782,25-34,Male,Ganja,Books,Data Analytics Book,1,32.52,5,Digital Wallet,5,3.5,No,32.52,30.89,16.26,14.63
ORD102100,2025-04-01,C0107,18-24,Male,Sumgayit,Beauty,Shampoo,1,89.18,5,Digital Wallet,7,3.8,No,89.18,84.72,42.81,41.91
ORD101515,2025-04-01,C0709,35-44,Female,Baku,Fashion,Sneakers,3,105.39,0,Card,3,4.3,No,316.17,316.17,173.89,142.28
ORD100925,2025-04-01,C0386,45-54,Male,Khirdalan,Books,Business Book,1,20.35,20,Cash on Delivery,3,5.0,No,20.35,16.28,10.18,6.1
ORD100508,2025-04-01,C0875,25-34,Male,Baku,Electronics,Power Bank,1,46.43,5,Cash on Delivery,1,5.0,No,46.43,44.11,33.43,10.68
ORD100483,2025-04-02,C0826,55+,Female,Baku,Sports,Yoga Mat,5,114.48,0,Cash on Delivery,3,3.4,No,572.4,572.4,326.27,246.13
ORD102399,2025-04-02,C0411,35-44,Female,Sumgayit,Electronics,Power Bank,1,275.75,0,Cash on Delivery,4,4.7,No,275.75,275.75,198.54,77.21
ORD100568,2025-04-02,C0887,35-44,Female,Baku,Books,Data Analytics Book,3,26.56,5,Card,6,3.6,No,79.68,75.7,39.84,35.86
ORD102237,2025-04-02,C0766,45-54,Female,Khirdalan,Fashion,Jeans,1,130.9,20,Cash on Delivery,3,4.5,Yes,130.9,0.0,12.959999999999999,-12.96
ORD101413,2025-04-02,C0049,25-34,Male,Baku,Beauty,Body Lotion,1,18.09,10,Cash on Delivery,4,3.5,No,18.09,16.28,8.68,7.6
ORD100617,2025-04-02,C0261,35-44,Female,Baku,Fashion,Jacket,1,68.25,5,Digital Wallet,3,4.7,Yes,68.25,0.0,6.757199999999999,-6.76
ORD101562,2025-04-03,C0503,25-34,Female,Khirdalan,Beauty,Body Lotion,1,34.92,0,Card,1,3.4,No,34.92,34.92,16.76,18.16
ORD100919,2025-04-03,C0041,55+,Female,Sumgayit,Electronics,Bluetooth Speaker,1,103.67,0,Card,2,4.7,Yes,103.67,0.0,13.4352,-13.44
ORD101818,2025-04-03,C0191,25-34,Female,Ganja,Electronics,Smart Watch,2,196.54,15,Card,6,4.3,No,393.08,334.12,283.02,51.1
ORD101660,2025-04-03,C0812,35-44,Male,Lankaran,Fashion,Sneakers,1,85.23,0,Card,5,3.6,No,85.23,85.23,46.88,38.35
ORD100696,2025-04-03,C0655,18-24,Male,Sumgayit,Sports,Running Bottle,1,44.97,10,Cash on Delivery,2,4.2,No,44.97,40.47,25.63,14.84
ORD101942,2025-04-03,C0244,25-34,Male,Ganja,Electronics,Bluetooth Speaker,4,123.86,0,Cash on Delivery,4,4.8,No,495.44,495.44,356.72,138.72
ORD101307,2025-04-03,C0451,35-44,Male,Sumgayit,Fashion,Handbag,1,26.86,20,Card,4,4.6,No,26.86,21.49,14.77,6.72
ORD101852,2025-04-03,C0784,45-54,Female,Ganja,Electronics,Bluetooth Speaker,1,240.74,5,Card,4,4.5,No,240.74,228.7,173.33,55.37
ORD102608,2025-04-04,C0426,25-34,Female,Sumgayit,Home & Kitchen,Desk Lamp,1,169.04,5,Card,7,4.2,No,169.04,160.59,104.8,55.79
ORD102346,2025-04-04,C0585,18-24,Female,Sumgayit,Beauty,Perfume,1,53.41,5,Card,2,4.9,No,53.41,50.74,25.64,25.1
ORD100346,2025-04-04,C0732,25-34,Male,Quba,Home & Kitchen,Coffee Maker,2,147.58,5,Digital Wallet,2,4.5,Yes,295.16,0.0,32.94,-32.94
ORD102126,2025-04-04,C0145,18-24,Female,Baku,Beauty,Face Serum,1,40.27,20,Digital Wallet,4,4.4,No,40.27,32.22,19.33,12.89
ORD100933,2025-04-04,C0795,18-24,Female,Sumgayit,Home & Kitchen,Coffee Maker,1,134.78,5,Card,2,4.9,No,134.78,128.04,83.56,44.48
ORD101425,2025-04-04,C0142,35-44,Female,Khirdalan,Electronics,Wireless Earbuds,2,218.44,5,Cash on Delivery,3,4.5,No,436.88,415.04,314.55,100.49
ORD102421,2025-04-05,C0135,18-24,Male,Baku,Fashion,Jacket,2,52.18,15,Card,6,3.3,No,104.36,88.71,57.4,31.31
ORD102079,2025-04-05,C0074,25-34,Female,Baku,Home & Kitchen,Storage Box,1,215.69,5,Cash on Delivery,4,4.3,No,215.69,204.91,133.73,71.18
ORD102418,2025-04-05,C0563,55+,Female,Baku,Beauty,Face Serum,1,82.83,10,Cash on Delivery,1,4.4,No,82.83,74.55,39.76,34.79
ORD101179,2025-04-05,C0720,25-34,Male,Ganja,Home & Kitchen,Blender,1,204.47,0,Card,5,4.2,No,204.47,204.47,126.77,77.7
ORD101804,2025-04-05,C0055,25-34,Female,Lankaran,Books,Novel,1,25.89,5,Cash on Delivery,2,3.9,No,25.89,24.6,12.94,11.66
ORD102188,2025-04-05,C0719,25-34,Female,Sumgayit,Books,Business Book,1,23.29,5,Digital Wallet,3,3.7,No,23.29,22.13,11.64,10.49
ORD100211,2025-04-06,C0473,35-44,Female,Baku,Sports,Running Bottle,4,15.81,10,Cash on Delivery,3,4.3,No,63.24,56.92,36.05,20.87
ORD101502,2025-04-06,C0346,18-24,Male,Baku,Home & Kitchen,Desk Lamp,1,166.48,0,Card,4,4.3,No,166.48,166.48,103.22,63.26
ORD102895,2025-04-06,C0756,25-34,Male,Mingachevir,Fashion,Jacket,1,66.02,5,Card,1,5.0,No,66.02,62.72,36.31,26.41
ORD100380,2025-04-06,C0570,35-44,Male,Ganja,Beauty,Lipstick,1,49.34,0,Digital Wallet,3,5.0,No,49.34,49.34,23.68,25.66
ORD101297,2025-04-06,C0601,25-34,Male,Baku,Home & Kitchen,Desk Lamp,2,157.41,5,Card,3,3.7,No,314.82,299.08,195.19,103.89
ORD100209,2025-04-07,C0483,55+,Female,Baku,Sports,Dumbbell Set,1,15.7,0,Card,3,3.8,No,15.7,15.7,8.95,6.75
ORD101882,2025-04-07,C0198,45-54,Male,Mingachevir,Sports,Yoga Mat,3,15.47,0,Card,1,4.5,No,46.41,46.41,26.45,19.96
ORD101621,2025-04-07,C0562,55+,Female,Baku,Electronics,Smart Watch,1,113.37,10,Cash on Delivery,3,4.4,No,113.37,102.03,81.63,20.4
ORD101701,2025-04-07,C0443,18-24,Male,Mingachevir,Sports,Football,2,30.89,15,Card,1,5.0,No,61.78,52.51,35.21,17.3
ORD101459,2025-04-07,C0430,25-34,Male,Baku,Fashion,T-shirt,1,31.85,5,Digital Wallet,4,4.0,No,31.85,30.26,17.52,12.74
ORD102492,2025-04-07,C0362,18-24,Female,Baku,Beauty,Face Serum,1,89.19,10,Cash on Delivery,3,3.7,No,89.19,80.27,42.81,37.46
ORD100292,2025-04-08,C0298,35-44,Male,Khirdalan,Fashion,Jeans,3,131.28,10,Card,3,4.3,Yes,393.84,0.0,38.9898,-38.99
ORD100618,2025-04-08,C0268,18-24,Female,Baku,Electronics,Power Bank,1,243.65,5,Card,1,5.0,No,243.65,231.47,175.43,56.04
ORD101429,2025-04-08,C0025,18-24,Female,Mingachevir,Fashion,Sneakers,1,91.12,0,Card,2,4.6,Yes,91.12,0.0,9.0216,-9.02
ORD102333,2025-04-08,C0286,45-54,Female,Baku,Fashion,Jeans,1,27.79,0,Card,2,3.9,No,27.79,27.79,15.28,12.51
ORD101673,2025-04-08,C0898,25-34,Male,Sumgayit,Home & Kitchen,Cookware Set,1,207.07,0,Card,5,4.2,No,207.07,207.07,128.38,78.69
ORD100206,2025-04-08,C0691,25-34,Female,Khirdalan,Books,Language Book,3,33.06,10,Cash on Delivery,4,4.5,No,99.18,89.26,49.59,39.67
ORD101261,2025-04-08,C0238,35-44,Male,Baku,Home & Kitchen,Coffee Maker,3,196.8,5,Card,2,4.0,No,590.4,560.88,366.05,194.83
ORD102301,2025-04-08,C0873,25-34,Female,Baku,Electronics,Keyboard,1,207.67,20,Card,3,4.5,No,207.67,166.14,149.52,16.62
ORD101011,2025-04-09,C0404,45-54,Male,Ganja,Beauty,Lipstick,2,16.26,5,Card,3,4.5,No,32.52,30.89,15.61,15.28
ORD100779,2025-04-09,C0766,45-54,Male,Lankaran,Sports,Running Bottle,2,53.88,5,Cash on Delivery,6,3.5,No,107.76,102.37,61.42,40.95
ORD100744,2025-04-09,C0556,45-54,Female,Baku,Fashion,Sneakers,2,19.03,5,Cash on Delivery,3,4.8,No,38.06,36.16,20.93,15.23
ORD100509,2025-04-09,C0337,25-34,Male,Baku,Electronics,Keyboard,2,179.25,15,Card,3,5.0,No,358.5,304.72,258.12,46.6
ORD102430,2025-04-09,C0212,18-24,Female,Baku,Books,Business Book,3,29.92,10,Card,4,4.4,No,89.76,80.78,44.88,35.9
ORD101123,2025-04-09,C0631,25-34,Male,Shaki,Fashion,Handbag,1,134.57,5,Card,2,5.0,No,134.57,127.84,74.01,53.83
ORD100890,2025-04-09,C0252,35-44,Male,Baku,Electronics,Power Bank,3,188.91,5,Card,5,5.0,No,566.73,538.39,408.05,130.34
ORD102658,2025-04-09,C0150,25-34,Male,Khirdalan,Electronics,Power Bank,2,155.29,0,Card,1,4.7,No,310.58,310.58,223.62,86.96
ORD102577,2025-04-09,C0300,25-34,Female,Baku,Home & Kitchen,Storage Box,1,24.52,10,Cash on Delivery,2,4.7,No,24.52,22.07,15.2,6.87
ORD102238,2025-04-09,C0755,25-34,Female,Baku,Home & Kitchen,Storage Box,2,124.01,5,Card,3,4.8,No,248.02,235.62,153.77,81.85
ORD101640,2025-04-10,C0272,55+,Male,Baku,Fashion,Sneakers,1,63.5,0,Card,4,5.0,No,63.5,63.5,34.93,28.57
ORD100216,2025-04-10,C0551,45-54,Male,Baku,Sports,Dumbbell Set,2,30.34,0,Card,6,3.6,No,60.68,60.68,34.59,26.09
ORD100281,2025-04-11,C0470,25-34,Female,Sumgayit,Electronics,Power Bank,4,223.59,0,Cash on Delivery,3,4.7,No,894.36,894.36,643.94,250.42
ORD101491,2025-04-11,C0161,25-34,Female,Baku,Sports,Resistance Bands,1,123.75,0,Card,4,4.3,No,123.75,123.75,70.54,53.21
ORD100143,2025-04-11,C0876,35-44,Male,Baku,Beauty,Face Serum,1,18.15,15,Card,2,4.5,No,18.15,15.43,8.71,6.72
ORD100505,2025-04-11,C0391,25-34,Female,Baku,Electronics,Wireless Earbuds,2,224.38,5,Card,3,4.4,No,448.76,426.32,323.11,103.21
ORD102106,2025-04-11,C0208,18-24,Female,Quba,Electronics,Smart Watch,1,41.4,0,Card,3,4.5,Yes,41.4,0.0,5.365799999999999,-5.37
ORD101322,2025-04-11,C0853,35-44,Female,Ganja,Home & Kitchen,Blender,1,27.37,0,Cash on Delivery,4,4.3,No,27.37,27.37,16.97,10.4
ORD100950,2025-04-12,C0660,55+,Female,Baku,Home & Kitchen,Desk Lamp,1,198.07,15,Cash on Delivery,2,4.3,No,198.07,168.36,122.8,45.56
ORD102045,2025-04-12,C0693,35-44,Male,Baku,Fashion,Sneakers,2,131.6,10,Cash on Delivery,4,2.9,No,263.2,236.88,144.76,92.12
ORD100039,2025-04-12,C0465,45-54,Male,Sumgayit,Sports,Resistance Bands,1,37.97,10,Card,1,4.6,No,37.97,34.17,21.64,12.53
ORD100111,2025-04-12,C0055,18-24,Female,Baku,Fashion,T-shirt,5,28.35,5,Card,4,4.2,No,141.75,134.66,77.96,56.7
ORD100413,2025-04-12,C0063,25-34,Female,Baku,Books,Language Book,1,24.06,15,Cash on Delivery,2,4.7,No,24.06,20.45,12.03,8.42
ORD101794,2025-04-12,C0629,18-24,Male,Ganja,Beauty,Perfume,4,45.06,10,Cash on Delivery,4,3.8,No,180.24,162.22,86.52,75.7
ORD102955,2025-04-12,C0775,35-44,Female,Baku,Beauty,Perfume,3,50.35,10,Digital Wallet,5,4.9,No,151.05,135.95,72.5,63.45
ORD101192,2025-04-12,C0327,25-34,Male,Baku,Fashion,Jacket,1,51.05,20,Card,3,4.5,No,51.05,40.84,28.08,12.76
ORD100399,2025-04-13,C0813,35-44,Female,Khirdalan,Electronics,Keyboard,2,171.43,0,Digital Wallet,6,4.9,No,342.86,342.86,246.86,96.0
ORD100314,2025-04-13,C0445,18-24,Male,Baku,Fashion,Jeans,2,36.63,5,Cash on Delivery,2,5.0,No,73.26,69.6,40.29,29.31
ORD101028,2025-04-13,C0261,35-44,Female,Baku,Books,Psychology Book,1,17.29,5,Digital Wallet,3,4.0,No,17.29,16.43,8.64,7.79
ORD102849,2025-04-13,C0662,35-44,Male,Baku,Beauty,Perfume,1,77.77,0,Card,4,4.0,No,77.77,77.77,37.33,40.44
ORD101551,2025-04-13,C0891,18-24,Female,Shaki,Books,Language Book,4,40.72,0,Card,2,4.0,No,162.88,162.88,81.44,81.44
ORD102311,2025-04-13,C0300,45-54,Female,Baku,Beauty,Body Lotion,1,86.05,0,Cash on Delivery,6,4.0,No,86.05,86.05,41.3,44.75
ORD100152,2025-04-13,C0646,18-24,Female,Quba,Fashion,T-shirt,1,105.96,15,Digital Wallet,4,4.2,No,105.96,90.07,58.28,31.79
ORD102000,2025-04-13,C0102,18-24,Male,Khirdalan,Sports,Dumbbell Set,3,124.34,5,Card,3,4.4,No,373.02,354.37,212.62,141.75
ORD101999,2025-04-13,C0088,25-34,Male,Quba,Fashion,Jacket,1,46.33,0,Card,4,4.7,No,46.33,46.33,25.48,20.85
ORD102111,2025-04-13,C0247,25-34,Male,Ganja,Home & Kitchen,Cookware Set,1,79.18,20,Card,3,4.6,No,79.18,63.34,49.09,14.25
ORD102109,2025-04-13,C0510,35-44,Male,Shaki,Electronics,Smart Watch,1,182.21,5,Card,2,3.7,No,182.21,173.1,131.19,41.91
ORD102110,2025-04-14,C0344,25-34,Female,Baku,Fashion,Handbag,1,91.47,10,Cash on Delivery,6,3.8,Yes,91.47,0.0,9.0558,-9.06
ORD102787,2025-04-14,C0490,25-34,Female,Baku,Books,Data Analytics Book,2,30.79,15,Card,1,4.9,No,61.58,52.34,30.79,21.55
ORD101917,2025-04-14,C0398,55+,Female,Ganja,Home & Kitchen,Desk Lamp,1,196.97,0,Card,2,4.6,No,196.97,196.97,122.12,74.85
ORD101382,2025-04-14,C0639,35-44,Female,Baku,Electronics,Bluetooth Speaker,2,127.84,5,Card,4,4.7,No,255.68,242.9,184.09,58.81
ORD102706,2025-04-14,C0360,45-54,Male,Baku,Home & Kitchen,Coffee Maker,1,104.01,0,Card,4,4.1,No,104.01,104.01,64.49,39.52
ORD100534,2025-04-14,C0598,25-34,Male,Ganja,Beauty,Lipstick,1,14.31,5,Digital Wallet,4,3.3,No,14.31,13.59,6.87,6.72
ORD101410,2025-04-14,C0571,55+,Female,Baku,Beauty,Face Serum,1,27.98,0,Card,3,4.5,No,27.98,27.98,13.43,14.55
ORD101209,2025-04-14,C0168,35-44,Female,Baku,Electronics,Bluetooth Speaker,1,77.54,5,Cash on Delivery,2,4.9,No,77.54,73.66,55.83,17.83
ORD100299,2025-04-14,C0521,18-24,Male,Baku,Beauty,Body Lotion,2,33.7,0,Card,2,4.3,No,67.4,67.4,32.35,35.05
ORD100573,2025-04-14,C0386,25-34,Female,Baku,Fashion,T-shirt,1,96.71,10,Card,2,3.8,No,96.71,87.04,53.19,33.85
ORD100814,2025-04-14,C0030,25-34,Male,Shaki,Electronics,Keyboard,1,60.93,0,Digital Wallet,4,4.3,No,60.93,60.93,43.87,17.06
ORD102979,2025-04-14,C0740,25-34,Female,Baku,Sports,Resistance Bands,1,96.59,15,Digital Wallet,3,4.5,No,96.59,82.1,55.06,27.04
ORD102871,2025-04-14,C0879,25-34,Female,Khirdalan,Fashion,Sneakers,1,85.03,5,Digital Wallet,2,4.6,Yes,85.03,0.0,8.4186,-8.42
ORD102812,2025-04-15,C0275,25-34,Male,Lankaran,Sports,Resistance Bands,1,129.08,0,Digital Wallet,5,3.3,Yes,129.08,0.0,13.244399999999999,-13.24
ORD102193,2025-04-15,C0740,55+,Female,Baku,Electronics,Bluetooth Speaker,2,62.92,10,Card,5,4.0,No,125.84,113.26,90.6,22.66
ORD100450,2025-04-15,C0642,25-34,Female,Ganja,Books,Business Book,1,36.14,5,Card,3,4.5,No,36.14,34.33,18.07,16.26
ORD101993,2025-04-15,C0106,25-34,Male,Quba,Sports,Resistance Bands,2,23.08,5,Cash on Delivery,6,3.7,No,46.16,43.85,26.31,17.54
ORD102219,2025-04-15,C0178,45-54,Female,Lankaran,Books,Novel,1,23.33,10,Card,3,4.3,No,23.33,21.0,11.66,9.34
ORD101230,2025-04-16,C0757,35-44,Male,Mingachevir,Books,Business Book,1,44.58,10,Digital Wallet,1,4.7,No,44.58,40.12,22.29,17.83
ORD100481,2025-04-16,C0805,18-24,Female,Sumgayit,Sports,Football,4,101.37,15,Card,4,4.0,No,405.48,344.66,231.12,113.54
ORD100096,2025-04-16,C0609,18-24,Female,Lankaran,Home & Kitchen,Cookware Set,2,94.91,5,Digital Wallet,3,3.5,No,189.82,180.33,117.69,62.64
ORD102186,2025-04-16,C0877,45-54,Female,Baku,Electronics,Power Bank,1,262.51,0,Card,5,3.5,Yes,262.51,0.0,34.0218,-34.02
ORD102229,2025-04-16,C0713,55+,Male,Sumgayit,Home & Kitchen,Desk Lamp,2,209.87,10,Digital Wallet,4,3.9,No,419.74,377.77,260.24,117.53
ORD100660,2025-04-16,C0806,25-34,Female,Baku,Electronics,Keyboard,1,138.94,0,Cash on Delivery,4,4.5,No,138.94,138.94,100.04,38.9
ORD102041,2025-04-16,C0302,45-54,Female,Baku,Books,Psychology Book,4,14.3,5,Card,1,4.6,No,57.2,54.34,28.6,25.74
ORD102419,2025-04-16,C0442,35-44,Female,Sumgayit,Home & Kitchen,Storage Box,3,86.78,5,Card,3,4.6,No,260.34,247.32,161.41,85.91
ORD102398,2025-04-16,C0835,25-34,Female,Ganja,Fashion,Jeans,2,110.32,0,Cash on Delivery,4,4.2,No,220.64,220.64,121.35,99.29
ORD102807,2025-04-16,C0389,35-44,Female,Baku,Beauty,Lipstick,2,12.01,5,Card,1,5.0,No,24.02,22.82,11.53,11.29
ORD101483,2025-04-16,C0837,18-24,Male,Baku,Electronics,Keyboard,2,169.78,0,Card,1,4.1,No,339.56,339.56,244.48,95.08
ORD100841,2025-04-16,C0673,25-34,Female,Baku,Electronics,Keyboard,2,207.02,5,Card,3,4.4,No,414.04,393.34,298.11,95.23
ORD100495,2025-04-16,C0096,55+,Female,Sumgayit,Beauty,Shampoo,1,82.07,10,Card,2,4.8,No,82.07,73.86,39.39,34.47
ORD102541,2025-04-16,C0315,25-34,Male,Sumgayit,Beauty,Body Lotion,3,25.52,10,Digital Wallet,2,4.5,No,76.56,68.9,36.75,32.15
ORD100855,2025-04-16,C0540,55+,Male,Sumgayit,Beauty,Lipstick,1,21.86,15,Digital Wallet,3,3.9,No,21.86,18.58,10.49,8.09
ORD102583,2025-04-17,C0513,25-34,Male,Mingachevir,Home & Kitchen,Coffee Maker,1,126.88,5,Card,5,4.0,No,126.88,120.54,78.67,41.87
ORD101114,2025-04-17,C0441,25-34,Male,Khirdalan,Sports,Football,3,74.7,0,Digital Wallet,4,3.3,Yes,224.1,0.0,22.993199999999998,-22.99
ORD102197,2025-04-17,C0356,35-44,Male,Mingachevir,Fashion,T-shirt,1,94.22,0,Card,1,3.9,No,94.22,94.22,51.82,42.4
ORD101561,2025-04-17,C0485,45-54,Male,Baku,Home & Kitchen,Storage Box,1,202.81,0,Cash on Delivery,3,4.3,No,202.81,202.81,125.74,77.07
ORD100342,2025-04-17,C0341,25-34,Female,Baku,Beauty,Face Serum,1,86.98,20,Digital Wallet,3,4.0,No,86.98,69.58,41.75,27.83
ORD100154,2025-04-18,C0634,25-34,Female,Ganja,Electronics,Keyboard,5,104.34,5,Card,2,3.5,No,521.7,495.62,375.62,120.0
ORD101451,2025-04-18,C0086,25-34,Male,Sumgayit,Electronics,Bluetooth Speaker,1,93.78,5,Cash on Delivery,2,4.3,Yes,93.78,0.0,12.153599999999999,-12.15
ORD100796,2025-04-18,C0556,45-54,Female,Baku,Electronics,Power Bank,2,171.1,10,Cash on Delivery,3,4.0,No,342.2,307.98,246.38,61.6
ORD100271,2025-04-18,C0564,25-34,Female,Baku,Home & Kitchen,Blender,1,112.26,15,Card,5,4.0,No,112.26,95.42,69.6,25.82
ORD102255,2025-04-18,C0200,25-34,Female,Baku,Beauty,Lipstick,1,68.46,15,Cash on Delivery,3,3.9,No,68.46,58.19,32.86,25.33
ORD101820,2025-04-18,C0565,25-34,Male,Baku,Fashion,Jeans,1,73.6,10,Cash on Delivery,3,4.2,No,73.6,66.24,40.48,25.76
ORD101646,2025-04-18,C0223,25-34,Male,Baku,Home & Kitchen,Blender,1,70.78,10,Card,4,4.9,Yes,70.78,0.0,7.8984000000000005,-7.9
ORD102273,2025-04-19,C0435,45-54,Male,Ganja,Home & Kitchen,Desk Lamp,4,214.96,15,Card,1,4.5,No,859.84,730.86,533.1,197.76
ORD101239,2025-04-19,C0866,25-34,Female,Baku,Home & Kitchen,Desk Lamp,1,116.41,0,Card,4,4.0,No,116.41,116.41,72.17,44.24
ORD101862,2025-04-19,C0809,18-24,Female,Baku,Fashion,Sneakers,2,22.75,15,Digital Wallet,4,3.8,No,45.5,38.67,25.02,13.65
ORD100638,2025-04-19,C0356,45-54,Male,Baku,Sports,Football,2,94.89,10,Card,3,4.1,No,189.78,170.8,108.17,62.63
ORD100419,2025-04-19,C0719,35-44,Male,Shaki,Home & Kitchen,Coffee Maker,1,195.61,10,Card,3,4.6,No,195.61,176.05,121.28,54.77
ORD101907,2025-04-19,C0131,35-44,Female,Khirdalan,Beauty,Body Lotion,2,62.6,5,Card,4,4.5,Yes,125.2,0.0,10.818,-10.82
ORD101338,2025-04-19,C0240,45-54,Male,Khirdalan,Fashion,T-shirt,4,77.57,15,Digital Wallet,4,4.0,No,310.28,263.74,170.65,93.09
ORD101581,2025-04-19,C0081,35-44,Female,Lankaran,Fashion,Handbag,2,49.54,5,Cash on Delivery,4,4.4,No,99.08,94.13,54.49,39.64
ORD102833,2025-04-20,C0890,25-34,Male,Quba,Electronics,Bluetooth Speaker,2,57.1,15,Card,1,5.0,No,114.2,97.07,82.22,14.85
ORD100442,2025-04-20,C0514,18-24,Female,Baku,Beauty,Shampoo,4,87.43,10,Digital Wallet,4,4.2,No,349.72,314.75,167.87,146.88
ORD100971,2025-04-20,C0321,25-34,Male,Baku,Beauty,Face Serum,2,75.76,0,Card,6,3.9,No,151.52,151.52,72.73,78.79
ORD101403,2025-04-20,C0774,35-44,Female,Sumgayit,Electronics,Bluetooth Speaker,1,113.72,5,Cash on Delivery,5,4.3,No,113.72,108.03,81.88,26.15
ORD101400,2025-04-20,C0057,35-44,Male,Sumgayit,Beauty,Shampoo,2,75.39,0,Card,4,4.6,No,150.78,150.78,72.37,78.41
ORD101316,2025-04-20,C0138,18-24,Male,Ganja,Beauty,Shampoo,3,24.66,0,Digital Wallet,3,4.8,No,73.98,73.98,35.51,38.47
ORD100928,2025-04-20,C0656,45-54,Male,Sumgayit,Home & Kitchen,Cookware Set,1,202.43,0,Cash on Delivery,4,3.7,No,202.43,202.43,125.51,76.92
ORD100353,2025-04-20,C0223,45-54,Male,Baku,Beauty,Face Serum,1,74.87,5,Digital Wallet,1,4.2,No,74.87,71.13,35.94,35.19
ORD100263,2025-04-20,C0268,45-54,Male,Baku,Fashion,T-shirt,2,24.63,5,Card,3,4.6,No,49.26,46.8,27.09,19.71
ORD102467,2025-04-20,C0678,45-54,Female,Lankaran,Beauty,Lipstick,1,43.13,0,Card,3,4.0,No,43.13,43.13,20.7,22.43
ORD102776,2025-04-21,C0674,35-44,Female,Ganja,Electronics,Wireless Earbuds,1,79.01,0,Card,6,3.8,Yes,79.01,0.0,10.2402,-10.24
ORD102052,2025-04-21,C0285,18-24,Male,Baku,Beauty,Body Lotion,1,73.86,15,Card,4,4.3,No,73.86,62.78,35.45,27.33
ORD101823,2025-04-21,C0578,35-44,Male,Baku,Home & Kitchen,Coffee Maker,1,83.51,0,Cash on Delivery,7,4.0,No,83.51,83.51,51.78,31.73
ORD101367,2025-04-21,C0512,18-24,Female,Mingachevir,Fashion,Sneakers,2,38.67,5,Card,3,3.6,No,77.34,73.47,42.54,30.93
ORD100802,2025-04-21,C0358,45-54,Male,Baku,Home & Kitchen,Desk Lamp,2,152.8,10,Card,5,4.4,No,305.6,275.04,189.47,85.57
ORD102997,2025-04-21,C0859,25-34,Male,Baku,Beauty,Face Serum,1,81.07,5,Cash on Delivery,1,4.1,No,81.07,77.02,38.91,38.11
ORD100307,2025-04-21,C0882,25-34,Male,Baku,Electronics,Bluetooth Speaker,3,204.81,0,Card,4,4.5,No,614.43,614.43,442.39,172.04
ORD101601,2025-04-21,C0697,25-34,Female,Ganja,Books,Psychology Book,2,44.93,10,Card,3,4.9,No,89.86,80.87,44.93,35.94
ORD100190,2025-04-21,C0244,45-54,Female,Lankaran,Fashion,Sneakers,2,92.54,0,Card,6,3.4,No,185.08,185.08,101.79,83.29
ORD102708,2025-04-21,C0078,55+,Male,Ganja,Electronics,Smart Watch,1,44.52,0,Card,1,4.9,No,44.52,44.52,32.05,12.47
ORD100136,2025-04-21,C0812,35-44,Female,Mingachevir,Fashion,T-shirt,2,48.12,5,Card,4,3.8,No,96.24,91.43,52.93,38.5
ORD101476,2025-04-21,C0041,35-44,Female,Baku,Sports,Yoga Mat,1,73.52,5,Cash on Delivery,2,4.0,No,73.52,69.84,41.91,27.93
ORD102021,2025-04-21,C0362,25-34,Female,Khirdalan,Beauty,Shampoo,1,26.6,10,Cash on Delivery,2,4.6,No,26.6,23.94,12.77,11.17
ORD101155,2025-04-22,C0851,45-54,Female,Ganja,Beauty,Shampoo,1,78.74,15,Card,2,4.3,No,78.74,66.93,37.8,29.13
ORD102187,2025-04-22,C0832,18-24,Female,Sumgayit,Fashion,Jacket,4,63.62,0,Card,3,3.8,Yes,254.48,0.0,25.192800000000002,-25.19
ORD100952,2025-04-22,C0586,55+,Male,Ganja,Home & Kitchen,Desk Lamp,5,213.41,0,Card,2,4.3,No,1067.05,1067.05,661.57,405.48
ORD101838,2025-04-22,C0105,25-34,Female,Baku,Books,Business Book,2,34.59,5,Card,3,4.2,No,69.18,65.72,34.59,31.13
ORD102595,2025-04-22,C0202,55+,Female,Lankaran,Fashion,Handbag,1,27.39,0,Digital Wallet,6,3.3,No,27.39,27.39,15.06,12.33
ORD101391,2025-04-22,C0447,18-24,Male,Shaki,Electronics,Wireless Earbuds,2,98.9,10,Cash on Delivery,2,4.5,No,197.8,178.02,142.42,35.6
ORD102089,2025-04-22,C0081,18-24,Male,Baku,Sports,Yoga Mat,3,66.6,5,Card,3,5.0,No,199.8,189.81,113.89,75.92
ORD100226,2025-04-22,C0157,25-34,Female,Mingachevir,Electronics,Bluetooth Speaker,3,62.79,0,Card,2,4.2,Yes,188.37,0.0,24.4134,-24.41
ORD101105,2025-04-22,C0384,35-44,Female,Baku,Electronics,Power Bank,2,101.28,5,Cash on Delivery,4,4.1,No,202.56,192.43,145.84,46.59
ORD102127,2025-04-23,C0672,45-54,Female,Khirdalan,Books,Novel,1,23.52,0,Card,4,3.9,No,23.52,23.52,11.76,11.76
ORD101779,2025-04-23,C0426,25-34,Female,Baku,Fashion,Sneakers,2,42.59,0,Card,4,4.0,No,85.18,85.18,46.85,38.33
ORD100239,2025-04-23,C0127,25-34,Female,Mingachevir,Beauty,Lipstick,2,81.24,20,Cash on Delivery,1,4.3,No,162.48,129.98,77.99,51.99
ORD101186,2025-04-23,C0208,25-34,Female,Sumgayit,Home & Kitchen,Cookware Set,1,100.56,0,Card,3,5.0,No,100.56,100.56,62.35,38.21
ORD102309,2025-04-23,C0195,35-44,Female,Sumgayit,Books,Novel,1,21.72,5,Digital Wallet,7,3.7,No,21.72,20.63,10.86,9.77
ORD102355,2025-04-23,C0147,45-54,Female,Baku,Home & Kitchen,Blender,1,125.09,15,Cash on Delivery,5,3.8,No,125.09,106.33,77.56,28.77
ORD100526,2025-04-24,C0794,45-54,Female,Sumgayit,Fashion,Jeans,2,139.94,0,Cash on Delivery,3,4.7,No,279.88,279.88,153.93,125.95
ORD100400,2025-04-24,C0204,25-34,Male,Ganja,Electronics,Bluetooth Speaker,2,234.35,5,Card,7,3.2,No,468.7,445.26,337.46,107.8
ORD102781,2025-04-24,C0723,35-44,Male,Baku,Electronics,Wireless Earbuds,1,181.01,5,Card,5,4.6,No,181.01,171.96,130.33,41.63
ORD101060,2025-04-24,C0618,35-44,Female,Baku,Electronics,Wireless Earbuds,5,134.63,5,Card,4,4.0,No,673.15,639.49,484.67,154.82
ORD100333,2025-04-24,C0218,45-54,Male,Baku,Beauty,Lipstick,1,53.28,10,Card,5,4.1,No,53.28,47.95,25.57,22.38
ORD102808,2025-04-24,C0171,35-44,Male,Quba,Fashion,Handbag,1,114.2,0,Cash on Delivery,5,3.6,No,114.2,114.2,62.81,51.39
ORD100447,2025-04-25,C0739,18-24,Male,Baku,Fashion,Jeans,1,102.19,10,Card,5,3.7,No,102.19,91.97,56.2,35.77
ORD101462,2025-04-25,C0568,45-54,Male,Khirdalan,Books,Language Book,2,29.18,5,Digital Wallet,1,4.9,No,58.36,55.44,29.18,26.26
ORD102434,2025-04-25,C0854,35-44,Female,Baku,Electronics,Keyboard,3,193.09,15,Card,4,5.0,No,579.27,492.38,417.07,75.31
ORD101821,2025-04-25,C0714,55+,Male,Baku,Electronics,Keyboard,4,193.81,20,Card,6,3.3,No,775.24,620.19,558.17,62.02
ORD100748,2025-04-25,C0836,55+,Male,Sumgayit,Home & Kitchen,Desk Lamp,3,125.17,0,Cash on Delivery,1,3.4,No,375.51,375.51,232.82,142.69
ORD101034,2025-04-25,C0532,45-54,Female,Khirdalan,Electronics,Power Bank,1,65.35,0,Card,4,4.4,No,65.35,65.35,47.05,18.3
ORD101014,2025-04-25,C0633,45-54,Male,Mingachevir,Electronics,Bluetooth Speaker,1,210.95,0,Card,4,3.4,No,210.95,210.95,151.88,59.07
ORD100749,2025-04-25,C0553,35-44,Female,Sumgayit,Fashion,Handbag,3,73.57,5,Card,3,4.2,No,220.71,209.67,121.39,88.28
ORD100088,2025-04-25,C0389,35-44,Female,Baku,Beauty,Shampoo,3,30.53,0,Cash on Delivery,1,4.6,No,91.59,91.59,43.96,47.63
ORD101586,2025-04-26,C0366,25-34,Female,Baku,Fashion,Jeans,2,64.04,20,Card,4,4.0,Yes,128.08,0.0,12.6792,-12.68
ORD101604,2025-04-26,C0053,25-34,Male,Ganja,Sports,Running Bottle,2,79.72,0,Card,4,4.7,No,159.44,159.44,90.88,68.56
ORD101177,2025-04-26,C0235,25-34,Female,Sumgayit,Beauty,Lipstick,1,19.82,5,Cash on Delivery,5,4.6,No,19.82,18.83,9.51,9.32
ORD100968,2025-04-26,C0860,45-54,Male,Ganja,Home & Kitchen,Coffee Maker,2,54.64,0,Card,2,4.3,No,109.28,109.28,67.75,41.53
ORD102167,2025-04-26,C0668,35-44,Female,Baku,Fashion,Jeans,1,101.95,5,Card,2,4.2,No,101.95,96.85,56.07,40.78
ORD100338,2025-04-26,C0217,25-34,Female,Baku,Beauty,Body Lotion,1,38.64,5,Card,2,4.5,No,38.64,36.71,18.55,18.16
ORD100988,2025-04-26,C0031,35-44,Female,Baku,Sports,Dumbbell Set,3,18.44,0,Card,5,4.5,No,55.32,55.32,31.53,23.79
ORD102867,2025-04-26,C0582,55+,Male,Baku,Beauty,Shampoo,1,17.68,5,Card,5,4.1,No,17.68,16.8,8.49,8.31
ORD100368,2025-04-26,C0682,25-34,Male,Baku,Fashion,Handbag,3,43.09,0,Card,4,3.4,No,129.27,129.27,71.1,58.17
ORD100309,2025-04-26,C0129,25-34,Male,Ganja,Fashion,Handbag,1,60.63,10,Cash on Delivery,6,3.6,No,60.63,54.57,33.35,21.22
ORD100799,2025-04-26,C0086,35-44,Male,Baku,Electronics,Bluetooth Speaker,1,171.15,5,Card,3,4.0,No,171.15,162.59,123.23,39.36
ORD102272,2025-04-27,C0734,18-24,Female,Baku,Books,Psychology Book,1,13.81,10,Card,3,4.4,No,13.81,12.43,6.9,5.53
ORD101756,2025-04-27,C0840,18-24,Female,Mingachevir,Sports,Running Bottle,1,119.26,15,Card,1,4.4,No,119.26,101.37,67.98,33.39
ORD100554,2025-04-27,C0041,55+,Female,Baku,Sports,Football,1,21.27,5,Cash on Delivery,3,3.6,No,21.27,20.21,12.12,8.09
ORD101527,2025-04-27,C0243,25-34,Female,Sumgayit,Fashion,Jeans,4,113.22,10,Card,1,5.0,No,452.88,407.59,249.08,158.51
ORD102130,2025-04-27,C0597,25-34,Male,Baku,Electronics,Keyboard,2,142.83,0,Card,4,3.9,No,285.66,285.66,205.68,79.98
ORD102016,2025-04-27,C0554,55+,Female,Sumgayit,Home & Kitchen,Desk Lamp,2,68.19,5,Card,4,3.8,No,136.38,129.56,84.56,45.0
ORD100525,2025-04-27,C0373,55+,Female,Baku,Beauty,Shampoo,1,39.11,10,Cash on Delivery,4,3.6,No,39.11,35.2,18.77,16.43
ORD101439,2025-04-27,C0406,35-44,Male,Ganja,Fashion,T-shirt,3,45.3,0,Card,5,4.0,No,135.9,135.9,74.74,61.16
ORD102484,2025-04-27,C0026,35-44,Female,Baku,Fashion,Handbag,2,85.18,0,Cash on Delivery,2,5.0,No,170.36,170.36,93.7,76.66
ORD101576,2025-04-27,C0777,18-24,Female,Sumgayit,Books,Data Analytics Book,2,44.3,15,Card,1,4.1,No,88.6,75.31,44.3,31.01
ORD100403,2025-04-27,C0233,18-24,Male,Khirdalan,Sports,Resistance Bands,1,12.28,10,Card,4,3.6,No,12.28,11.05,7.0,4.05
ORD102271,2025-04-27,C0463,55+,Male,Mingachevir,Books,Data Analytics Book,1,26.04,15,Card,3,4.7,No,26.04,22.13,13.02,9.11
ORD101435,2025-04-27,C0037,35-44,Female,Baku,Home & Kitchen,Storage Box,1,21.93,15,Card,3,4.5,Yes,21.93,0.0,2.448,-2.45
ORD101950,2025-04-28,C0709,25-34,Male,Baku,Sports,Running Bottle,1,118.71,5,Card,2,4.9,No,118.71,112.77,67.66,45.11
ORD101504,2025-04-28,C0793,55+,Male,Lankaran,Home & Kitchen,Coffee Maker,2,108.76,0,Cash on Delivery,3,3.8,No,217.52,217.52,134.86,82.66
ORD102152,2025-04-28,C0556,55+,Male,Mingachevir,Fashion,T-shirt,1,81.51,5,Card,5,3.7,No,81.51,77.43,44.83,32.6
ORD102928,2025-04-28,C0435,55+,Female,Khirdalan,Electronics,Smart Watch,2,270.89,10,Digital Wallet,3,4.5,No,541.78,487.6,390.08,97.52
ORD101404,2025-04-28,C0009,25-34,Male,Baku,Books,Business Book,2,27.07,10,Card,3,4.2,No,54.14,48.73,27.07,21.66
ORD100321,2025-04-28,C0398,18-24,Male,Quba,Books,Novel,2,16.54,5,Cash on Delivery,1,5.0,No,33.08,31.43,16.54,14.89
ORD102292,2025-04-28,C0874,25-34,Female,Baku,Fashion,Sneakers,1,133.79,5,Card,1,4.7,No,133.79,127.1,73.58,53.52
ORD100607,2025-04-28,C0877,18-24,Female,Quba,Home & Kitchen,Cookware Set,1,193.2,10,Card,3,3.1,No,193.2,173.88,119.78,54.1
ORD100595,2025-04-28,C0092,18-24,Male,Khirdalan,Books,Data Analytics Book,1,44.98,10,Cash on Delivery,7,4.2,No,44.98,40.48,22.49,17.99
ORD100167,2025-04-28,C0302,35-44,Female,Mingachevir,Sports,Running Bottle,2,83.09,5,Card,2,5.0,No,166.18,157.87,94.72,63.15
ORD102588,2025-04-28,C0700,45-54,Male,Baku,Home & Kitchen,Coffee Maker,1,107.58,0,Card,3,5.0,No,107.58,107.58,66.7,40.88
ORD102552,2025-04-28,C0376,25-34,Female,Mingachevir,Home & Kitchen,Coffee Maker,3,149.93,0,Card,4,4.6,No,449.79,449.79,278.87,170.92
ORD102083,2025-04-29,C0286,25-34,Female,Shaki,Fashion,Handbag,1,27.38,0,Card,2,4.0,No,27.38,27.38,15.06,12.32
ORD102921,2025-04-29,C0357,55+,Male,Baku,Fashion,Jeans,2,68.05,5,Card,1,4.8,No,136.1,129.29,74.86,54.43
ORD101388,2025-04-29,C0438,18-24,Female,Baku,Books,Psychology Book,2,12.76,15,Card,4,4.1,No,25.52,21.69,12.76,8.93
ORD101249,2025-04-29,C0277,45-54,Male,Baku,Beauty,Lipstick,1,76.87,15,Card,3,4.7,No,76.87,65.34,36.9,28.44
ORD102307,2025-04-29,C0382,55+,Male,Baku,Home & Kitchen,Coffee Maker,1,158.35,0,Card,5,4.2,No,158.35,158.35,98.18,60.17
ORD100066,2025-04-29,C0891,25-34,Female,Baku,Beauty,Lipstick,2,83.95,5,Cash on Delivery,3,4.0,No,167.9,159.5,80.59,78.91
ORD102526,2025-04-29,C0295,18-24,Female,Baku,Books,Psychology Book,2,38.86,10,Card,1,4.8,No,77.72,69.95,38.86,31.09
ORD102283,2025-04-29,C0847,45-54,Female,Mingachevir,Books,Business Book,1,22.55,10,Digital Wallet,3,4.4,No,22.55,20.3,11.28,9.02
ORD102347,2025-04-30,C0027,35-44,Female,Ganja,Home & Kitchen,Storage Box,2,145.4,0,Cash on Delivery,4,3.5,No,290.8,290.8,180.3,110.5
ORD100646,2025-04-30,C0477,45-54,Male,Shaki,Books,Psychology Book,1,11.7,15,Card,1,4.8,No,11.7,9.94,5.85,4.09
ORD102151,2025-04-30,C0770,55+,Female,Baku,Fashion,T-shirt,1,80.56,0,Digital Wallet,3,3.8,No,80.56,80.56,44.31,36.25
ORD102092,2025-04-30,C0295,35-44,Female,Baku,Fashion,Sneakers,1,25.94,5,Digital Wallet,2,5.0,No,25.94,24.64,14.27,10.37
ORD101095,2025-04-30,C0630,35-44,Female,Mingachevir,Fashion,Jeans,3,100.49,5,Digital Wallet,6,4.7,Yes,301.47,0.0,29.8458,-29.85
ORD101915,2025-04-30,C0291,55+,Female,Sumgayit,Fashion,T-shirt,4,127.86,20,Cash on Delivery,4,4.3,No,511.44,409.15,281.29,127.86
ORD100632,2025-04-30,C0520,25-34,Female,Lankaran,Home & Kitchen,Coffee Maker,4,32.09,10,Card,3,4.3,No,128.36,115.52,79.58,35.94
ORD102537,2025-04-30,C0690,18-24,Male,Shaki,Fashion,Handbag,1,31.59,5,Cash on Delivery,5,3.3,No,31.59,30.01,17.37,12.64
ORD100077,2025-05-01,C0573,18-24,Female,Baku,Sports,Running Bottle,3,85.85,5,Card,4,4.9,No,257.55,244.67,146.8,97.87
ORD100254,2025-05-01,C0435,18-24,Male,Baku,Sports,Resistance Bands,2,54.13,0,Card,2,3.6,No,108.26,108.26,61.71,46.55
ORD102576,2025-05-01,C0371,25-34,Male,Lankaran,Fashion,Jeans,1,82.0,0,Card,2,4.8,No,82.0,82.0,45.1,36.9
ORD102069,2025-05-01,C0713,25-34,Female,Shaki,Sports,Football,1,26.82,10,Card,4,5.0,No,26.82,24.14,15.29,8.85
ORD101145,2025-05-01,C0806,18-24,Female,Sumgayit,Fashion,Sneakers,1,121.94,5,Cash on Delivery,4,3.7,Yes,121.94,0.0,12.072599999999998,-12.07
ORD102650,2025-05-01,C0646,35-44,Male,Ganja,Fashion,Sneakers,3,96.67,10,Cash on Delivery,4,4.5,No,290.01,261.01,159.51,101.5
ORD101514,2025-05-01,C0376,35-44,Female,Baku,Home & Kitchen,Storage Box,1,159.66,5,Cash on Delivery,1,4.7,No,159.66,151.68,98.99,52.69
ORD101511,2025-05-02,C0497,25-34,Male,Baku,Fashion,Jacket,1,91.59,5,Card,2,4.1,No,91.59,87.01,50.37,36.64
ORD101777,2025-05-02,C0372,18-24,Female,Ganja,Beauty,Shampoo,3,27.04,5,Cash on Delivery,5,4.5,No,81.12,77.06,38.94,38.12
ORD101030,2025-05-02,C0283,55+,Male,Sumgayit,Home & Kitchen,Coffee Maker,2,199.94,0,Card,2,5.0,No,399.88,399.88,247.93,151.95
ORD101905,2025-05-02,C0320,18-24,Female,Quba,Sports,Football,1,124.66,0,Card,5,5.0,No,124.66,124.66,71.06,53.6
ORD101494,2025-05-02,C0565,55+,Female,Mingachevir,Beauty,Shampoo,1,19.19,5,Cash on Delivery,3,3.8,No,19.19,18.23,9.21,9.02
ORD101069,2025-05-02,C0362,25-34,Female,Ganja,Home & Kitchen,Cookware Set,1,105.4,0,Card,4,4.6,No,105.4,105.4,65.35,40.05
ORD100738,2025-05-02,C0265,45-54,Male,Lankaran,Fashion,Jacket,1,90.81,20,Digital Wallet,2,3.9,No,90.81,72.65,49.95,22.7
ORD100294,2025-05-02,C0459,18-24,Female,Baku,Home & Kitchen,Blender,1,218.21,10,Card,2,4.0,No,218.21,196.39,135.29,61.1
ORD100487,2025-05-02,C0153,35-44,Female,Sumgayit,Fashion,Sneakers,2,49.05,0,Card,5,3.8,No,98.1,98.1,53.96,44.14
ORD102160,2025-05-02,C0130,35-44,Female,Baku,Electronics,Bluetooth Speaker,1,119.47,20,Cash on Delivery,5,4.2,No,119.47,95.58,86.02,9.56
ORD100169,2025-05-03,C0126,25-34,Male,Baku,Electronics,Bluetooth Speaker,1,119.7,0,Card,3,4.8,No,119.7,119.7,86.18,33.52
ORD102637,2025-05-03,C0596,25-34,Female,Baku,Beauty,Perfume,2,32.13,10,Card,5,4.3,No,64.26,57.83,30.84,26.99
ORD102204,2025-05-03,C0337,45-54,Male,Baku,Home & Kitchen,Coffee Maker,1,138.62,10,Card,2,4.2,No,138.62,124.76,85.94,38.82
ORD100371,2025-05-03,C0551,35-44,Female,Sumgayit,Fashion,Sneakers,3,125.5,15,Digital Wallet,2,3.7,No,376.5,320.02,207.08,112.94
ORD101176,2025-05-04,C0351,25-34,Female,Ganja,Beauty,Shampoo,2,10.49,0,Cash on Delivery,4,4.6,No,20.98,20.98,10.07,10.91
ORD101142,2025-05-04,C0715,18-24,Female,Baku,Home & Kitchen,Cookware Set,3,162.58,0,Card,1,4.8,Yes,487.74,0.0,54.431999999999995,-54.43
ORD102367,2025-05-04,C0333,35-44,Male,Baku,Beauty,Lipstick,1,20.17,15,Digital Wallet,3,4.0,No,20.17,17.14,9.68,7.46
ORD100627,2025-05-04,C0414,18-24,Female,Baku,Fashion,Sneakers,1,96.3,5,Card,4,3.9,No,96.3,91.48,52.96,38.52
ORD100199,2025-05-04,C0784,35-44,Male,Khirdalan,Books,Business Book,1,25.02,5,Card,5,4.8,No,25.02,23.77,12.51,11.26
ORD102323,2025-05-04,C0469,35-44,Female,Sumgayit,Beauty,Shampoo,1,15.39,15,Digital Wallet,4,3.7,No,15.39,13.08,7.39,5.69
ORD101782,2025-05-04,C0617,18-24,Male,Baku,Electronics,Power Bank,2,107.19,20,Digital Wallet,4,4.6,No,214.38,171.5,154.35,17.15
ORD101771,2025-05-04,C0575,55+,Female,Baku,Books,Business Book,1,9.93,20,Digital Wallet,5,3.7,No,9.93,7.94,4.96,2.98
ORD101900,2025-05-04,C0792,35-44,Female,Ganja,Home & Kitchen,Desk Lamp,1,81.01,5,Card,1,4.5,No,81.01,76.96,50.23,26.73
ORD102074,2025-05-05,C0868,55+,Male,Baku,Beauty,Perfume,1,48.18,5,Card,3,4.2,No,48.18,45.77,23.13,22.64
ORD102491,2025-05-05,C0574,45-54,Female,Baku,Books,Data Analytics Book,1,15.66,10,Cash on Delivery,5,3.6,No,15.66,14.09,7.83,6.26
ORD102327,2025-05-05,C0114,25-34,Male,Baku,Fashion,T-shirt,2,103.32,0,Cash on Delivery,2,4.6,No,206.64,206.64,113.65,92.99
ORD102461,2025-05-05,C0202,25-34,Female,Shaki,Fashion,T-shirt,1,130.15,10,Cash on Delivery,4,5.0,No,130.15,117.14,71.58,45.56
ORD101978,2025-05-05,C0171,18-24,Female,Baku,Books,Data Analytics Book,1,43.46,20,Cash on Delivery,5,5.0,No,43.46,34.77,21.73,13.04
ORD101160,2025-05-05,C0824,25-34,Male,Ganja,Fashion,Handbag,2,38.19,0,Digital Wallet,3,3.9,No,76.38,76.38,42.01,34.37
ORD101330,2025-05-05,C0156,45-54,Female,Baku,Home & Kitchen,Storage Box,3,105.27,5,Card,5,4.8,No,315.81,300.02,195.8,104.22
ORD101974,2025-05-05,C0838,45-54,Female,Ganja,Fashion,Jeans,1,19.72,5,Card,3,4.7,No,19.72,18.73,10.85,7.88
ORD102740,2025-05-06,C0296,25-34,Female,Sumgayit,Home & Kitchen,Coffee Maker,2,147.91,10,Card,2,4.7,No,295.82,266.24,183.41,82.83
ORD101372,2025-05-06,C0564,25-34,Male,Baku,Beauty,Body Lotion,1,81.43,5,Cash on Delivery,3,4.6,Yes,81.43,0.0,7.0362,-7.04
ORD101793,2025-05-06,C0297,35-44,Male,Lankaran,Beauty,Perfume,1,25.03,0,Card,2,4.8,No,25.03,25.03,12.01,13.02
ORD101647,2025-05-06,C0321,55+,Female,Sumgayit,Home & Kitchen,Cookware Set,1,32.76,10,Cash on Delivery,2,3.9,No,32.76,29.48,20.31,9.17
ORD100197,2025-05-06,C0457,18-24,Male,Baku,Electronics,Keyboard,2,228.11,0,Digital Wallet,5,3.8,No,456.22,456.22,328.48,127.74
ORD102030,2025-05-06,C0511,55+,Male,Baku,Beauty,Face Serum,4,60.3,10,Cash on Delivery,4,4.2,No,241.2,217.08,115.78,101.3
ORD101357,2025-05-06,C0274,25-34,Female,Khirdalan,Home & Kitchen,Coffee Maker,1,161.68,0,Cash on Delivery,3,4.3,No,161.68,161.68,100.24,61.44
ORD101711,2025-05-06,C0519,35-44,Female,Sumgayit,Fashion,Sneakers,3,71.05,0,Card,4,4.0,Yes,213.15,0.0,21.1014,-21.1
ORD100991,2025-05-06,C0176,25-34,Female,Baku,Books,Novel,1,12.73,5,Card,3,4.9,No,12.73,12.09,6.36,5.73
ORD102485,2025-05-06,C0435,55+,Female,Mingachevir,Fashion,Jeans,1,112.39,5,Digital Wallet,2,4.2,No,112.39,106.77,61.81,44.96
ORD101407,2025-05-07,C0020,18-24,Female,Sumgayit,Books,Novel,2,43.5,0,Card,3,4.4,No,87.0,87.0,43.5,43.5
ORD101236,2025-05-07,C0279,25-34,Male,Ganja,Beauty,Lipstick,1,76.47,0,Card,3,4.7,No,76.47,76.47,36.71,39.76
ORD102910,2025-05-07,C0551,35-44,Female,Baku,Electronics,Power Bank,2,92.48,10,Digital Wallet,5,4.2,No,184.96,166.46,133.17,33.29
ORD101383,2025-05-07,C0559,55+,Female,Quba,Beauty,Perfume,1,90.32,0,Digital Wallet,3,4.6,No,90.32,90.32,43.35,46.97
ORD102590,2025-05-07,C0634,18-24,Female,Baku,Electronics,Bluetooth Speaker,1,191.16,5,Card,2,4.4,No,191.16,181.6,137.64,43.96
ORD100268,2025-05-07,C0619,45-54,Female,Baku,Electronics,Smart Watch,3,231.26,0,Card,2,4.8,No,693.78,693.78,499.52,194.26
ORD101592,2025-05-07,C0469,25-34,Female,Baku,Books,Data Analytics Book,2,41.51,10,Cash on Delivery,3,4.8,No,83.02,74.72,41.51,33.21
ORD100139,2025-05-07,C0572,45-54,Female,Shaki,Fashion,Jeans,1,40.35,15,Cash on Delivery,3,4.3,No,40.35,34.3,22.19,12.11
ORD102998,2025-05-07,C0850,25-34,Female,Baku,Beauty,Body Lotion,1,49.45,0,Cash on Delivery,6,4.7,No,49.45,49.45,23.74,25.71
ORD101312,2025-05-08,C0002,35-44,Female,Ganja,Sports,Yoga Mat,1,45.04,10,Cash on Delivery,4,3.7,No,45.04,40.54,25.67,14.87
ORD102585,2025-05-08,C0568,45-54,Female,Baku,Beauty,Perfume,3,82.12,10,Card,3,4.8,No,246.36,221.72,118.25,103.47
ORD102425,2025-05-08,C0127,25-34,Female,Baku,Fashion,Sneakers,1,59.81,0,Digital Wallet,4,4.3,No,59.81,59.81,32.9,26.91
ORD101757,2025-05-08,C0720,25-34,Male,Khirdalan,Electronics,Wireless Earbuds,3,64.51,15,Card,5,3.3,No,193.53,164.5,139.34,25.16
ORD100979,2025-05-09,C0536,25-34,Male,Baku,Fashion,Sneakers,1,113.9,0,Card,4,3.9,No,113.9,113.9,62.65,51.25
ORD101363,2025-05-09,C0609,18-24,Female,Baku,Fashion,Jacket,1,127.45,0,Digital Wallet,4,4.6,Yes,127.45,0.0,12.617999999999999,-12.62
ORD102282,2025-05-09,C0732,25-34,Male,Ganja,Sports,Dumbbell Set,2,82.0,0,Digital Wallet,1,4.1,No,164.0,164.0,93.48,70.52
ORD101831,2025-05-10,C0834,25-34,Male,Baku,Books,Novel,2,43.78,0,Card,3,4.2,No,87.56,87.56,43.78,43.78
ORD102885,2025-05-10,C0301,35-44,Male,Baku,Sports,Running Bottle,1,70.96,10,Card,5,4.0,No,70.96,63.86,40.45,23.41
ORD100044,2025-05-10,C0135,45-54,Female,Ganja,Electronics,Power Bank,2,279.18,0,Card,3,4.6,No,558.36,558.36,402.02,156.34
ORD102562,2025-05-11,C0111,55+,Female,Sumgayit,Home & Kitchen,Blender,1,68.77,15,Cash on Delivery,3,3.8,No,68.77,58.45,42.64,15.81
ORD101685,2025-05-11,C0529,55+,Male,Baku,Electronics,Bluetooth Speaker,2,40.83,0,Card,5,5.0,No,81.66,81.66,58.8,22.86
ORD100521,2025-05-11,C0437,25-34,Male,Ganja,Home & Kitchen,Cookware Set,3,213.79,5,Card,4,3.9,No,641.37,609.3,397.65,211.65
ORD102490,2025-05-11,C0276,25-34,Male,Baku,Books,Psychology Book,2,34.22,0,Cash on Delivery,3,4.2,No,68.44,68.44,34.22,34.22
ORD102486,2025-05-12,C0546,25-34,Female,Khirdalan,Electronics,Bluetooth Speaker,1,240.35,10,Card,3,4.5,No,240.35,216.32,173.05,43.27
ORD100998,2025-05-12,C0744,25-34,Female,Khirdalan,Fashion,Sneakers,1,65.75,5,Card,5,4.2,No,65.75,62.46,36.16,26.3
ORD100765,2025-05-12,C0051,35-44,Female,Baku,Beauty,Lipstick,1,36.97,5,Card,3,4.9,No,36.97,35.12,17.75,17.37
ORD101925,2025-05-12,C0462,35-44,Male,Baku,Electronics,Wireless Earbuds,1,242.16,10,Cash on Delivery,4,4.4,No,242.16,217.94,174.36,43.58
ORD102850,2025-05-12,C0093,45-54,Female,Baku,Sports,Football,1,127.23,0,Card,4,4.8,No,127.23,127.23,72.52,54.71
ORD101927,2025-05-12,C0893,45-54,Female,Quba,Electronics,Bluetooth Speaker,1,80.32,5,Digital Wallet,2,5.0,No,80.32,76.3,57.83,18.47
ORD101572,2025-05-12,C0408,25-34,Male,Baku,Books,Business Book,1,43.15,0,Cash on Delivery,1,4.5,No,43.15,43.15,21.58,21.57
ORD102053,2025-05-12,C0590,18-24,Male,Khirdalan,Fashion,Jeans,3,128.88,20,Cash on Delivery,4,4.2,No,386.64,309.31,212.65,96.66
ORD102759,2025-05-12,C0157,25-34,Female,Quba,Books,Language Book,1,22.52,0,Card,2,4.5,No,22.52,22.52,11.26,11.26
ORD101699,2025-05-12,C0802,18-24,Male,Baku,Electronics,Bluetooth Speaker,3,62.29,0,Cash on Delivery,4,4.2,No,186.87,186.87,134.55,52.32
ORD100053,2025-05-13,C0666,25-34,Male,Baku,Fashion,T-shirt,3,121.59,0,Card,1,4.9,No,364.77,364.77,200.62,164.15
ORD102893,2025-05-13,C0022,45-54,Female,Baku,Beauty,Face Serum,2,73.92,0,Digital Wallet,3,4.2,No,147.84,147.84,70.96,76.88
ORD100194,2025-05-13,C0401,25-34,Male,Baku,Home & Kitchen,Desk Lamp,1,117.19,5,Card,3,4.6,No,117.19,111.33,72.66,38.67
ORD100301,2025-05-13,C0199,18-24,Female,Baku,Home & Kitchen,Cookware Set,2,60.88,0,Card,5,3.6,No,121.76,121.76,75.49,46.27
ORD102145,2025-05-13,C0258,25-34,Female,Baku,Electronics,Bluetooth Speaker,1,183.18,5,Cash on Delivery,3,3.5,No,183.18,174.02,131.89,42.13
ORD102191,2025-05-13,C0588,35-44,Female,Sumgayit,Electronics,Smart Watch,1,198.77,0,Cash on Delivery,2,4.1,No,198.77,198.77,143.11,55.66
ORD101773,2025-05-13,C0519,25-34,Male,Quba,Home & Kitchen,Storage Box,1,37.63,10,Digital Wallet,1,5.0,No,37.63,33.87,23.33,10.54
ORD100746,2025-05-13,C0138,35-44,Male,Baku,Electronics,Bluetooth Speaker,2,59.11,0,Card,4,4.0,No,118.22,118.22,85.12,33.1
ORD102441,2025-05-13,C0503,25-34,Female,Baku,Electronics,Bluetooth Speaker,1,222.21,0,Card,6,4.2,No,222.21,222.21,159.99,62.22
ORD102827,2025-05-13,C0499,18-24,Female,Baku,Electronics,Power Bank,1,211.73,15,Card,3,4.6,No,211.73,179.97,152.45,27.52
ORD101360,2025-05-14,C0792,18-24,Female,Sumgayit,Beauty,Shampoo,2,65.75,0,Digital Wallet,4,4.0,No,131.5,131.5,63.12,68.38
ORD101138,2025-05-14,C0263,45-54,Female,Shaki,Fashion,Sneakers,2,46.39,0,Card,6,3.3,No,92.78,92.78,51.03,41.75
ORD102201,2025-05-14,C0558,35-44,Male,Lankaran,Books,Language Book,2,8.81,5,Digital Wallet,5,4.6,No,17.62,16.74,8.81,7.93
ORD100630,2025-05-14,C0362,18-24,Male,Baku,Electronics,Power Bank,2,206.49,10,Card,2,4.4,No,412.98,371.68,297.35,74.33
ORD100201,2025-05-14,C0251,25-34,Female,Baku,Books,Data Analytics Book,1,26.72,15,Card,3,5.0,No,26.72,22.71,13.36,9.35
ORD100063,2025-05-14,C0326,35-44,Female,Baku,Books,Psychology Book,1,13.72,10,Card,5,4.7,No,13.72,12.35,6.86,5.49
ORD102056,2025-05-14,C0031,25-34,Male,Khirdalan,Sports,Yoga Mat,2,81.46,0,Card,3,4.4,No,162.92,162.92,92.86,70.06
ORD101052,2025-05-14,C0720,35-44,Female,Ganja,Beauty,Lipstick,1,28.8,15,Card,3,3.9,No,28.8,24.48,13.82,10.66
ORD102763,2025-05-14,C0155,35-44,Female,Mingachevir,Fashion,Sneakers,1,50.93,5,Digital Wallet,3,4.6,No,50.93,48.38,28.01,20.37
ORD100393,2025-05-15,C0323,35-44,Female,Khirdalan,Beauty,Shampoo,1,37.1,10,Digital Wallet,2,4.7,No,37.1,33.39,17.81,15.58
ORD102587,2025-05-15,C0295,55+,Female,Baku,Beauty,Face Serum,2,21.91,10,Digital Wallet,2,4.6,No,43.82,39.44,21.03,18.41
ORD100628,2025-05-15,C0637,18-24,Female,Baku,Fashion,Jeans,1,89.13,0,Cash on Delivery,2,4.7,No,89.13,89.13,49.02,40.11
ORD102767,2025-05-15,C0011,25-34,Female,Baku,Beauty,Lipstick,2,77.82,0,Card,3,4.5,No,155.64,155.64,74.71,80.93
ORD102356,2025-05-15,C0492,35-44,Female,Ganja,Fashion,Jacket,1,115.13,10,Digital Wallet,4,4.0,No,115.13,103.62,63.32,40.3
ORD101271,2025-05-15,C0388,18-24,Female,Khirdalan,Electronics,Keyboard,2,245.71,0,Digital Wallet,3,4.4,No,491.42,491.42,353.82,137.6
ORD102279,2025-05-15,C0570,45-54,Male,Ganja,Home & Kitchen,Coffee Maker,1,205.14,10,Card,3,4.6,No,205.14,184.63,127.19,57.44
ORD100068,2025-05-16,C0569,25-34,Female,Baku,Electronics,Power Bank,2,90.42,20,Cash on Delivery,3,4.0,No,180.84,144.67,130.2,14.47
ORD101044,2025-05-16,C0102,45-54,Male,Sumgayit,Fashion,Jeans,2,46.31,10,Card,2,4.7,No,92.62,83.36,50.94,32.42
ORD102415,2025-05-16,C0716,45-54,Female,Baku,Fashion,Jacket,4,28.83,0,Cash on Delivery,1,5.0,No,115.32,115.32,63.43,51.89
ORD101864,2025-05-16,C0035,35-44,Male,Baku,Home & Kitchen,Desk Lamp,1,119.99,5,Card,6,4.1,No,119.99,113.99,74.39,39.6
ORD101937,2025-05-16,C0516,45-54,Male,Baku,Fashion,Jeans,2,44.2,15,Cash on Delivery,3,4.7,No,88.4,75.14,48.62,26.52
ORD102407,2025-05-16,C0296,45-54,Male,Baku,Sports,Resistance Bands,2,34.3,0,Card,6,3.7,No,68.6,68.6,39.1,29.5
ORD102696,2025-05-16,C0563,45-54,Female,Ganja,Beauty,Perfume,3,51.63,10,Digital Wallet,1,4.6,No,154.89,139.4,74.35,65.05
ORD100332,2025-05-16,C0628,25-34,Female,Baku,Books,Data Analytics Book,1,43.43,10,Cash on Delivery,5,3.8,No,43.43,39.09,21.72,17.37
ORD100022,2025-05-16,C0666,25-34,Male,Baku,Beauty,Shampoo,5,85.93,5,Digital Wallet,1,4.7,No,429.65,408.17,206.23,201.94
ORD101967,2025-05-16,C0168,25-34,Female,Baku,Home & Kitchen,Blender,1,122.06,5,Card,1,5.0,No,122.06,115.96,75.68,40.28
ORD100909,2025-05-16,C0394,35-44,Female,Khirdalan,Fashion,Handbag,1,138.46,0,Card,4,4.4,No,138.46,138.46,76.15,62.31
ORD101151,2025-05-16,C0674,25-34,Female,Baku,Books,Psychology Book,1,28.66,10,Card,3,4.6,No,28.66,25.79,14.33,11.46
ORD100374,2025-05-17,C0532,45-54,Female,Quba,Books,Novel,4,34.04,0,Card,4,3.3,No,136.16,136.16,68.08,68.08
ORD100576,2025-05-17,C0640,18-24,Male,Sumgayit,Beauty,Lipstick,1,63.1,5,Card,4,4.9,No,63.1,59.94,30.29,29.65
ORD102654,2025-05-17,C0757,25-34,Male,Baku,Beauty,Lipstick,2,20.17,10,Cash on Delivery,1,5.0,No,40.34,36.31,19.36,16.95
ORD102680,2025-05-17,C0236,18-24,Female,Khirdalan,Books,Business Book,1,33.67,10,Card,2,4.4,No,33.67,30.3,16.84,13.46
ORD100498,2025-05-17,C0407,18-24,Female,Sumgayit,Fashion,Jeans,1,75.59,5,Card,4,3.5,No,75.59,71.81,41.57,30.24
ORD101268,2025-05-17,C0854,18-24,Female,Quba,Home & Kitchen,Desk Lamp,1,145.78,5,Card,6,4.1,Yes,145.78,0.0,16.2684,-16.27
ORD101857,2025-05-17,C0146,35-44,Female,Baku,Beauty,Lipstick,2,26.73,15,Card,4,4.6,No,53.46,45.44,25.66,19.78
ORD100913,2025-05-18,C0713,55+,Female,Mingachevir,Fashion,Jacket,3,99.33,0,Card,4,4.5,No,297.99,297.99,163.89,134.1
ORD101772,2025-05-18,C0789,25-34,Male,Baku,Home & Kitchen,Storage Box,1,38.53,5,Digital Wallet,3,4.0,No,38.53,36.6,23.89,12.71
ORD100770,2025-05-18,C0438,45-54,Female,Baku,Sports,Resistance Bands,1,58.25,0,Cash on Delivery,2,4.6,No,58.25,58.25,33.2,25.05
ORD102724,2025-05-18,C0098,35-44,Female,Baku,Electronics,Wireless Earbuds,1,218.92,10,Card,3,3.6,No,218.92,197.03,157.62,39.41
ORD101748,2025-05-18,C0661,35-44,Female,Mingachevir,Sports,Football,3,88.06,5,Digital Wallet,2,4.4,No,264.18,250.97,150.58,100.39
ORD102569,2025-05-19,C0898,35-44,Female,Baku,Books,Data Analytics Book,1,33.69,0,Card,1,5.0,No,33.69,33.69,16.84,16.85
ORD102920,2025-05-19,C0609,25-34,Female,Lankaran,Beauty,Perfume,1,73.53,5,Card,4,4.0,No,73.53,69.85,35.29,34.56
ORD102544,2025-05-19,C0417,25-34,Female,Shaki,Books,Language Book,3,44.04,15,Card,4,4.0,No,132.12,112.3,66.06,46.24
ORD102592,2025-05-19,C0468,18-24,Female,Sumgayit,Sports,Running Bottle,1,17.14,20,Card,3,4.0,No,17.14,13.71,9.77,3.94
ORD101945,2025-05-19,C0550,25-34,Male,Baku,Sports,Running Bottle,4,82.48,0,Digital Wallet,4,3.8,No,329.92,329.92,188.05,141.87
ORD101718,2025-05-19,C0636,45-54,Male,Baku,Electronics,Smart Watch,2,238.57,0,Card,3,4.4,No,477.14,477.14,343.54,133.6
ORD100379,2025-05-19,C0872,18-24,Female,Sumgayit,Beauty,Lipstick,1,34.77,10,Card,2,5.0,No,34.77,31.29,16.69,14.6
ORD100634,2025-05-19,C0413,18-24,Male,Khirdalan,Books,Novel,1,29.44,5,Digital Wallet,4,5.0,No,29.44,27.97,14.72,13.25
ORD101593,2025-05-20,C0156,35-44,Male,Baku,Sports,Dumbbell Set,2,108.9,10,Card,3,4.9,No,217.8,196.02,124.15,71.87
ORD102875,2025-05-20,C0709,35-44,Female,Ganja,Home & Kitchen,Desk Lamp,1,24.53,5,Card,4,5.0,No,24.53,23.3,15.21,8.09
ORD100758,2025-05-20,C0529,35-44,Female,Sumgayit,Sports,Dumbbell Set,1,116.45,0,Card,6,4.3,No,116.45,116.45,66.38,50.07
ORD100188,2025-05-20,C0410,45-54,Female,Shaki,Beauty,Perfume,2,32.32,0,Cash on Delivery,4,4.8,Yes,64.64,0.0,5.5854,-5.59
ORD101285,2025-05-20,C0831,35-44,Female,Baku,Fashion,Jacket,1,131.76,20,Cash on Delivery,6,4.3,No,131.76,105.41,72.47,32.94
ORD102428,2025-05-21,C0462,45-54,Female,Baku,Sports,Running Bottle,1,39.61,0,Card,3,4.3,No,39.61,39.61,22.58,17.03
ORD102405,2025-05-21,C0580,35-44,Female,Baku,Fashion,Jeans,2,131.75,15,Card,6,3.9,No,263.5,223.98,144.93,79.05
ORD101017,2025-05-21,C0435,35-44,Female,Baku,Electronics,Keyboard,2,128.48,10,Card,3,4.4,No,256.96,231.26,185.01,46.25
ORD102581,2025-05-21,C0275,35-44,Female,Baku,Fashion,Handbag,1,89.26,10,Card,1,4.0,Yes,89.26,0.0,8.8362,-8.84
ORD101468,2025-05-21,C0749,35-44,Female,Ganja,Fashion,Jacket,1,39.98,10,Digital Wallet,3,4.5,Yes,39.98,0.0,3.9581999999999997,-3.96
ORD101159,2025-05-21,C0077,25-34,Male,Baku,Electronics,Keyboard,1,82.31,15,Digital Wallet,3,3.3,No,82.31,69.96,59.26,10.7
ORD101881,2025-05-21,C0009,25-34,Female,Khirdalan,Fashion,T-shirt,1,51.35,10,Card,2,4.7,No,51.35,46.22,28.24,17.98
ORD100614,2025-05-21,C0335,35-44,Female,Sumgayit,Home & Kitchen,Desk Lamp,1,42.32,10,Card,1,4.1,No,42.32,38.09,26.24,11.85
ORD101761,2025-05-21,C0746,35-44,Female,Ganja,Electronics,Smart Watch,1,121.1,5,Digital Wallet,5,3.6,No,121.1,115.04,87.19,27.85
ORD102835,2025-05-22,C0500,35-44,Female,Baku,Sports,Resistance Bands,1,58.03,15,Cash on Delivery,5,4.2,No,58.03,49.33,33.08,16.25
ORD102848,2025-05-22,C0185,25-34,Male,Shaki,Sports,Dumbbell Set,1,81.79,5,Card,2,3.6,No,81.79,77.7,46.62,31.08
ORD102779,2025-05-22,C0508,35-44,Male,Baku,Fashion,Jeans,1,123.7,15,Card,6,3.1,No,123.7,105.14,68.04,37.1
ORD101385,2025-05-22,C0590,25-34,Female,Khirdalan,Beauty,Lipstick,2,20.12,10,Card,2,4.4,No,40.24,36.22,19.32,16.9
ORD101066,2025-05-22,C0862,25-34,Male,Baku,Fashion,T-shirt,4,116.85,0,Digital Wallet,4,3.8,No,467.4,467.4,257.07,210.33
ORD101629,2025-05-22,C0862,55+,Male,Baku,Home & Kitchen,Storage Box,3,29.79,15,Card,2,3.9,No,89.37,75.96,55.41,20.55
ORD100094,2025-05-22,C0060,35-44,Female,Shaki,Fashion,Jeans,1,92.05,5,Cash on Delivery,3,4.2,No,92.05,87.45,50.63,36.82
ORD101173,2025-05-23,C0383,25-34,Male,Baku,Fashion,Jacket,3,107.72,15,Card,2,4.2,Yes,323.16,0.0,31.9932,-31.99
ORD102683,2025-05-23,C0486,25-34,Female,Shaki,Home & Kitchen,Blender,3,175.38,15,Card,5,3.8,No,526.14,447.22,326.21,121.01
ORD102852,2025-05-23,C0112,55+,Male,Baku,Electronics,Wireless Earbuds,1,71.74,10,Cash on Delivery,2,5.0,No,71.74,64.57,51.65,12.92
ORD100809,2025-05-23,C0832,45-54,Female,Baku,Home & Kitchen,Coffee Maker,1,104.87,20,Card,4,3.6,No,104.87,83.9,65.02,18.88
ORD102574,2025-05-23,C0693,35-44,Male,Khirdalan,Electronics,Keyboard,3,133.05,0,Cash on Delivery,5,3.9,No,399.15,399.15,287.39,111.76
ORD102216,2025-05-23,C0507,18-24,Female,Baku,Sports,Football,1,19.42,0,Card,4,4.2,No,19.42,19.42,11.07,8.35
ORD102600,2025-05-23,C0059,45-54,Female,Sumgayit,Books,Novel,1,23.19,10,Card,3,4.6,No,23.19,20.87,11.6,9.27
ORD102342,2025-05-24,C0602,35-44,Male,Khirdalan,Home & Kitchen,Storage Box,1,133.3,0,Card,5,3.9,No,133.3,133.3,82.65,50.65
ORD101478,2025-05-24,C0607,25-34,Male,Quba,Home & Kitchen,Desk Lamp,1,74.92,10,Card,3,4.3,No,74.92,67.43,46.45,20.98
ORD101094,2025-05-24,C0896,45-54,Female,Baku,Electronics,Smart Watch,2,223.41,10,Card,1,4.3,No,446.82,402.14,321.71,80.43
ORD102384,2025-05-24,C0575,45-54,Female,Baku,Beauty,Face Serum,1,36.57,0,Cash on Delivery,7,3.1,No,36.57,36.57,17.55,19.02
ORD102012,2025-05-24,C0450,35-44,Male,Sumgayit,Home & Kitchen,Cookware Set,3,163.94,5,Card,6,4.3,No,491.82,467.23,304.93,162.3
ORD101283,2025-05-24,C0111,35-44,Male,Mingachevir,Home & Kitchen,Coffee Maker,1,51.65,20,Card,4,4.4,No,51.65,41.32,32.02,9.3
ORD102622,2025-05-24,C0553,25-34,Female,Baku,Sports,Football,1,82.92,5,Card,3,4.6,No,82.92,78.77,47.26,31.51
ORD101921,2025-05-24,C0085,25-34,Female,Khirdalan,Sports,Running Bottle,1,88.89,10,Card,4,4.8,No,88.89,80.0,50.67,29.33
ORD102059,2025-05-24,C0299,25-34,Female,Baku,Home & Kitchen,Blender,4,161.93,0,Card,3,4.1,No,647.72,647.72,401.59,246.13
ORD101774,2025-05-24,C0614,18-24,Male,Baku,Home & Kitchen,Coffee Maker,2,210.52,5,Card,5,4.1,No,421.04,399.99,261.04,138.95
ORD100552,2025-05-24,C0275,45-54,Female,Ganja,Electronics,Wireless Earbuds,1,93.87,5,Card,5,4.0,No,93.87,89.18,67.59,21.59
ORD101352,2025-05-24,C0433,35-44,Male,Baku,Beauty,Face Serum,1,23.4,15,Card,2,5.0,No,23.4,19.89,11.23,8.66
ORD101694,2025-05-25,C0295,18-24,Male,Baku,Home & Kitchen,Storage Box,1,64.96,0,Card,2,5.0,No,64.96,64.96,40.28,24.68
ORD102800,2025-05-25,C0576,18-24,Male,Khirdalan,Home & Kitchen,Coffee Maker,1,101.77,10,Cash on Delivery,4,4.8,No,101.77,91.59,63.1,28.49
ORD101666,2025-05-25,C0505,35-44,Female,Khirdalan,Home & Kitchen,Cookware Set,2,110.17,0,Card,5,4.4,Yes,220.34,0.0,24.5898,-24.59
ORD102291,2025-05-25,C0007,18-24,Male,Ganja,Fashion,Jeans,3,108.63,15,Cash on Delivery,3,4.3,No,325.89,277.01,179.24,97.77
ORD101754,2025-05-25,C0033,35-44,Female,Sumgayit,Beauty,Perfume,1,82.14,0,Cash on Delivery,4,4.0,No,82.14,82.14,39.43,42.71
ORD101320,2025-05-25,C0773,35-44,Male,Khirdalan,Books,Novel,1,20.1,0,Card,6,4.0,No,20.1,20.1,10.05,10.05
ORD102374,2025-05-26,C0315,35-44,Female,Shaki,Electronics,Wireless Earbuds,4,134.29,0,Card,4,3.7,No,537.16,537.16,386.76,150.4
ORD102546,2025-05-26,C0621,25-34,Male,Baku,Fashion,Sneakers,2,79.53,5,Card,2,4.7,No,159.06,151.11,87.48,63.63
ORD100440,2025-05-26,C0355,25-34,Female,Baku,Electronics,Wireless Earbuds,1,175.88,5,Cash on Delivery,2,4.5,No,175.88,167.09,126.63,40.46
ORD102003,2025-05-26,C0633,55+,Male,Khirdalan,Electronics,Bluetooth Speaker,3,103.12,10,Card,1,4.7,No,309.36,278.42,222.74,55.68
ORD102134,2025-05-26,C0259,25-34,Male,Baku,Fashion,Handbag,5,118.56,5,Card,3,4.9,No,592.8,563.16,326.04,237.12
ORD101168,2025-05-26,C0754,18-24,Male,Baku,Electronics,Wireless Earbuds,3,83.22,0,Cash on Delivery,4,5.0,Yes,249.66,0.0,32.3568,-32.36
ORD100027,2025-05-27,C0265,45-54,Male,Baku,Fashion,Jeans,2,36.51,15,Card,5,4.7,No,73.02,62.07,40.16,21.91
ORD101847,2025-05-27,C0825,18-24,Female,Baku,Sports,Yoga Mat,2,71.85,10,Card,3,4.3,No,143.7,129.33,81.91,47.42
ORD101956,2025-05-27,C0380,45-54,Male,Baku,Sports,Football,5,91.99,10,Card,4,5.0,No,459.95,413.96,262.17,151.79
ORD102225,2025-05-27,C0767,45-54,Male,Baku,Sports,Running Bottle,1,43.62,5,Cash on Delivery,3,3.7,No,43.62,41.44,24.86,16.58
ORD100957,2025-05-27,C0288,18-24,Male,Shaki,Home & Kitchen,Storage Box,2,77.64,0,Cash on Delivery,2,4.1,No,155.28,155.28,96.27,59.01
ORD102524,2025-05-27,C0223,35-44,Female,Baku,Books,Language Book,1,23.37,10,Card,1,4.1,No,23.37,21.03,11.68,9.35
ORD101302,2025-05-27,C0243,25-34,Female,Khirdalan,Beauty,Lipstick,2,66.07,15,Cash on Delivery,1,3.9,No,132.14,112.32,63.43,48.89
ORD102073,2025-05-27,C0116,25-34,Male,Shaki,Fashion,Jacket,3,45.7,5,Card,2,4.5,No,137.1,130.24,75.4,54.84
ORD102140,2025-05-27,C0214,18-24,Male,Baku,Beauty,Body Lotion,1,37.49,10,Card,4,3.4,No,37.49,33.74,18.0,15.74
ORD102060,2025-05-28,C0686,35-44,Female,Ganja,Beauty,Body Lotion,1,84.97,0,Card,3,4.2,No,84.97,84.97,40.79,44.18
ORD100942,2025-05-28,C0149,25-34,Female,Lankaran,Electronics,Bluetooth Speaker,1,156.05,5,Cash on Delivery,2,4.7,No,156.05,148.25,112.36,35.89
ORD100585,2025-05-28,C0379,25-34,Male,Baku,Home & Kitchen,Storage Box,2,115.8,10,Cash on Delivery,2,4.6,No,231.6,208.44,143.59,64.85
ORD102163,2025-05-28,C0430,35-44,Male,Ganja,Books,Data Analytics Book,1,16.6,15,Card,4,3.7,No,16.6,14.11,8.3,5.81
ORD102746,2025-05-28,C0595,35-44,Female,Shaki,Fashion,T-shirt,3,66.98,10,Cash on Delivery,1,4.1,No,200.94,180.85,110.52,70.33
ORD101866,2025-05-28,C0338,25-34,Male,Baku,Fashion,Handbag,1,74.62,0,Card,4,4.4,No,74.62,74.62,41.04,33.58
ORD102509,2025-05-29,C0466,35-44,Male,Ganja,Electronics,Wireless Earbuds,3,266.85,10,Cash on Delivery,4,4.3,No,800.55,720.5,576.4,144.1
ORD101131,2025-05-29,C0357,55+,Female,Sumgayit,Electronics,Smart Watch,3,145.38,10,Card,2,4.1,No,436.14,392.53,314.02,78.51
ORD100164,2025-05-29,C0497,35-44,Male,Baku,Fashion,Handbag,2,87.61,10,Card,3,4.3,No,175.22,157.7,96.37,61.33
ORD101340,2025-05-29,C0675,35-44,Female,Quba,Electronics,Smart Watch,2,255.97,0,Card,4,3.9,No,511.94,511.94,368.6,143.34
ORD101688,2025-05-29,C0215,35-44,Male,Ganja,Sports,Football,3,91.44,0,Card,1,4.3,No,274.32,274.32,156.36,117.96
ORD102076,2025-05-29,C0045,45-54,Female,Lankaran,Fashion,Handbag,1,77.62,5,Card,3,4.2,No,77.62,73.74,42.69,31.05
ORD100687,2025-05-29,C0076,35-44,Female,Baku,Sports,Running Bottle,3,123.17,10,Digital Wallet,3,4.6,No,369.51,332.56,210.62,121.94
ORD102915,2025-05-29,C0697,35-44,Male,Baku,Fashion,T-shirt,5,70.62,0,Card,4,4.2,No,353.1,353.1,194.21,158.89
ORD100962,2025-05-30,C0398,55+,Female,Baku,Home & Kitchen,Blender,1,55.14,10,Card,2,4.3,No,55.14,49.63,34.19,15.44
ORD101762,2025-05-30,C0062,45-54,Male,Lankaran,Home & Kitchen,Cookware Set,2,208.41,5,Cash on Delivery,3,4.3,No,416.82,395.98,258.43,137.55
ORD102192,2025-05-30,C0041,45-54,Male,Sumgayit,Home & Kitchen,Storage Box,1,190.01,10,Card,3,4.7,No,190.01,171.01,117.81,53.2
ORD101875,2025-05-30,C0813,25-34,Female,Sumgayit,Beauty,Shampoo,5,56.07,5,Cash on Delivery,1,4.6,No,280.35,266.33,134.57,131.76
ORD100144,2025-05-30,C0508,35-44,Male,Baku,Fashion,Jeans,2,96.1,0,Card,4,3.7,Yes,192.2,0.0,19.0278,-19.03
ORD101495,2025-05-30,C0220,25-34,Male,Baku,Beauty,Shampoo,3,86.41,10,Card,3,4.0,No,259.23,233.31,124.43,108.88
ORD101835,2025-05-30,C0631,25-34,Male,Sumgayit,Fashion,T-shirt,1,91.64,10,Digital Wallet,6,3.9,No,91.64,82.48,50.4,32.08
ORD100373,2025-05-30,C0489,18-24,Male,Baku,Books,Business Book,2,44.01,0,Digital Wallet,2,4.4,No,88.02,88.02,44.01,44.01
ORD102564,2025-05-30,C0833,18-24,Male,Baku,Home & Kitchen,Blender,1,69.4,10,Cash on Delivery,1,4.4,No,69.4,62.46,43.03,19.43
ORD100163,2025-05-30,C0818,18-24,Male,Baku,Sports,Running Bottle,2,52.25,0,Cash on Delivery,2,4.2,No,104.5,104.5,59.56,44.94
ORD100065,2025-05-30,C0454,45-54,Male,Baku,Sports,Running Bottle,1,51.22,0,Card,4,4.1,No,51.22,51.22,29.2,22.02
ORD101888,2025-05-31,C0142,25-34,Male,Baku,Books,Psychology Book,3,16.12,15,Digital Wallet,4,4.3,No,48.36,41.11,24.18,16.93
ORD102357,2025-05-31,C0441,45-54,Female,Sumgayit,Sports,Dumbbell Set,1,91.61,0,Cash on Delivery,4,3.7,No,91.61,91.61,52.22,39.39
ORD100960,2025-05-31,C0239,55+,Male,Baku,Beauty,Body Lotion,1,87.28,15,Card,1,4.9,No,87.28,74.19,41.89,32.3
ORD100907,2025-05-31,C0833,45-54,Male,Lankaran,Beauty,Body Lotion,1,73.36,10,Card,4,3.4,No,73.36,66.02,35.21,30.81
ORD101252,2025-05-31,C0448,18-24,Female,Quba,Home & Kitchen,Coffee Maker,5,122.79,0,Cash on Delivery,1,4.6,No,613.95,613.95,380.65,233.3
ORD100496,2025-05-31,C0782,25-34,Male,Baku,Home & Kitchen,Storage Box,1,22.45,15,Cash on Delivery,4,5.0,No,22.45,19.08,13.92,5.16
ORD101719,2025-05-31,C0636,25-34,Male,Mingachevir,Fashion,Sneakers,1,111.83,10,Cash on Delivery,5,3.8,No,111.83,100.65,61.51,39.14
ORD100572,2025-06-01,C0061,18-24,Male,Baku,Beauty,Body Lotion,2,55.26,15,Digital Wallet,3,4.4,No,110.52,93.94,53.05,40.89
ORD101309,2025-06-01,C0796,45-54,Male,Baku,Electronics,Wireless Earbuds,2,65.97,0,Digital Wallet,2,4.5,No,131.94,131.94,95.0,36.94
ORD102017,2025-06-01,C0385,35-44,Male,Quba,Home & Kitchen,Blender,1,172.78,5,Cash on Delivery,4,4.2,No,172.78,164.14,107.12,57.02
ORD101584,2025-06-01,C0329,25-34,Female,Khirdalan,Sports,Football,1,105.3,10,Cash on Delivery,3,3.8,No,105.3,94.77,60.02,34.75
ORD102473,2025-06-01,C0221,35-44,Female,Baku,Beauty,Body Lotion,1,45.4,0,Cash on Delivery,4,4.2,No,45.4,45.4,21.79,23.61
ORD101485,2025-06-01,C0202,35-44,Female,Ganja,Electronics,Wireless Earbuds,1,106.93,5,Digital Wallet,2,5.0,No,106.93,101.58,76.99,24.59
ORD101191,2025-06-01,C0846,25-34,Male,Baku,Books,Business Book,4,27.49,0,Card,6,3.7,No,109.96,109.96,54.98,54.98
ORD100248,2025-06-01,C0274,55+,Female,Baku,Beauty,Body Lotion,1,91.9,10,Card,4,4.2,Yes,91.9,0.0,7.9398,-7.94
ORD101635,2025-06-01,C0764,55+,Male,Quba,Home & Kitchen,Coffee Maker,2,43.27,10,Card,3,3.8,Yes,86.54,0.0,9.657,-9.66
ORD102749,2025-06-01,C0071,45-54,Female,Khirdalan,Electronics,Wireless Earbuds,1,225.79,20,Card,3,4.4,No,225.79,180.63,162.57,18.06
ORD101043,2025-06-01,C0700,25-34,Male,Shaki,Fashion,Sneakers,2,28.41,0,Card,2,5.0,Yes,56.82,0.0,5.625,-5.62
ORD102420,2025-06-02,C0226,18-24,Male,Baku,Beauty,Lipstick,4,17.95,0,Card,4,4.0,Yes,71.8,0.0,6.2028,-6.2
ORD100732,2025-06-02,C0618,25-34,Male,Khirdalan,Home & Kitchen,Coffee Maker,1,128.54,0,Card,2,4.1,No,128.54,128.54,79.69,48.85
ORD100275,2025-06-02,C0510,35-44,Female,Baku,Home & Kitchen,Coffee Maker,2,27.08,10,Cash on Delivery,5,4.3,No,54.16,48.74,33.58,15.16
ORD101480,2025-06-02,C0450,45-54,Female,Baku,Sports,Football,3,119.18,20,Card,2,4.2,No,357.54,286.03,203.8,82.23
ORD100464,2025-06-02,C0439,45-54,Male,Baku,Electronics,Keyboard,1,100.32,0,Card,3,3.6,No,100.32,100.32,72.23,28.09
ORD101079,2025-06-02,C0285,18-24,Male,Baku,Electronics,Keyboard,2,63.32,10,Card,2,4.0,No,126.64,113.98,91.18,22.8
ORD100972,2025-06-02,C0652,25-34,Female,Ganja,Sports,Dumbbell Set,1,54.67,5,Cash on Delivery,4,3.4,No,54.67,51.94,31.16,20.78
ORD100425,2025-06-02,C0444,55+,Female,Baku,Fashion,Sneakers,2,27.78,0,Card,5,3.8,No,55.56,55.56,30.56,25.0
ORD100624,2025-06-02,C0245,25-34,Female,Ganja,Electronics,Bluetooth Speaker,2,139.84,5,Cash on Delivery,4,4.8,No,279.68,265.7,201.37,64.33
ORD101225,2025-06-02,C0121,18-24,Male,Sumgayit,Electronics,Bluetooth Speaker,2,196.53,5,Card,5,3.8,No,393.06,373.41,283.0,90.41
ORD102698,2025-06-02,C0304,35-44,Female,Khirdalan,Books,Business Book,1,21.26,15,Cash on Delivery,3,3.7,Yes,21.26,0.0,1.9134,-1.91
ORD100165,2025-06-02,C0423,25-34,Male,Ganja,Books,Language Book,1,40.99,0,Card,5,4.2,No,40.99,40.99,20.5,20.49
ORD102495,2025-06-02,C0470,45-54,Female,Lankaran,Fashion,Jeans,2,91.82,0,Card,6,4.1,No,183.64,183.64,101.0,82.64
ORD102290,2025-06-02,C0171,18-24,Male,Baku,Home & Kitchen,Storage Box,1,69.96,5,Card,4,4.2,No,69.96,66.46,43.38,23.08
ORD100929,2025-06-02,C0075,55+,Male,Ganja,Home & Kitchen,Cookware Set,2,81.79,0,Card,5,3.1,No,163.58,163.58,101.42,62.16
ORD102070,2025-06-03,C0491,25-34,Male,Lankaran,Fashion,Jeans,1,137.61,10,Card,4,4.8,No,137.61,123.85,75.69,48.16
ORD101374,2025-06-03,C0417,45-54,Female,Baku,Fashion,T-shirt,1,118.38,10,Cash on Delivery,4,4.1,No,118.38,106.54,65.11,41.43
ORD101678,2025-06-03,C0256,25-34,Female,Baku,Fashion,Jeans,2,135.57,0,Card,4,4.5,Yes,271.14,0.0,26.8434,-26.84
ORD102962,2025-06-03,C0375,18-24,Female,Khirdalan,Fashion,Jacket,1,63.78,0,Digital Wallet,1,4.0,No,63.78,63.78,35.08,28.7
ORD101185,2025-06-03,C0558,25-34,Male,Baku,Fashion,Jeans,1,26.21,5,Card,3,4.6,No,26.21,24.9,14.42,10.48
ORD101059,2025-06-04,C0462,45-54,Female,Shaki,Beauty,Shampoo,2,59.64,5,Cash on Delivery,3,4.2,Yes,119.28,0.0,10.305,-10.3
ORD102341,2025-06-04,C0678,35-44,Female,Baku,Home & Kitchen,Blender,2,52.74,10,Card,5,4.1,No,105.48,94.93,65.4,29.53
ORD102476,2025-06-04,C0678,35-44,Male,Ganja,Fashion,Handbag,1,46.27,10,Cash on Delivery,5,4.7,No,46.27,41.64,25.45,16.19
ORD100777,2025-06-04,C0137,55+,Male,Mingachevir,Beauty,Body Lotion,1,43.57,0,Card,2,4.3,No,43.57,43.57,20.91,22.66
ORD102224,2025-06-04,C0191,55+,Female,Baku,Beauty,Lipstick,1,88.27,20,Card,2,3.8,No,88.27,70.62,42.37,28.25
ORD102925,2025-06-04,C0089,35-44,Female,Sumgayit,Home & Kitchen,Blender,1,108.06,0,Digital Wallet,4,5.0,No,108.06,108.06,67.0,41.06
ORD102250,2025-06-04,C0137,25-34,Female,Ganja,Fashion,T-shirt,1,24.38,5,Cash on Delivery,4,4.6,No,24.38,23.16,13.41,9.75
ORD102694,2025-06-05,C0016,45-54,Female,Sumgayit,Sports,Resistance Bands,1,16.17,0,Card,3,4.6,No,16.17,16.17,9.22,6.95
ORD101841,2025-06-05,C0656,45-54,Female,Sumgayit,Fashion,Jeans,2,124.9,0,Card,1,4.3,No,249.8,249.8,137.39,112.41
ORD101333,2025-06-05,C0498,18-24,Male,Baku,Beauty,Shampoo,1,40.7,5,Digital Wallet,5,4.2,No,40.7,38.66,19.54,19.12
ORD102276,2025-06-05,C0199,25-34,Female,Baku,Beauty,Lipstick,1,41.58,10,Cash on Delivery,4,4.0,No,41.58,37.42,19.96,17.46
ORD101437,2025-06-05,C0842,35-44,Female,Baku,Fashion,Sneakers,1,28.92,0,Card,2,4.3,No,28.92,28.92,15.91,13.01
ORD100500,2025-06-05,C0523,45-54,Male,Quba,Beauty,Face Serum,1,59.84,0,Card,5,4.0,No,59.84,59.84,28.72,31.12
ORD100954,2025-06-06,C0211,35-44,Male,Shaki,Sports,Football,1,86.57,5,Card,4,5.0,No,86.57,82.24,49.34,32.9
ORD102990,2025-06-06,C0070,35-44,Female,Baku,Beauty,Shampoo,2,42.86,15,Digital Wallet,3,4.1,No,85.72,72.86,41.15,31.71
ORD101687,2025-06-06,C0431,35-44,Male,Khirdalan,Home & Kitchen,Storage Box,3,119.46,5,Digital Wallet,3,4.0,No,358.38,340.46,222.2,118.26
ORD102760,2025-06-06,C0272,45-54,Female,Baku,Fashion,Sneakers,2,41.55,5,Card,2,5.0,No,83.1,78.94,45.7,33.24
ORD100547,2025-06-06,C0317,35-44,Female,Ganja,Beauty,Face Serum,2,13.02,15,Card,3,4.2,No,26.04,22.13,12.5,9.63
ORD101741,2025-06-07,C0583,25-34,Male,Baku,Books,Data Analytics Book,4,26.78,5,Cash on Delivery,3,4.0,No,107.12,101.76,53.56,48.2
ORD101496,2025-06-07,C0488,55+,Male,Shaki,Beauty,Perfume,3,73.22,5,Card,4,3.7,No,219.66,208.68,105.44,103.24
ORD100238,2025-06-07,C0310,45-54,Male,Baku,Fashion,Jacket,2,99.58,0,Cash on Delivery,2,4.6,No,199.16,199.16,109.54,89.62
ORD100994,2025-06-07,C0120,18-24,Female,Ganja,Books,Business Book,1,27.19,0,Cash on Delivery,3,4.3,No,27.19,27.19,13.6,13.59
ORD101153,2025-06-07,C0213,18-24,Male,Baku,Sports,Dumbbell Set,1,129.91,5,Card,4,4.5,No,129.91,123.41,74.05,49.36
ORD100473,2025-06-07,C0808,35-44,Male,Ganja,Home & Kitchen,Storage Box,1,218.35,0,Cash on Delivery,2,3.7,Yes,218.35,0.0,24.368399999999998,-24.37
ORD102762,2025-06-07,C0602,35-44,Female,Baku,Books,Novel,1,11.76,5,Card,3,4.0,No,11.76,11.17,5.88,5.29
ORD100795,2025-06-07,C0053,18-24,Male,Ganja,Fashion,Jeans,1,95.08,0,Card,4,4.2,No,95.08,95.08,52.29,42.79
ORD102566,2025-06-07,C0595,35-44,Female,Baku,Sports,Football,1,55.41,5,Card,4,4.6,No,55.41,52.64,31.58,21.06
ORD101924,2025-06-08,C0081,55+,Female,Baku,Fashion,T-shirt,1,88.26,20,Cash on Delivery,1,4.4,No,88.26,70.61,48.54,22.07
ORD100633,2025-06-08,C0872,45-54,Male,Baku,Books,Novel,1,40.59,20,Card,4,4.5,No,40.59,32.47,20.3,12.17
ORD100435,2025-06-08,C0259,25-34,Male,Baku,Home & Kitchen,Desk Lamp,2,139.83,10,Card,4,3.9,Yes,279.66,0.0,31.210199999999997,-31.21
ORD102717,2025-06-08,C0579,45-54,Male,Baku,Home & Kitchen,Desk Lamp,1,59.01,5,Card,2,5.0,Yes,59.01,0.0,6.586200000000001,-6.59
ORD102934,2025-06-08,C0173,25-34,Male,Baku,Fashion,Handbag,2,135.31,0,Digital Wallet,5,4.1,No,270.62,270.62,148.84,121.78
ORD102661,2025-06-08,C0326,35-44,Male,Khirdalan,Beauty,Perfume,2,33.17,10,Card,5,3.1,No,66.34,59.71,31.84,27.87
ORD100091,2025-06-08,C0149,45-54,Female,Baku,Electronics,Power Bank,2,51.26,5,Card,2,3.5,No,102.52,97.39,73.81,23.58
ORD100155,2025-06-08,C0231,25-34,Female,Sumgayit,Books,Language Book,1,23.63,10,Cash on Delivery,2,4.3,No,23.63,21.27,11.82,9.45
ORD100621,2025-06-08,C0064,18-24,Male,Baku,Fashion,T-shirt,1,116.64,10,Digital Wallet,1,4.9,No,116.64,104.98,64.15,40.83
ORD100407,2025-06-08,C0550,35-44,Male,Sumgayit,Beauty,Body Lotion,1,91.79,5,Card,3,3.9,No,91.79,87.2,44.06,43.14
ORD102007,2025-06-08,C0331,25-34,Male,Baku,Beauty,Shampoo,2,56.37,15,Cash on Delivery,3,4.5,No,112.74,95.83,54.12,41.71
ORD100005,2025-06-08,C0610,55+,Female,Sumgayit,Sports,Running Bottle,1,19.19,0,Card,1,4.0,No,19.19,19.19,10.94,8.25
ORD101100,2025-06-08,C0865,25-34,Female,Baku,Books,Language Book,1,8.38,5,Digital Wallet,2,4.2,Yes,8.38,0.0,0.7542000000000001,-0.75
ORD100354,2025-06-08,C0226,25-34,Female,Baku,Home & Kitchen,Coffee Maker,2,106.64,10,Cash on Delivery,1,4.9,No,213.28,191.95,132.23,59.72
ORD102999,2025-06-08,C0808,25-34,Female,Baku,Sports,Dumbbell Set,3,126.81,0,Digital Wallet,3,4.6,No,380.43,380.43,216.85,163.58
ORD101444,2025-06-08,C0624,25-34,Male,Baku,Electronics,Power Bank,2,72.75,15,Cash on Delivery,1,5.0,Yes,145.5,0.0,18.8568,-18.86
ORD102318,2025-06-09,C0614,35-44,Female,Mingachevir,Fashion,T-shirt,1,124.18,10,Card,2,3.9,No,124.18,111.76,68.3,43.46
ORD100082,2025-06-09,C0660,45-54,Male,Khirdalan,Fashion,T-shirt,1,22.03,15,Card,2,4.7,No,22.03,18.73,12.12,6.61
ORD102841,2025-06-09,C0747,55+,Female,Shaki,Electronics,Power Bank,3,78.87,0,Card,4,4.0,No,236.61,236.61,170.36,66.25
ORD100140,2025-06-09,C0772,35-44,Male,Baku,Home & Kitchen,Desk Lamp,1,109.01,10,Card,1,4.5,No,109.01,98.11,67.59,30.52
ORD102954,2025-06-09,C0611,55+,Female,Baku,Home & Kitchen,Storage Box,5,213.95,0,Card,3,5.0,No,1069.75,1069.75,663.24,406.51
ORD102916,2025-06-09,C0800,18-24,Female,Baku,Sports,Yoga Mat,3,43.15,0,Card,3,4.6,No,129.45,129.45,73.79,55.66
ORD101039,2025-06-09,C0845,55+,Female,Ganja,Electronics,Keyboard,1,252.32,0,Card,3,4.1,No,252.32,252.32,181.67,70.65
ORD100756,2025-06-09,C0386,25-34,Female,Sumgayit,Beauty,Lipstick,1,16.93,10,Card,3,4.3,No,16.93,15.24,8.13,7.11
ORD101992,2025-06-09,C0353,35-44,Male,Baku,Electronics,Smart Watch,2,266.31,0,Card,3,4.1,No,532.62,532.62,383.49,149.13
ORD102565,2025-06-10,C0152,35-44,Female,Baku,Electronics,Wireless Earbuds,1,136.8,10,Cash on Delivery,1,4.8,No,136.8,123.12,98.5,24.62
ORD100121,2025-06-10,C0582,25-34,Female,Ganja,Fashion,Handbag,2,24.82,5,Card,3,4.0,No,49.64,47.16,27.3,19.86
ORD101418,2025-06-10,C0856,25-34,Male,Quba,Sports,Yoga Mat,1,115.56,5,Cash on Delivery,2,3.7,No,115.56,109.78,65.87,43.91
ORD101220,2025-06-10,C0440,25-34,Male,Baku,Beauty,Body Lotion,2,26.63,5,Card,6,4.0,No,53.26,50.6,25.56,25.04
ORD102078,2025-06-10,C0374,18-24,Male,Lankaran,Fashion,Sneakers,1,47.59,5,Cash on Delivery,2,4.2,No,47.59,45.21,26.17,19.04
ORD100298,2025-06-10,C0559,18-24,Male,Khirdalan,Fashion,Sneakers,4,96.61,0,Card,3,3.9,No,386.44,386.44,212.54,173.9
ORD100004,2025-06-10,C0742,18-24,Male,Baku,Beauty,Shampoo,1,23.3,20,Cash on Delivery,6,4.6,No,23.3,18.64,11.18,7.46
ORD102135,2025-06-10,C0348,25-34,Male,Sumgayit,Home & Kitchen,Blender,2,71.68,10,Card,2,4.6,No,143.36,129.02,88.88,40.14
ORD100030,2025-06-11,C0756,25-34,Female,Mingachevir,Fashion,T-shirt,1,39.21,5,Cash on Delivery,4,4.1,No,39.21,37.25,21.57,15.68
ORD102521,2025-06-11,C0586,18-24,Male,Ganja,Fashion,Handbag,1,93.33,0,Card,2,5.0,No,93.33,93.33,51.33,42.0
ORD102157,2025-06-11,C0439,18-24,Male,Khirdalan,Electronics,Smart Watch,3,248.48,10,Card,4,5.0,No,745.44,670.9,536.72,134.18
ORD101293,2025-06-11,C0275,18-24,Female,Lankaran,Home & Kitchen,Coffee Maker,3,185.79,10,Card,2,4.4,No,557.37,501.63,345.57,156.06
ORD100285,2025-06-11,C0611,45-54,Female,Baku,Fashion,T-shirt,1,120.31,10,Card,4,3.5,No,120.31,108.28,66.17,42.11
ORD100800,2025-06-11,C0122,35-44,Male,Baku,Home & Kitchen,Storage Box,1,51.62,10,Digital Wallet,3,3.4,No,51.62,46.46,32.0,14.46
ORD100935,2025-06-11,C0028,45-54,Female,Baku,Home & Kitchen,Coffee Maker,3,148.79,20,Card,4,3.8,No,446.37,357.1,276.75,80.35
ORD101729,2025-06-12,C0891,45-54,Male,Sumgayit,Home & Kitchen,Desk Lamp,2,140.01,0,Digital Wallet,3,4.5,No,280.02,280.02,173.61,106.41
ORD102860,2025-06-12,C0623,18-24,Female,Baku,Home & Kitchen,Coffee Maker,1,61.38,5,Cash on Delivery,2,4.8,No,61.38,58.31,38.06,20.25
ORD100689,2025-06-12,C0398,18-24,Female,Baku,Fashion,Sneakers,1,86.07,0,Card,1,4.1,Yes,86.07,0.0,8.5212,-8.52
ORD100047,2025-06-12,C0173,35-44,Female,Sumgayit,Fashion,Jeans,1,65.92,10,Card,4,4.0,Yes,65.92,0.0,6.5268,-6.53
ORD100923,2025-06-12,C0663,25-34,Male,Ganja,Sports,Running Bottle,2,61.57,0,Card,1,4.6,No,123.14,123.14,70.19,52.95
ORD102802,2025-06-12,C0877,25-34,Female,Ganja,Home & Kitchen,Blender,1,76.02,10,Cash on Delivery,2,4.8,No,76.02,68.42,47.13,21.29
ORD100869,2025-06-12,C0175,45-54,Female,Ganja,Fashion,Jacket,1,97.13,0,Card,3,4.5,No,97.13,97.13,53.42,43.71
ORD100186,2025-06-12,C0719,25-34,Male,Baku,Fashion,Handbag,5,106.82,5,Card,4,4.1,Yes,534.1,0.0,52.876799999999996,-52.88
ORD102146,2025-06-12,C0713,45-54,Male,Baku,Home & Kitchen,Desk Lamp,2,136.71,15,Digital Wallet,3,3.3,No,273.42,232.41,169.52,62.89
ORD101263,2025-06-12,C0516,25-34,Male,Lankaran,Electronics,Keyboard,1,168.94,0,Digital Wallet,3,4.5,No,168.94,168.94,121.64,47.3
ORD101184,2025-06-13,C0467,35-44,Female,Mingachevir,Home & Kitchen,Storage Box,1,91.37,0,Card,4,4.3,No,91.37,91.37,56.65,34.72
ORD102382,2025-06-13,C0856,25-34,Male,Sumgayit,Books,Data Analytics Book,1,28.96,5,Card,4,3.4,No,28.96,27.51,14.48,13.03
ORD101643,2025-06-13,C0772,35-44,Female,Baku,Books,Psychology Book,2,20.1,5,Card,4,3.5,No,40.2,38.19,20.1,18.09
ORD100883,2025-06-13,C0400,18-24,Male,Sumgayit,Electronics,Smart Watch,2,132.45,0,Card,5,4.3,No,264.9,264.9,190.73,74.17
ORD100219,2025-06-13,C0064,45-54,Female,Shaki,Home & Kitchen,Coffee Maker,2,59.1,20,Card,3,4.8,No,118.2,94.56,73.28,21.28
ORD102735,2025-06-13,C0663,45-54,Male,Baku,Electronics,Power Bank,3,221.98,10,Digital Wallet,3,4.5,No,665.94,599.35,479.48,119.87
ORD100267,2025-06-13,C0427,25-34,Male,Sumgayit,Books,Data Analytics Book,1,10.76,5,Card,2,4.6,No,10.76,10.22,5.38,4.84
ORD101319,2025-06-13,C0647,18-24,Male,Khirdalan,Beauty,Face Serum,5,48.98,10,Card,1,4.6,No,244.9,220.41,117.55,102.86
ORD101473,2025-06-13,C0447,18-24,Male,Baku,Electronics,Bluetooth Speaker,2,121.6,0,Card,2,4.3,No,243.2,243.2,175.1,68.1
ORD101092,2025-06-13,C0286,25-34,Female,Baku,Books,Language Book,1,29.23,10,Digital Wallet,1,4.2,No,29.23,26.31,14.62,11.69
ORD101057,2025-06-14,C0119,45-54,Female,Sumgayit,Electronics,Bluetooth Speaker,1,244.9,0,Digital Wallet,1,4.4,No,244.9,244.9,176.33,68.57
ORD102578,2025-06-14,C0725,55+,Male,Baku,Beauty,Body Lotion,1,32.1,0,Card,4,3.2,No,32.1,32.1,15.41,16.69
ORD102435,2025-06-14,C0871,18-24,Male,Sumgayit,Beauty,Perfume,1,74.86,0,Card,4,4.4,No,74.86,74.86,35.93,38.93
ORD101373,2025-06-14,C0351,55+,Male,Baku,Electronics,Smart Watch,1,166.38,0,Digital Wallet,1,4.5,No,166.38,166.38,119.79,46.59
ORD100214,2025-06-14,C0552,25-34,Male,Baku,Books,Language Book,1,30.15,15,Cash on Delivery,4,3.9,No,30.15,25.63,15.08,10.55
ORD101890,2025-06-14,C0411,18-24,Female,Quba,Fashion,Jeans,1,98.41,0,Cash on Delivery,1,5.0,No,98.41,98.41,54.13,44.28
ORD102040,2025-06-14,C0747,45-54,Female,Baku,Fashion,Jacket,3,120.13,0,Cash on Delivery,4,4.1,No,360.39,360.39,198.21,162.18
ORD100031,2025-06-14,C0523,35-44,Female,Baku,Fashion,Sneakers,1,62.97,0,Digital Wallet,4,4.3,No,62.97,62.97,34.63,28.34
ORD100020,2025-06-14,C0389,45-54,Male,Khirdalan,Electronics,Smart Watch,3,267.45,0,Card,4,4.1,No,802.35,802.35,577.69,224.66
ORD102217,2025-06-14,C0792,35-44,Female,Lankaran,Home & Kitchen,Desk Lamp,3,190.39,15,Card,3,4.1,No,571.17,485.49,354.13,131.36
ORD101919,2025-06-14,C0142,45-54,Female,Ganja,Electronics,Wireless Earbuds,2,262.79,0,Card,3,3.6,No,525.58,525.58,378.42,147.16
ORD101331,2025-06-14,C0398,45-54,Male,Baku,Fashion,Sneakers,1,43.81,0,Card,6,3.2,No,43.81,43.81,24.1,19.71
ORD101368,2025-06-15,C0627,35-44,Male,Sumgayit,Beauty,Lipstick,1,76.6,0,Card,4,4.2,Yes,76.6,0.0,6.618600000000001,-6.62
ORD101803,2025-06-15,C0074,18-24,Female,Lankaran,Fashion,Sneakers,2,61.21,0,Card,2,5.0,No,122.42,122.42,67.33,55.09
ORD102391,2025-06-15,C0148,45-54,Female,Ganja,Electronics,Wireless Earbuds,1,198.92,10,Card,3,4.5,No,198.92,179.03,143.22,35.81
ORD100833,2025-06-15,C0586,35-44,Male,Baku,Sports,Dumbbell Set,2,42.38,0,Digital Wallet,2,5.0,No,84.76,84.76,48.31,36.45
ORD100792,2025-06-15,C0594,25-34,Male,Lankaran,Home & Kitchen,Desk Lamp,1,85.41,0,Digital Wallet,4,4.4,No,85.41,85.41,52.95,32.46
ORD102243,2025-06-15,C0677,25-34,Female,Baku,Sports,Dumbbell Set,1,129.36,10,Card,2,4.3,No,129.36,116.42,73.74,42.68
ORD102047,2025-06-15,C0295,55+,Male,Sumgayit,Beauty,Shampoo,3,70.79,20,Card,3,4.3,No,212.37,169.9,101.94,67.96
ORD102645,2025-06-15,C0689,25-34,Male,Baku,Beauty,Shampoo,2,37.32,0,Card,4,4.0,No,74.64,74.64,35.83,38.81
ORD101566,2025-06-15,C0545,25-34,Female,Shaki,Beauty,Body Lotion,1,85.13,10,Cash on Delivery,2,4.7,Yes,85.13,0.0,7.3548,-7.35
ORD100506,2025-06-15,C0502,55+,Female,Lankaran,Books,Novel,2,9.51,0,Cash on Delivery,3,4.2,No,19.02,19.02,9.51,9.51
ORD102337,2025-06-15,C0726,45-54,Male,Baku,Home & Kitchen,Cookware Set,1,185.61,5,Digital Wallet,3,4.6,No,185.61,176.33,115.08,61.25
ORD101853,2025-06-15,C0793,25-34,Male,Baku,Electronics,Keyboard,2,177.4,0,Card,5,3.9,No,354.8,354.8,255.46,99.34
ORD102205,2025-06-15,C0092,55+,Male,Baku,Electronics,Smart Watch,1,108.56,15,Card,3,4.7,No,108.56,92.28,78.16,14.12
ORD100205,2025-06-16,C0392,25-34,Female,Baku,Beauty,Lipstick,1,22.51,5,Card,2,4.8,No,22.51,21.38,10.8,10.58
ORD102180,2025-06-16,C0377,35-44,Male,Quba,Electronics,Bluetooth Speaker,2,131.02,0,Card,2,4.5,No,262.04,262.04,188.67,73.37
ORD100537,2025-06-16,C0595,18-24,Male,Shaki,Books,Psychology Book,3,12.55,0,Card,3,3.9,No,37.65,37.65,18.82,18.83
ORD102845,2025-06-16,C0553,25-34,Male,Ganja,Home & Kitchen,Coffee Maker,1,175.76,0,Cash on Delivery,3,3.9,No,175.76,175.76,108.97,66.79
ORD100222,2025-06-16,C0171,18-24,Male,Baku,Fashion,Jeans,1,44.35,5,Cash on Delivery,4,4.2,No,44.35,42.13,24.39,17.74
ORD100871,2025-06-16,C0559,25-34,Male,Baku,Beauty,Lipstick,1,67.88,15,Card,4,4.1,No,67.88,57.7,32.58,25.12
ORD101458,2025-06-16,C0348,18-24,Male,Khirdalan,Electronics,Wireless Earbuds,1,232.72,10,Digital Wallet,5,3.9,No,232.72,209.45,167.56,41.89
ORD101743,2025-06-16,C0789,25-34,Female,Khirdalan,Books,Data Analytics Book,1,38.2,10,Digital Wallet,5,4.4,No,38.2,34.38,19.1,15.28
ORD102846,2025-06-16,C0324,18-24,Male,Baku,Books,Psychology Book,1,30.09,0,Card,3,4.2,No,30.09,30.09,15.04,15.05
ORD102991,2025-06-16,C0233,18-24,Female,Baku,Beauty,Face Serum,4,84.97,15,Card,2,5.0,No,339.88,288.9,163.14,125.76
ORD102004,2025-06-17,C0644,25-34,Female,Quba,Home & Kitchen,Desk Lamp,4,25.2,0,Digital Wallet,1,4.5,No,100.8,100.8,62.5,38.3
ORD100916,2025-06-17,C0485,18-24,Female,Sumgayit,Electronics,Smart Watch,1,252.01,15,Card,2,4.3,Yes,252.01,0.0,32.660999999999994,-32.66
ORD100798,2025-06-17,C0410,18-24,Male,Ganja,Electronics,Keyboard,1,81.56,0,Cash on Delivery,2,4.6,No,81.56,81.56,58.72,22.84
ORD100335,2025-06-17,C0772,35-44,Female,Ganja,Fashion,Jeans,2,109.05,0,Card,4,4.5,No,218.1,218.1,119.96,98.14
ORD100114,2025-06-17,C0795,35-44,Female,Baku,Fashion,Handbag,1,134.15,0,Digital Wallet,2,4.3,No,134.15,134.15,73.78,60.37
ORD100905,2025-06-17,C0724,35-44,Male,Baku,Sports,Running Bottle,2,68.36,0,Cash on Delivery,3,4.6,No,136.72,136.72,77.93,58.79
ORD102507,2025-06-17,C0228,18-24,Female,Baku,Beauty,Perfume,1,58.39,10,Cash on Delivery,2,4.9,No,58.39,52.55,28.03,24.52
ORD101555,2025-06-17,C0697,25-34,Male,Baku,Home & Kitchen,Blender,2,156.62,15,Cash on Delivery,4,4.1,No,313.24,266.25,194.21,72.04
ORD100485,2025-06-18,C0083,35-44,Female,Mingachevir,Home & Kitchen,Desk Lamp,2,214.8,5,Card,3,4.5,No,429.6,408.12,266.35,141.77
ORD100176,2025-06-18,C0278,45-54,Female,Ganja,Books,Language Book,5,44.65,0,Digital Wallet,1,4.6,No,223.25,223.25,111.62,111.63
ORD102020,2025-06-18,C0736,25-34,Male,Baku,Sports,Football,2,85.82,15,Card,3,3.2,No,171.64,145.89,97.83,48.06
ORD100612,2025-06-18,C0424,25-34,Male,Baku,Beauty,Lipstick,2,31.81,0,Card,2,3.6,No,63.62,63.62,30.54,33.08
ORD101520,2025-06-18,C0590,25-34,Female,Baku,Fashion,T-shirt,4,20.4,5,Cash on Delivery,5,4.6,No,81.6,77.52,44.88,32.64
ORD102189,2025-06-18,C0174,25-34,Female,Mingachevir,Home & Kitchen,Blender,1,144.79,10,Card,3,4.1,No,144.79,130.31,89.77,40.54
ORD102274,2025-06-18,C0166,35-44,Female,Ganja,Sports,Dumbbell Set,1,97.68,20,Cash on Delivery,3,3.5,No,97.68,78.14,55.68,22.46
ORD101213,2025-06-18,C0513,35-44,Female,Baku,Fashion,Jeans,1,98.37,5,Card,2,4.6,No,98.37,93.45,54.1,39.35
ORD102582,2025-06-18,C0712,25-34,Female,Quba,Fashion,Jeans,2,62.11,0,Digital Wallet,4,4.2,No,124.22,124.22,68.32,55.9
ORD100073,2025-06-18,C0677,18-24,Male,Baku,Beauty,Face Serum,2,11.09,5,Card,1,4.4,No,22.18,21.07,10.65,10.42
ORD102730,2025-06-18,C0276,18-24,Male,Ganja,Fashion,Handbag,1,62.32,5,Card,2,4.1,No,62.32,59.2,34.28,24.92
ORD100939,2025-06-18,C0076,45-54,Female,Lankaran,Beauty,Lipstick,2,15.77,10,Cash on Delivery,4,3.7,Yes,31.54,0.0,2.7252,-2.73
ORD100647,2025-06-18,C0875,45-54,Male,Baku,Electronics,Smart Watch,1,52.64,0,Card,3,4.7,Yes,52.64,0.0,6.821999999999999,-6.82
ORD102354,2025-06-19,C0599,25-34,Male,Baku,Fashion,T-shirt,1,42.35,0,Card,7,3.6,No,42.35,42.35,23.29,19.06
ORD100231,2025-06-19,C0455,25-34,Female,Shaki,Books,Data Analytics Book,1,41.59,5,Cash on Delivery,4,4.3,No,41.59,39.51,20.8,18.71
ORD102077,2025-06-19,C0249,18-24,Male,Sumgayit,Sports,Football,1,13.04,0,Card,1,5.0,No,13.04,13.04,7.43,5.61
ORD101954,2025-06-19,C0334,25-34,Male,Ganja,Electronics,Smart Watch,2,49.34,15,Cash on Delivery,3,3.8,No,98.68,83.88,71.05,12.83
ORD102409,2025-06-19,C0444,25-34,Female,Sumgayit,Beauty,Lipstick,1,84.81,5,Digital Wallet,2,4.0,Yes,84.81,0.0,7.3278,-7.33
ORD102716,2025-06-19,C0129,45-54,Male,Baku,Electronics,Power Bank,3,41.55,0,Cash on Delivery,5,4.4,No,124.65,124.65,89.75,34.9
ORD101248,2025-06-19,C0673,25-34,Female,Shaki,Electronics,Power Bank,1,83.25,0,Card,4,3.9,No,83.25,83.25,59.94,23.31
ORD102465,2025-06-19,C0514,35-44,Female,Sumgayit,Fashion,T-shirt,3,97.7,10,Cash on Delivery,3,4.5,No,293.1,263.79,161.21,102.58
ORD102644,2025-06-20,C0100,25-34,Male,Baku,Fashion,Jeans,2,56.97,10,Digital Wallet,5,3.1,Yes,113.94,0.0,11.2806,-11.28
ORD102527,2025-06-20,C0089,18-24,Male,Lankaran,Home & Kitchen,Cookware Set,1,184.17,20,Digital Wallet,4,4.3,No,184.17,147.34,114.19,33.15
ORD101075,2025-06-20,C0296,18-24,Female,Sumgayit,Beauty,Lipstick,1,77.72,0,Cash on Delivery,4,4.3,No,77.72,77.72,37.31,40.41
ORD101802,2025-06-20,C0525,18-24,Male,Ganja,Fashion,Handbag,1,116.11,10,Card,3,3.9,No,116.11,104.5,63.86,40.64
ORD101499,2025-06-20,C0399,25-34,Female,Ganja,Books,Psychology Book,2,32.49,0,Digital Wallet,2,4.5,No,64.98,64.98,32.49,32.49
ORD100474,2025-06-20,C0138,55+,Female,Mingachevir,Fashion,Handbag,1,87.35,0,Digital Wallet,5,4.2,No,87.35,87.35,48.04,39.31
ORD100277,2025-06-20,C0682,18-24,Female,Baku,Home & Kitchen,Coffee Maker,3,62.03,20,Card,1,4.9,Yes,186.09,0.0,20.7684,-20.77
ORD101768,2025-06-20,C0232,45-54,Female,Sumgayit,Sports,Yoga Mat,1,56.54,5,Cash on Delivery,5,4.4,No,56.54,53.71,32.23,21.48
ORD100054,2025-06-20,C0702,25-34,Male,Sumgayit,Fashion,Handbag,2,45.48,5,Card,4,3.5,No,90.96,86.41,50.03,36.38
ORD100710,2025-06-20,C0140,25-34,Male,Baku,Electronics,Wireless Earbuds,2,73.55,0,Card,4,4.4,No,147.1,147.1,105.91,41.19
ORD100070,2025-06-21,C0312,18-24,Female,Baku,Beauty,Shampoo,1,21.6,10,Card,4,3.9,No,21.6,19.44,10.37,9.07
ORD100367,2025-06-21,C0465,25-34,Female,Lankaran,Books,Novel,2,24.01,15,Cash on Delivery,4,3.7,No,48.02,40.82,24.01,16.81
ORD101968,2025-06-21,C0836,35-44,Female,Baku,Fashion,Sneakers,4,121.51,10,Card,3,4.2,No,486.04,437.44,267.32,170.12
ORD101102,2025-06-21,C0590,25-34,Male,Ganja,Home & Kitchen,Cookware Set,2,71.22,0,Card,2,3.9,No,142.44,142.44,88.31,54.13
ORD101431,2025-06-21,C0199,18-24,Female,Sumgayit,Home & Kitchen,Desk Lamp,1,186.5,20,Cash on Delivery,2,4.4,No,186.5,149.2,115.63,33.57
ORD101712,2025-06-21,C0583,35-44,Male,Baku,Home & Kitchen,Blender,1,175.87,10,Card,3,5.0,No,175.87,158.28,109.04,49.24
ORD101697,2025-06-21,C0154,25-34,Male,Shaki,Beauty,Face Serum,1,37.01,0,Card,6,3.5,No,37.01,37.01,17.76,19.25
ORD102454,2025-06-21,C0406,25-34,Male,Ganja,Home & Kitchen,Storage Box,1,214.82,5,Card,2,4.5,No,214.82,204.08,133.19,70.89
ORD102976,2025-06-21,C0124,25-34,Male,Baku,Home & Kitchen,Cookware Set,1,35.64,10,Digital Wallet,4,4.2,No,35.64,32.08,22.1,9.98
ORD100124,2025-06-21,C0151,18-24,Male,Baku,Electronics,Smart Watch,1,118.72,20,Cash on Delivery,3,4.4,No,118.72,94.98,85.48,9.5
ORD102549,2025-06-21,C0267,18-24,Male,Baku,Fashion,Sneakers,1,108.72,0,Card,2,5.0,No,108.72,108.72,59.8,48.92
ORD102913,2025-06-22,C0509,18-24,Male,Ganja,Home & Kitchen,Blender,4,144.13,10,Card,4,4.5,No,576.52,518.87,357.44,161.43
ORD102395,2025-06-22,C0619,55+,Female,Baku,Books,Data Analytics Book,3,10.25,10,Card,4,4.5,No,30.75,27.68,15.38,12.3
ORD100290,2025-06-22,C0681,45-54,Female,Khirdalan,Electronics,Smart Watch,1,253.24,0,Card,5,4.3,Yes,253.24,0.0,32.8194,-32.82
ORD101789,2025-06-22,C0720,35-44,Female,Sumgayit,Electronics,Wireless Earbuds,1,167.45,0,Cash on Delivery,3,4.8,No,167.45,167.45,120.56,46.89
ORD100109,2025-06-22,C0182,18-24,Female,Mingachevir,Beauty,Perfume,3,41.26,0,Card,5,3.6,No,123.78,123.78,59.41,64.37
ORD102026,2025-06-22,C0243,18-24,Female,Khirdalan,Beauty,Shampoo,2,51.4,5,Card,4,3.6,Yes,102.8,0.0,8.8812,-8.88
ORD100519,2025-06-23,C0394,35-44,Female,Sumgayit,Home & Kitchen,Blender,1,62.12,0,Card,3,3.8,No,62.12,62.12,38.51,23.61
ORD100076,2025-06-23,C0278,25-34,Male,Shaki,Fashion,Jeans,1,81.86,20,Cash on Delivery,2,3.2,No,81.86,65.49,45.02,20.47
ORD101420,2025-06-23,C0067,55+,Male,Ganja,Home & Kitchen,Coffee Maker,2,39.3,5,Card,3,4.3,No,78.6,74.67,48.73,25.94
ORD102239,2025-06-23,C0215,18-24,Male,Baku,Sports,Resistance Bands,2,90.87,10,Card,2,4.1,No,181.74,163.57,103.59,59.98
ORD102456,2025-06-23,C0671,35-44,Female,Sumgayit,Home & Kitchen,Cookware Set,1,35.79,0,Digital Wallet,4,4.2,No,35.79,35.79,22.19,13.6
ORD100974,2025-06-23,C0540,25-34,Female,Khirdalan,Beauty,Lipstick,1,90.85,15,Card,3,4.8,No,90.85,77.22,43.61,33.61
ORD102459,2025-06-23,C0717,25-34,Male,Ganja,Electronics,Smart Watch,3,195.65,5,Cash on Delivery,7,3.7,No,586.95,557.6,422.6,135.0
ORD102463,2025-06-23,C0544,35-44,Female,Mingachevir,Home & Kitchen,Desk Lamp,2,151.68,10,Digital Wallet,2,4.8,No,303.36,273.02,188.08,84.94
ORD100944,2025-06-23,C0414,55+,Male,Lankaran,Beauty,Face Serum,2,60.71,15,Cash on Delivery,3,5.0,No,121.42,103.21,58.28,44.93
ORD100709,2025-06-23,C0286,55+,Female,Baku,Electronics,Keyboard,2,183.46,0,Card,4,4.2,No,366.92,366.92,264.18,102.74
ORD102980,2025-06-23,C0550,45-54,Female,Lankaran,Books,Data Analytics Book,3,31.13,10,Card,4,3.9,No,93.39,84.05,46.7,37.35
ORD101541,2025-06-23,C0669,18-24,Female,Baku,Fashion,Jacket,4,133.48,0,Digital Wallet,3,5.0,Yes,533.92,0.0,52.8588,-52.86
ORD102769,2025-06-24,C0662,25-34,Female,Baku,Sports,Dumbbell Set,1,78.68,0,Card,1,4.6,No,78.68,78.68,44.85,33.83
ORD100768,2025-06-24,C0399,25-34,Female,Lankaran,Beauty,Perfume,2,50.45,0,Digital Wallet,4,5.0,No,100.9,100.9,48.43,52.47
ORD100973,2025-06-24,C0022,35-44,Female,Lankaran,Home & Kitchen,Storage Box,5,69.75,15,Cash on Delivery,2,4.7,No,348.75,296.44,216.22,80.22
ORD100622,2025-06-24,C0111,45-54,Male,Mingachevir,Electronics,Power Bank,2,101.97,10,Card,4,4.5,Yes,203.94,0.0,26.4312,-26.43
ORD101202,2025-06-24,C0845,25-34,Female,Quba,Beauty,Shampoo,2,39.23,0,Card,4,3.6,No,78.46,78.46,37.66,40.8
ORD102960,2025-06-24,C0565,45-54,Male,Quba,Sports,Running Bottle,1,84.98,0,Cash on Delivery,4,4.2,No,84.98,84.98,48.44,36.54
ORD101799,2025-06-24,C0310,35-44,Male,Baku,Beauty,Face Serum,4,42.26,0,Card,4,4.2,No,169.04,169.04,81.14,87.9
ORD101795,2025-06-24,C0892,35-44,Female,Baku,Beauty,Perfume,1,63.96,0,Cash on Delivery,4,3.9,No,63.96,63.96,30.7,33.26
ORD100785,2025-06-24,C0879,18-24,Female,Sumgayit,Fashion,Jacket,1,97.95,5,Card,4,4.3,No,97.95,93.05,53.87,39.18
ORD101808,2025-06-25,C0576,18-24,Male,Lankaran,Electronics,Wireless Earbuds,1,118.16,0,Card,3,5.0,No,118.16,118.16,85.08,33.08
ORD101101,2025-06-25,C0692,18-24,Male,Shaki,Fashion,Jeans,5,59.41,0,Cash on Delivery,3,4.1,No,297.05,297.05,163.38,133.67
ORD101508,2025-06-25,C0349,45-54,Female,Baku,Electronics,Keyboard,1,242.83,10,Card,3,4.2,No,242.83,218.55,174.84,43.71
ORD102178,2025-06-25,C0283,18-24,Female,Khirdalan,Beauty,Shampoo,2,58.59,10,Cash on Delivery,4,3.9,No,117.18,105.46,56.25,49.21
ORD102686,2025-06-25,C0817,25-34,Male,Sumgayit,Sports,Dumbbell Set,3,27.04,15,Card,3,4.6,No,81.12,68.95,46.24,22.71
ORD100644,2025-06-25,C0391,18-24,Male,Baku,Sports,Dumbbell Set,1,52.01,0,Card,2,4.7,No,52.01,52.01,29.65,22.36
ORD101932,2025-06-25,C0570,35-44,Female,Baku,Beauty,Body Lotion,2,57.37,5,Card,6,3.7,No,114.74,109.0,55.08,53.92
ORD101517,2025-06-26,C0482,25-34,Female,Khirdalan,Books,Language Book,1,40.2,0,Cash on Delivery,2,4.5,No,40.2,40.2,20.1,20.1
ORD101146,2025-06-26,C0812,18-24,Female,Mingachevir,Books,Data Analytics Book,4,34.79,0,Card,4,3.9,No,139.16,139.16,69.58,69.58
ORD102844,2025-06-26,C0895,35-44,Male,Baku,Fashion,T-shirt,1,91.09,10,Card,4,3.8,No,91.09,81.98,50.1,31.88
ORD100276,2025-06-26,C0895,35-44,Female,Ganja,Beauty,Lipstick,1,71.81,5,Digital Wallet,3,4.0,No,71.81,68.22,34.47,33.75
ORD102416,2025-06-27,C0693,45-54,Female,Quba,Fashion,Jeans,2,118.98,5,Card,4,4.4,No,237.96,226.06,130.88,95.18
ORD102958,2025-06-27,C0316,25-34,Female,Ganja,Home & Kitchen,Coffee Maker,1,150.11,0,Digital Wallet,3,4.3,No,150.11,150.11,93.07,57.04
ORD101031,2025-06-27,C0099,35-44,Female,Sumgayit,Home & Kitchen,Coffee Maker,2,20.19,0,Digital Wallet,4,4.0,No,40.38,40.38,25.04,15.34
ORD100282,2025-06-27,C0390,18-24,Female,Baku,Sports,Dumbbell Set,5,43.67,20,Card,5,3.9,Yes,218.35,0.0,22.4028,-22.4
ORD102156,2025-06-28,C0290,55+,Male,Baku,Electronics,Bluetooth Speaker,1,273.54,10,Card,1,5.0,No,273.54,246.19,196.95,49.24
ORD101244,2025-06-28,C0393,25-34,Male,Shaki,Sports,Dumbbell Set,1,108.77,0,Card,4,4.0,No,108.77,108.77,62.0,46.77
ORD100729,2025-06-28,C0674,35-44,Female,Baku,Electronics,Keyboard,2,219.22,5,Digital Wallet,3,4.7,No,438.44,416.52,315.68,100.84
ORD100444,2025-06-28,C0510,18-24,Female,Baku,Electronics,Power Bank,1,234.14,0,Card,1,4.4,No,234.14,234.14,168.58,65.56
ORD101492,2025-06-28,C0211,55+,Female,Sumgayit,Sports,Running Bottle,1,130.0,10,Card,1,5.0,No,130.0,117.0,74.1,42.9
ORD100651,2025-06-28,C0292,25-34,Male,Baku,Home & Kitchen,Cookware Set,3,152.13,0,Cash on Delivery,2,4.7,No,456.39,456.39,282.96,173.43
ORD101116,2025-06-28,C0639,25-34,Female,Mingachevir,Beauty,Shampoo,1,86.19,15,Card,5,3.8,No,86.19,73.26,41.37,31.89
ORD101477,2025-06-29,C0487,18-24,Female,Sumgayit,Home & Kitchen,Storage Box,1,116.03,5,Cash on Delivery,4,4.4,No,116.03,110.23,71.94,38.29
ORD102739,2025-06-29,C0140,55+,Male,Ganja,Beauty,Perfume,1,76.72,0,Card,3,3.4,No,76.72,76.72,36.83,39.89
ORD102298,2025-06-29,C0046,18-24,Male,Baku,Sports,Football,3,44.77,5,Card,4,5.0,No,134.31,127.59,76.56,51.03
ORD100563,2025-06-29,C0678,45-54,Female,Baku,Beauty,Lipstick,1,20.04,10,Cash on Delivery,3,4.4,No,20.04,18.04,9.62,8.42
ORD101918,2025-06-29,C0478,35-44,Male,Baku,Sports,Yoga Mat,2,18.01,5,Card,5,3.6,No,36.02,34.22,20.53,13.69
ORD100235,2025-06-29,C0437,18-24,Female,Baku,Sports,Football,1,53.55,15,Card,2,3.9,No,53.55,45.52,30.52,15.0
ORD100284,2025-06-29,C0339,35-44,Female,Baku,Electronics,Wireless Earbuds,1,56.23,0,Cash on Delivery,2,4.8,No,56.23,56.23,40.49,15.74
ORD100718,2025-06-29,C0395,35-44,Female,Quba,Books,Business Book,1,39.1,10,Cash on Delivery,1,4.7,No,39.1,35.19,19.55,15.64
ORD101549,2025-06-30,C0330,18-24,Female,Quba,Books,Data Analytics Book,1,12.16,0,Card,6,3.2,No,12.16,12.16,6.08,6.08
ORD101814,2025-06-30,C0022,25-34,Female,Baku,Home & Kitchen,Cookware Set,2,70.14,10,Card,1,4.8,No,140.28,126.25,86.97,39.28
ORD100252,2025-06-30,C0156,25-34,Male,Mingachevir,Fashion,Handbag,1,42.98,0,Card,2,5.0,No,42.98,42.98,23.64,19.34
ORD101018,2025-06-30,C0175,35-44,Male,Shaki,Fashion,Handbag,2,21.33,5,Cash on Delivery,2,4.1,No,42.66,40.53,23.46,17.07
ORD100203,2025-06-30,C0025,45-54,Male,Baku,Fashion,Sneakers,1,86.17,10,Cash on Delivery,3,4.0,No,86.17,77.55,47.39,30.16
ORD101120,2025-06-30,C0360,25-34,Male,Khirdalan,Books,Business Book,1,32.12,10,Cash on Delivery,6,3.3,No,32.12,28.91,16.06,12.85
ORD102540,2025-06-30,C0529,18-24,Male,Ganja,Sports,Running Bottle,2,42.33,10,Cash on Delivery,4,3.8,No,84.66,76.19,48.26,27.93
ORD102977,2025-06-30,C0548,18-24,Male,Baku,Beauty,Shampoo,1,12.69,5,Cash on Delivery,5,4.8,No,12.69,12.06,6.09,5.97
ORD101519,2025-06-30,C0187,35-44,Male,Baku,Fashion,Jacket,2,62.25,5,Card,3,4.0,No,124.5,118.28,68.48,49.8
ORD100185,2025-06-30,C0848,25-34,Female,Mingachevir,Electronics,Keyboard,2,83.61,10,Digital Wallet,5,4.6,No,167.22,150.5,120.4,30.1
ORD101353,2025-06-30,C0618,25-34,Female,Baku,Sports,Dumbbell Set,2,124.45,10,Card,3,4.4,No,248.9,224.01,141.87,82.14
ORD100055,2025-07-01,C0837,18-24,Male,Baku,Fashion,Jeans,3,21.38,15,Digital Wallet,4,4.5,No,64.14,54.52,35.28,19.24
ORD102664,2025-07-01,C0250,18-24,Male,Baku,Fashion,Sneakers,1,130.69,5,Cash on Delivery,4,4.1,Yes,130.69,0.0,12.938399999999998,-12.94
ORD102011,2025-07-01,C0307,18-24,Male,Baku,Books,Data Analytics Book,2,43.74,15,Card,2,4.2,No,87.48,74.36,43.74,30.62
ORD102642,2025-07-01,C0889,35-44,Female,Baku,Beauty,Lipstick,1,94.12,10,Digital Wallet,3,3.9,No,94.12,84.71,45.18,39.53
ORD102948,2025-07-01,C0778,25-34,Female,Lankaran,Beauty,Body Lotion,1,71.48,5,Card,2,4.7,No,71.48,67.91,34.31,33.6
ORD101356,2025-07-01,C0500,35-44,Female,Mingachevir,Books,Business Book,2,22.22,5,Card,7,3.6,No,44.44,42.22,22.22,20.0
ORD100183,2025-07-01,C0092,25-34,Male,Baku,Home & Kitchen,Blender,1,182.28,15,Cash on Delivery,3,4.3,No,182.28,154.94,113.01,41.93
ORD102597,2025-07-02,C0373,45-54,Male,Ganja,Home & Kitchen,Desk Lamp,1,152.03,0,Card,4,4.5,No,152.03,152.03,94.26,57.77
ORD102538,2025-07-02,C0264,18-24,Female,Baku,Sports,Dumbbell Set,1,123.97,20,Card,5,4.1,No,123.97,99.18,70.66,28.52
ORD100405,2025-07-02,C0424,35-44,Male,Ganja,Home & Kitchen,Storage Box,2,58.94,15,Card,4,4.2,No,117.88,100.2,73.09,27.11
ORD100180,2025-07-02,C0090,18-24,Male,Baku,Beauty,Body Lotion,1,46.62,5,Card,4,4.5,No,46.62,44.29,22.38,21.91
ORD100021,2025-07-02,C0214,55+,Female,Baku,Fashion,Handbag,1,137.44,0,Digital Wallet,3,4.3,Yes,137.44,0.0,13.6062,-13.61
ORD101162,2025-07-02,C0161,25-34,Female,Shaki,Fashion,T-shirt,2,72.81,0,Card,6,3.8,No,145.62,145.62,80.09,65.53
ORD100406,2025-07-02,C0619,45-54,Male,Baku,Beauty,Perfume,2,71.56,10,Digital Wallet,3,4.1,No,143.12,128.81,68.7,60.11
ORD100453,2025-07-02,C0533,55+,Female,Baku,Sports,Running Bottle,2,69.92,10,Digital Wallet,4,4.1,No,139.84,125.86,79.71,46.15
ORD102254,2025-07-02,C0241,35-44,Female,Mingachevir,Home & Kitchen,Storage Box,1,186.67,0,Card,3,4.3,No,186.67,186.67,115.74,70.93
ORD100667,2025-07-03,C0491,25-34,Female,Ganja,Books,Psychology Book,4,37.83,0,Cash on Delivery,3,4.4,No,151.32,151.32,75.66,75.66
ORD101737,2025-07-03,C0577,35-44,Female,Sumgayit,Books,Business Book,1,35.32,5,Cash on Delivery,3,4.5,No,35.32,33.55,17.66,15.89
ORD101379,2025-07-03,C0254,55+,Female,Baku,Beauty,Perfume,1,46.19,10,Card,5,5.0,Yes,46.19,0.0,3.9906,-3.99
ORD101053,2025-07-03,C0772,35-44,Female,Sumgayit,Home & Kitchen,Storage Box,2,93.83,0,Digital Wallet,3,4.8,No,187.66,187.66,116.35,71.31
ORD101008,2025-07-03,C0399,35-44,Female,Shaki,Books,Business Book,5,9.99,5,Card,2,3.9,No,49.95,47.45,24.98,22.47
ORD101091,2025-07-03,C0768,55+,Female,Khirdalan,Sports,Yoga Mat,2,68.62,5,Card,4,4.4,No,137.24,130.38,78.23,52.15
ORD100556,2025-07-04,C0895,18-24,Female,Sumgayit,Beauty,Face Serum,1,42.38,5,Card,5,4.3,No,42.38,40.26,20.34,19.92
ORD100629,2025-07-04,C0002,45-54,Male,Sumgayit,Electronics,Bluetooth Speaker,4,84.39,0,Cash on Delivery,4,4.4,No,337.56,337.56,243.04,94.52
ORD101767,2025-07-04,C0308,45-54,Female,Baku,Electronics,Keyboard,1,213.25,10,Card,3,4.7,Yes,213.25,0.0,27.637199999999996,-27.64
ORD100876,2025-07-04,C0626,18-24,Female,Baku,Electronics,Bluetooth Speaker,1,157.52,5,Cash on Delivery,4,3.5,No,157.52,149.64,113.41,36.23
ORD102685,2025-07-04,C0575,18-24,Female,Khirdalan,Books,Psychology Book,3,17.11,5,Cash on Delivery,3,4.8,No,51.33,48.76,25.66,23.1
ORD102715,2025-07-04,C0822,25-34,Male,Lankaran,Beauty,Lipstick,3,10.34,10,Cash on Delivery,6,4.0,No,31.02,27.92,14.89,13.03
ORD100115,2025-07-04,C0022,18-24,Male,Baku,Sports,Football,1,60.57,10,Card,4,3.8,Yes,60.57,0.0,6.2136000000000005,-6.21
ORD100159,2025-07-04,C0584,25-34,Female,Shaki,Fashion,Jacket,1,18.48,0,Cash on Delivery,2,4.3,No,18.48,18.48,10.16,8.32
ORD102251,2025-07-04,C0853,25-34,Female,Baku,Electronics,Keyboard,1,131.69,10,Cash on Delivery,4,4.1,No,131.69,118.52,94.82,23.7
ORD101152,2025-07-04,C0810,35-44,Male,Baku,Beauty,Perfume,3,72.45,10,Card,2,4.3,No,217.35,195.62,104.33,91.29
ORD100420,2025-07-04,C0455,25-34,Female,Baku,Books,Novel,5,33.56,0,Card,3,4.8,No,167.8,167.8,83.9,83.9
ORD102350,2025-07-04,C0045,35-44,Male,Baku,Fashion,Jacket,4,24.19,15,Card,3,4.6,No,96.76,82.25,53.22,29.03
ORD101618,2025-07-05,C0449,35-44,Female,Sumgayit,Home & Kitchen,Coffee Maker,2,156.97,20,Digital Wallet,2,4.5,No,313.94,251.15,194.64,56.51
ORD101490,2025-07-05,C0681,25-34,Male,Baku,Home & Kitchen,Desk Lamp,2,24.33,20,Card,2,5.0,No,48.66,38.93,30.17,8.76
ORD102066,2025-07-05,C0224,25-34,Female,Ganja,Sports,Football,1,30.48,5,Card,5,3.4,No,30.48,28.96,17.37,11.59
ORD102952,2025-07-05,C0574,25-34,Female,Shaki,Books,Novel,1,26.54,10,Cash on Delivery,4,4.4,No,26.54,23.89,13.27,10.62
ORD101217,2025-07-05,C0852,25-34,Female,Khirdalan,Beauty,Shampoo,2,68.73,15,Cash on Delivery,2,4.5,No,137.46,116.84,65.98,50.86
ORD100940,2025-07-05,C0617,25-34,Male,Baku,Home & Kitchen,Storage Box,2,74.17,0,Card,3,4.2,No,148.34,148.34,91.97,56.37
ORD100897,2025-07-05,C0858,25-34,Female,Baku,Fashion,Jeans,2,131.01,0,Card,5,3.9,No,262.02,262.02,144.11,117.91
ORD102901,2025-07-05,C0804,25-34,Male,Shaki,Sports,Resistance Bands,1,34.27,15,Card,3,4.0,No,34.27,29.13,19.53,9.6
ORD101241,2025-07-05,C0718,45-54,Male,Ganja,Electronics,Bluetooth Speaker,1,174.42,0,Card,3,3.8,No,174.42,174.42,125.58,48.84
ORD100445,2025-07-05,C0754,45-54,Male,Ganja,Sports,Running Bottle,2,38.62,5,Digital Wallet,3,4.4,No,77.24,73.38,44.03,29.35
ORD101051,2025-07-05,C0077,45-54,Male,Baku,Beauty,Perfume,1,93.27,0,Cash on Delivery,3,4.6,No,93.27,93.27,44.77,48.5
ORD102743,2025-07-06,C0022,25-34,Male,Baku,Beauty,Shampoo,5,24.46,10,Card,3,4.5,No,122.3,110.07,58.7,51.37
ORD102313,2025-07-06,C0050,25-34,Female,Sumgayit,Beauty,Lipstick,2,12.64,10,Card,1,4.9,No,25.28,22.75,12.13,10.62
ORD100017,2025-07-07,C0395,25-34,Female,Shaki,Electronics,Smart Watch,2,73.32,20,Card,2,4.6,No,146.64,117.31,105.58,11.73
ORD102811,2025-07-07,C0719,55+,Female,Baku,Beauty,Perfume,4,79.96,15,Digital Wallet,2,3.7,No,319.84,271.86,153.52,118.34
ORD101296,2025-07-07,C0730,35-44,Male,Quba,Beauty,Shampoo,2,93.63,0,Card,4,4.6,No,187.26,187.26,89.88,97.38
ORD100344,2025-07-07,C0463,35-44,Female,Baku,Books,Novel,1,24.72,15,Card,6,3.5,No,24.72,21.01,12.36,8.65
ORD101000,2025-07-07,C0086,35-44,Female,Baku,Beauty,Lipstick,1,73.07,5,Card,2,4.9,No,73.07,69.42,35.07,34.35
ORD100608,2025-07-07,C0172,45-54,Male,Baku,Books,Data Analytics Book,1,16.18,15,Card,1,5.0,No,16.18,13.75,8.09,5.66
ORD101442,2025-07-07,C0863,35-44,Female,Baku,Fashion,T-shirt,1,117.91,0,Digital Wallet,5,3.6,No,117.91,117.91,64.85,53.06
ORD101680,2025-07-07,C0687,25-34,Male,Quba,Beauty,Perfume,1,92.7,0,Card,1,4.6,No,92.7,92.7,44.5,48.2
ORD102959,2025-07-07,C0513,18-24,Male,Baku,Electronics,Wireless Earbuds,2,35.6,15,Cash on Delivery,3,3.9,No,71.2,60.52,51.26,9.26
ORD101916,2025-07-08,C0129,55+,Female,Ganja,Fashion,Handbag,4,137.61,10,Card,2,4.6,No,550.44,495.4,302.74,192.66
ORD100803,2025-07-08,C0794,25-34,Male,Quba,Beauty,Lipstick,2,51.91,0,Card,4,4.1,No,103.82,103.82,49.83,53.99
ORD100549,2025-07-08,C0087,18-24,Male,Khirdalan,Electronics,Keyboard,1,211.8,0,Cash on Delivery,2,4.6,No,211.8,211.8,152.5,59.3
ORD100717,2025-07-08,C0073,25-34,Male,Baku,Electronics,Bluetooth Speaker,1,216.27,5,Card,4,4.0,No,216.27,205.46,155.71,49.75
ORD101583,2025-07-08,C0697,25-34,Male,Baku,Home & Kitchen,Storage Box,1,52.1,10,Card,5,3.8,No,52.1,46.89,32.3,14.59
ORD102876,2025-07-08,C0633,45-54,Female,Sumgayit,Electronics,Smart Watch,1,109.55,10,Card,3,4.3,No,109.55,98.6,78.88,19.72
ORD101207,2025-07-08,C0741,45-54,Female,Ganja,Books,Language Book,1,28.12,5,Digital Wallet,2,4.3,No,28.12,26.71,14.06,12.65
ORD101165,2025-07-08,C0781,35-44,Male,Mingachevir,Beauty,Shampoo,1,89.2,0,Card,1,4.7,No,89.2,89.2,42.82,46.38
ORD102264,2025-07-08,C0163,25-34,Male,Baku,Fashion,T-shirt,1,132.64,0,Card,6,4.8,No,132.64,132.64,72.95,59.69
ORD101720,2025-07-08,C0594,55+,Female,Baku,Fashion,Jeans,2,71.41,0,Card,4,4.0,No,142.82,142.82,78.55,64.27
ORD101460,2025-07-08,C0848,45-54,Male,Khirdalan,Books,Novel,2,32.17,5,Card,2,5.0,No,64.34,61.12,32.17,28.95
ORD102133,2025-07-09,C0883,55+,Male,Ganja,Home & Kitchen,Storage Box,1,180.06,15,Digital Wallet,4,4.0,No,180.06,153.05,111.64,41.41
ORD100701,2025-07-09,C0645,35-44,Female,Ganja,Electronics,Wireless Earbuds,1,92.36,5,Digital Wallet,6,3.8,No,92.36,87.74,66.5,21.24
ORD102714,2025-07-09,C0895,25-34,Male,Baku,Electronics,Power Bank,1,210.34,0,Card,6,4.1,No,210.34,210.34,151.44,58.9
ORD100366,2025-07-09,C0415,45-54,Male,Mingachevir,Sports,Running Bottle,1,54.36,15,Digital Wallet,5,3.3,No,54.36,46.21,30.99,15.22
ORD101010,2025-07-09,C0344,18-24,Female,Khirdalan,Home & Kitchen,Coffee Maker,1,125.66,5,Cash on Delivery,2,4.4,No,125.66,119.38,77.91,41.47
ORD102950,2025-07-09,C0477,55+,Male,Ganja,Electronics,Keyboard,1,73.68,5,Digital Wallet,5,3.5,No,73.68,70.0,53.05,16.95
ORD101015,2025-07-09,C0603,25-34,Male,Shaki,Fashion,Handbag,4,47.69,0,Card,5,3.6,No,190.76,190.76,104.92,85.84
ORD101686,2025-07-09,C0096,35-44,Female,Ganja,Electronics,Keyboard,1,239.43,0,Cash on Delivery,5,4.2,No,239.43,239.43,172.39,67.04
ORD100712,2025-07-10,C0030,45-54,Female,Baku,Beauty,Body Lotion,1,82.79,0,Card,4,4.3,No,82.79,82.79,39.74,43.05
ORD101849,2025-07-10,C0169,25-34,Female,Baku,Sports,Resistance Bands,2,37.37,15,Card,3,4.6,No,74.74,63.53,42.6,20.93
ORD100296,2025-07-10,C0196,18-24,Female,Baku,Fashion,Sneakers,1,115.11,10,Card,5,3.9,No,115.11,103.6,63.31,40.29
ORD102477,2025-07-10,C0563,35-44,Male,Baku,Electronics,Wireless Earbuds,1,229.43,5,Cash on Delivery,5,4.6,No,229.43,217.96,165.19,52.77
ORD102777,2025-07-10,C0268,25-34,Male,Baku,Fashion,Handbag,1,72.7,10,Card,4,4.2,No,72.7,65.43,39.99,25.44
ORD102432,2025-07-10,C0157,25-34,Male,Baku,Home & Kitchen,Coffee Maker,1,25.03,10,Card,4,4.2,No,25.03,22.53,15.52,7.01
ORD100893,2025-07-10,C0531,35-44,Female,Shaki,Fashion,T-shirt,1,25.78,0,Card,2,4.2,No,25.78,25.78,14.18,11.6
ORD101800,2025-07-10,C0769,25-34,Female,Ganja,Electronics,Wireless Earbuds,3,101.43,10,Card,3,4.3,No,304.29,273.86,219.09,54.77
ORD100449,2025-07-10,C0325,25-34,Female,Khirdalan,Electronics,Bluetooth Speaker,1,202.51,10,Digital Wallet,2,4.5,No,202.51,182.26,145.81,36.45
ORD102732,2025-07-10,C0697,45-54,Male,Khirdalan,Electronics,Smart Watch,1,165.1,0,Card,1,4.5,No,165.1,165.1,118.87,46.23
ORD100679,2025-07-10,C0447,55+,Female,Quba,Fashion,Jeans,1,22.4,0,Cash on Delivery,3,3.8,No,22.4,22.4,12.32,10.08
ORD101665,2025-07-11,C0547,35-44,Female,Baku,Home & Kitchen,Cookware Set,1,49.07,10,Cash on Delivery,2,4.2,No,49.07,44.16,30.42,13.74
ORD101074,2025-07-11,C0595,45-54,Male,Shaki,Sports,Resistance Bands,2,74.52,0,Card,5,4.2,No,149.04,149.04,84.95,64.09
ORD101859,2025-07-11,C0767,45-54,Female,Shaki,Home & Kitchen,Coffee Maker,2,188.32,5,Card,3,5.0,No,376.64,357.81,233.52,124.29
ORD102489,2025-07-11,C0870,55+,Female,Ganja,Books,Novel,1,37.57,0,Card,4,4.7,Yes,37.57,0.0,3.3804000000000003,-3.38
ORD100578,2025-07-11,C0175,35-44,Female,Baku,Electronics,Wireless Earbuds,2,220.62,20,Card,4,4.7,Yes,441.24,0.0,57.1842,-57.18
ORD101311,2025-07-11,C0038,18-24,Female,Baku,Electronics,Smart Watch,1,129.77,5,Cash on Delivery,5,4.3,No,129.77,123.28,93.43,29.85
ORD101195,2025-07-11,C0004,35-44,Female,Baku,Sports,Resistance Bands,1,105.93,5,Card,2,4.7,No,105.93,100.63,60.38,40.25
ORD102029,2025-07-11,C0315,18-24,Female,Khirdalan,Sports,Dumbbell Set,1,125.53,10,Cash on Delivery,4,4.4,Yes,125.53,0.0,12.879,-12.88
ORD101957,2025-07-12,C0202,18-24,Male,Khirdalan,Books,Data Analytics Book,4,21.32,0,Card,4,4.2,No,85.28,85.28,42.64,42.64
ORD100997,2025-07-12,C0872,25-34,Female,Baku,Beauty,Body Lotion,1,72.47,15,Digital Wallet,4,4.6,No,72.47,61.6,34.79,26.81
ORD102609,2025-07-12,C0801,25-34,Male,Shaki,Books,Psychology Book,1,17.63,10,Cash on Delivery,3,4.5,No,17.63,15.87,8.82,7.05
ORD100011,2025-07-12,C0115,25-34,Male,Mingachevir,Electronics,Power Bank,1,221.22,20,Card,4,4.3,No,221.22,176.98,159.28,17.7
ORD102518,2025-07-12,C0437,45-54,Female,Ganja,Beauty,Perfume,1,23.84,0,Card,2,4.3,No,23.84,23.84,11.44,12.4
ORD102539,2025-07-13,C0700,25-34,Male,Ganja,Fashion,Jeans,2,31.69,20,Card,3,5.0,No,63.38,50.7,34.86,15.84
ORD101392,2025-07-13,C0237,35-44,Female,Sumgayit,Books,Language Book,4,8.53,15,Digital Wallet,3,5.0,No,34.12,29.0,17.06,11.94
ORD102949,2025-07-13,C0398,35-44,Female,Sumgayit,Beauty,Face Serum,1,48.13,10,Card,5,3.5,No,48.13,43.32,23.1,20.22
ORD102048,2025-07-13,C0725,35-44,Female,Mingachevir,Books,Psychology Book,1,44.19,15,Digital Wallet,3,4.2,No,44.19,37.56,22.1,15.46
ORD102411,2025-07-13,C0038,45-54,Female,Khirdalan,Beauty,Face Serum,1,68.29,0,Cash on Delivery,4,4.8,No,68.29,68.29,32.78,35.51
ORD101164,2025-07-13,C0351,18-24,Male,Baku,Fashion,Jacket,1,115.36,0,Card,4,4.3,No,115.36,115.36,63.45,51.91
ORD100507,2025-07-13,C0665,45-54,Male,Khirdalan,Beauty,Face Serum,2,90.14,10,Digital Wallet,4,4.4,No,180.28,162.25,86.53,75.72
ORD101147,2025-07-13,C0206,35-44,Female,Baku,Home & Kitchen,Blender,1,87.86,20,Card,5,4.3,No,87.86,70.29,54.47,15.82
ORD100995,2025-07-13,C0353,25-34,Male,Baku,Books,Language Book,1,37.48,10,Card,2,4.4,No,37.48,33.73,18.74,14.99
ORD101991,2025-07-13,C0176,35-44,Male,Baku,Home & Kitchen,Cookware Set,2,132.24,10,Card,5,4.0,No,264.48,238.03,163.98,74.05
ORD101299,2025-07-13,C0861,35-44,Male,Baku,Home & Kitchen,Storage Box,2,201.57,5,Card,5,4.0,No,403.14,382.98,249.95,133.03
ORD101501,2025-07-13,C0847,25-34,Female,Ganja,Sports,Yoga Mat,1,71.18,15,Cash on Delivery,3,4.0,No,71.18,60.5,40.57,19.93
ORD100488,2025-07-13,C0120,35-44,Male,Shaki,Home & Kitchen,Cookware Set,1,151.81,5,Cash on Delivery,3,4.3,No,151.81,144.22,94.12,50.1
ORD101920,2025-07-13,C0359,18-24,Female,Baku,Sports,Yoga Mat,1,62.52,20,Card,1,4.8,Yes,62.52,0.0,6.4152,-6.42
ORD101902,2025-07-13,C0291,35-44,Male,Ganja,Sports,Yoga Mat,1,85.59,10,Card,4,4.2,No,85.59,77.03,48.79,28.24
ORD100656,2025-07-14,C0899,55+,Male,Mingachevir,Sports,Football,3,56.48,5,Cash on Delivery,3,4.6,No,169.44,160.97,96.58,64.39
ORD101669,2025-07-14,C0669,18-24,Male,Baku,Electronics,Power Bank,1,189.96,10,Card,4,4.0,No,189.96,170.96,136.77,34.19
ORD101725,2025-07-14,C0040,45-54,Male,Baku,Electronics,Keyboard,5,244.87,15,Cash on Delivery,4,3.6,No,1224.35,1040.7,881.53,159.17
ORD101958,2025-07-14,C0335,25-34,Male,Baku,Books,Data Analytics Book,1,17.48,5,Card,2,3.1,No,17.48,16.61,8.74,7.87
ORD101553,2025-07-14,C0400,35-44,Female,Baku,Home & Kitchen,Blender,4,79.67,0,Cash on Delivery,4,3.7,No,318.68,318.68,197.58,121.1
ORD102310,2025-07-14,C0575,25-34,Female,Baku,Sports,Dumbbell Set,1,126.5,5,Digital Wallet,3,4.9,No,126.5,120.18,72.1,48.08
ORD100351,2025-07-14,C0842,25-34,Male,Lankaran,Fashion,Handbag,2,112.25,15,Card,4,4.0,Yes,224.5,0.0,22.226399999999998,-22.23
ORD101335,2025-07-14,C0566,35-44,Female,Baku,Home & Kitchen,Cookware Set,1,97.81,5,Cash on Delivery,1,4.4,No,97.81,92.92,60.64,32.28
ORD101341,2025-07-14,C0633,25-34,Male,Khirdalan,Sports,Running Bottle,2,76.52,0,Card,5,3.2,No,153.04,153.04,87.23,65.81
ORD102607,2025-07-14,C0048,25-34,Female,Ganja,Home & Kitchen,Storage Box,2,64.47,0,Cash on Delivery,3,4.2,No,128.94,128.94,79.94,49.0
ORD102593,2025-07-14,C0727,18-24,Female,Ganja,Sports,Running Bottle,3,114.84,10,Card,2,5.0,No,344.52,310.07,196.38,113.69
ORD100747,2025-07-14,C0388,25-34,Male,Baku,Fashion,Sneakers,2,92.53,15,Card,3,3.9,No,185.06,157.3,101.78,55.52
ORD100648,2025-07-15,C0095,35-44,Male,Baku,Books,Psychology Book,1,8.95,0,Cash on Delivery,5,4.1,No,8.95,8.95,4.47,4.48
ORD100561,2025-07-15,C0238,25-34,Male,Baku,Books,Data Analytics Book,2,24.74,0,Card,3,3.9,No,49.48,49.48,24.74,24.74
ORD101922,2025-07-15,C0582,18-24,Female,Baku,Fashion,Handbag,2,66.1,5,Cash on Delivery,3,4.2,No,132.2,125.59,72.71,52.88
ORD102794,2025-07-15,C0460,25-34,Female,Mingachevir,Home & Kitchen,Coffee Maker,1,168.87,15,Card,4,4.5,No,168.87,143.54,104.7,38.84
ORD101636,2025-07-15,C0156,25-34,Female,Baku,Sports,Resistance Bands,1,12.3,0,Card,6,3.1,No,12.3,12.3,7.01,5.29
ORD102766,2025-07-15,C0062,45-54,Male,Mingachevir,Beauty,Lipstick,1,45.82,10,Card,5,4.9,No,45.82,41.24,21.99,19.25
ORD102666,2025-07-15,C0498,35-44,Female,Quba,Fashion,Sneakers,2,98.1,5,Card,4,4.3,No,196.2,186.39,107.91,78.48
ORD100606,2025-07-15,C0124,55+,Male,Ganja,Home & Kitchen,Coffee Maker,4,41.12,10,Card,2,4.9,No,164.48,148.03,101.98,46.05
ORD101901,2025-07-15,C0427,45-54,Male,Sumgayit,Electronics,Wireless Earbuds,1,122.95,0,Card,3,4.3,No,122.95,122.95,88.52,34.43
ORD102896,2025-07-16,C0083,25-34,Male,Baku,Beauty,Lipstick,1,20.18,15,Digital Wallet,3,3.8,No,20.18,17.15,9.69,7.46
ORD101140,2025-07-16,C0699,35-44,Male,Shaki,Electronics,Power Bank,1,73.27,15,Digital Wallet,4,4.1,No,73.27,62.28,52.75,9.53
ORD102336,2025-07-16,C0178,45-54,Female,Shaki,Beauty,Body Lotion,1,68.22,0,Cash on Delivery,4,3.7,No,68.22,68.22,32.75,35.47
ORD102351,2025-07-16,C0156,25-34,Female,Ganja,Beauty,Lipstick,1,86.83,0,Card,3,3.9,No,86.83,86.83,41.68,45.15
ORD100931,2025-07-16,C0548,35-44,Female,Khirdalan,Sports,Dumbbell Set,1,40.49,5,Cash on Delivery,3,4.2,No,40.49,38.47,23.08,15.39
ORD102139,2025-07-16,C0501,18-24,Male,Sumgayit,Sports,Football,1,102.84,0,Cash on Delivery,4,4.3,No,102.84,102.84,58.62,44.22
ORD100877,2025-07-17,C0037,35-44,Male,Sumgayit,Sports,Resistance Bands,3,15.07,10,Digital Wallet,2,4.6,No,45.21,40.69,25.77,14.92
ORD102821,2025-07-17,C0201,25-34,Female,Baku,Sports,Running Bottle,2,57.33,0,Cash on Delivery,1,4.7,No,114.66,114.66,65.36,49.3
ORD102924,2025-07-17,C0531,18-24,Female,Baku,Fashion,T-shirt,2,60.03,0,Card,4,4.5,No,120.06,120.06,66.03,54.03
ORD101380,2025-07-17,C0514,35-44,Female,Baku,Electronics,Power Bank,1,120.88,15,Card,4,4.3,Yes,120.88,0.0,15.6654,-15.67
ORD100289,2025-07-17,C0641,35-44,Male,Baku,Sports,Dumbbell Set,1,51.47,15,Cash on Delivery,3,4.7,No,51.47,43.75,29.34,14.41
ORD101848,2025-07-17,C0642,25-34,Female,Sumgayit,Home & Kitchen,Coffee Maker,1,77.27,0,Card,3,4.1,No,77.27,77.27,47.91,29.36
ORD101259,2025-07-17,C0869,55+,Female,Ganja,Home & Kitchen,Desk Lamp,1,162.35,0,Cash on Delivery,4,3.4,No,162.35,162.35,100.66,61.69
ORD102118,2025-07-17,C0012,25-34,Female,Baku,Electronics,Bluetooth Speaker,1,116.67,0,Card,6,2.6,No,116.67,116.67,84.0,32.67
ORD100539,2025-07-17,C0814,35-44,Male,Baku,Home & Kitchen,Desk Lamp,2,121.13,15,Cash on Delivery,4,4.6,No,242.26,205.92,150.2,55.72
ORD100927,2025-07-17,C0534,45-54,Female,Ganja,Electronics,Power Bank,2,98.83,10,Cash on Delivery,3,4.0,No,197.66,177.89,142.32,35.57
ORD102836,2025-07-18,C0672,35-44,Female,Mingachevir,Electronics,Bluetooth Speaker,3,54.99,5,Cash on Delivery,6,4.5,No,164.97,156.72,118.78,37.94
ORD102154,2025-07-18,C0625,25-34,Female,Ganja,Fashion,Jeans,2,126.05,0,Card,4,3.6,No,252.1,252.1,138.66,113.44
ORD102775,2025-07-18,C0556,35-44,Male,Ganja,Fashion,Jacket,1,100.44,15,Cash on Delivery,1,5.0,No,100.44,85.37,55.24,30.13
ORD100295,2025-07-18,C0781,18-24,Female,Baku,Books,Business Book,1,12.87,10,Digital Wallet,4,3.7,No,12.87,11.58,6.44,5.14
ORD100807,2025-07-18,C0550,25-34,Male,Baku,Beauty,Body Lotion,2,54.73,15,Cash on Delivery,1,5.0,No,109.46,93.04,52.54,40.5
ORD100917,2025-07-18,C0743,25-34,Female,Shaki,Fashion,T-shirt,2,60.62,5,Cash on Delivery,5,3.4,No,121.24,115.18,66.68,48.5
ORD102137,2025-07-18,C0051,25-34,Male,Ganja,Sports,Running Bottle,3,77.35,5,Cash on Delivery,4,4.3,No,232.05,220.45,132.27,88.18
ORD100789,2025-07-18,C0882,55+,Female,Lankaran,Electronics,Bluetooth Speaker,1,220.77,10,Card,5,4.7,No,220.77,198.69,158.95,39.74
ORD100305,2025-07-18,C0108,18-24,Male,Baku,Home & Kitchen,Desk Lamp,1,164.51,10,Card,3,4.5,No,164.51,148.06,102.0,46.06
ORD100229,2025-07-19,C0296,25-34,Female,Khirdalan,Electronics,Keyboard,2,145.8,15,Card,4,4.2,No,291.6,247.86,209.95,37.91
ORD102119,2025-07-19,C0614,18-24,Female,Ganja,Fashion,Sneakers,1,66.45,10,Digital Wallet,4,4.6,No,66.45,59.81,36.55,23.26
ORD100057,2025-07-19,C0053,25-34,Female,Baku,Books,Language Book,2,12.96,5,Cash on Delivery,4,4.1,No,25.92,24.62,12.96,11.66
ORD102834,2025-07-19,C0293,35-44,Female,Khirdalan,Beauty,Lipstick,1,58.28,0,Card,4,4.7,No,58.28,58.28,27.97,30.31
ORD100331,2025-07-19,C0891,18-24,Female,Ganja,Beauty,Face Serum,2,47.13,0,Cash on Delivery,3,4.8,No,94.26,94.26,45.24,49.02
ORD100983,2025-07-19,C0666,18-24,Female,Ganja,Electronics,Smart Watch,5,102.23,10,Cash on Delivery,1,4.9,No,511.15,460.04,368.03,92.01
ORD100029,2025-07-19,C0770,18-24,Female,Lankaran,Electronics,Power Bank,1,261.33,0,Cash on Delivery,5,4.1,No,261.33,261.33,188.16,73.17
ORD102343,2025-07-19,C0891,35-44,Male,Baku,Home & Kitchen,Desk Lamp,1,154.37,5,Card,3,4.5,No,154.37,146.65,95.71,50.94
ORD101577,2025-07-20,C0143,45-54,Female,Baku,Fashion,Jeans,2,128.13,5,Card,3,4.2,No,256.26,243.45,140.94,102.51
ORD100992,2025-07-20,C0197,18-24,Male,Baku,Fashion,Sneakers,1,49.43,5,Digital Wallet,3,5.0,No,49.43,46.96,27.19,19.77
ORD101323,2025-07-20,C0713,45-54,Male,Baku,Electronics,Power Bank,1,131.26,10,Card,3,3.8,Yes,131.26,0.0,17.0118,-17.01
ORD100879,2025-07-20,C0618,35-44,Female,Baku,Electronics,Power Bank,1,201.08,10,Cash on Delivery,3,4.8,No,201.08,180.97,144.78,36.19
ORD100762,2025-07-21,C0190,35-44,Female,Baku,Books,Business Book,1,29.87,5,Digital Wallet,2,4.5,No,29.87,28.38,14.94,13.44
ORD102252,2025-07-21,C0108,25-34,Male,Baku,Beauty,Lipstick,2,21.76,0,Digital Wallet,4,4.8,No,43.52,43.52,20.89,22.63
ORD102335,2025-07-21,C0637,45-54,Female,Baku,Fashion,Jacket,1,43.95,0,Card,2,4.3,No,43.95,43.95,24.17,19.78
ORD102404,2025-07-21,C0487,18-24,Female,Baku,Beauty,Face Serum,1,80.92,10,Card,1,4.9,No,80.92,72.83,38.84,33.99
ORD100655,2025-07-21,C0757,45-54,Male,Baku,Home & Kitchen,Blender,3,124.18,0,Card,2,4.0,No,372.54,372.54,230.97,141.57
ORD101840,2025-07-21,C0141,25-34,Female,Ganja,Beauty,Perfume,2,37.81,5,Digital Wallet,3,4.4,No,75.62,71.84,36.3,35.54
ORD101625,2025-07-21,C0247,18-24,Male,Sumgayit,Electronics,Keyboard,1,137.25,0,Card,4,4.2,No,137.25,137.25,98.82,38.43
ORD101222,2025-07-21,C0863,35-44,Female,Baku,Sports,Yoga Mat,2,35.38,10,Card,2,4.2,No,70.76,63.68,40.33,23.35
ORD101997,2025-07-21,C0250,55+,Male,Baku,Home & Kitchen,Cookware Set,1,47.07,0,Digital Wallet,2,4.5,No,47.07,47.07,29.18,17.89
ORD101497,2025-07-21,C0634,18-24,Male,Sumgayit,Home & Kitchen,Desk Lamp,1,86.45,0,Cash on Delivery,3,4.4,No,86.45,86.45,53.6,32.85
ORD100308,2025-07-22,C0071,18-24,Female,Baku,Beauty,Face Serum,4,82.13,15,Cash on Delivery,4,3.9,No,328.52,279.24,157.69,121.55
ORD101258,2025-07-22,C0758,25-34,Female,Baku,Home & Kitchen,Blender,1,201.61,10,Card,3,3.6,No,201.61,181.45,125.0,56.45
ORD102031,2025-07-22,C0486,55+,Female,Baku,Electronics,Smart Watch,1,179.83,5,Cash on Delivery,3,4.1,No,179.83,170.84,129.48,41.36
ORD100113,2025-07-22,C0296,45-54,Female,Baku,Sports,Resistance Bands,1,42.82,10,Digital Wallet,5,4.4,No,42.82,38.54,24.41,14.13
ORD102586,2025-07-22,C0883,18-24,Male,Sumgayit,Books,Business Book,5,21.39,0,Digital Wallet,4,3.8,No,106.95,106.95,53.48,53.47
ORD100034,2025-07-22,C0666,25-34,Male,Baku,Home & Kitchen,Desk Lamp,3,24.13,0,Card,3,5.0,No,72.39,72.39,44.88,27.51
ORD101365,2025-07-22,C0823,25-34,Female,Sumgayit,Fashion,Jacket,1,40.47,5,Card,3,3.9,No,40.47,38.45,22.26,16.19
ORD100755,2025-07-22,C0885,35-44,Female,Baku,Books,Data Analytics Book,2,24.22,15,Card,4,4.4,No,48.44,41.17,24.22,16.95
ORD100132,2025-07-22,C0580,25-34,Male,Baku,Sports,Running Bottle,2,87.66,0,Card,4,3.4,No,175.32,175.32,99.93,75.39
ORD101938,2025-07-22,C0842,25-34,Female,Ganja,Fashion,Jacket,2,45.92,0,Card,4,4.2,Yes,91.84,0.0,9.0918,-9.09
ORD100330,2025-07-22,C0189,18-24,Female,Khirdalan,Beauty,Shampoo,2,31.24,5,Card,1,4.9,No,62.48,59.36,29.99,29.37
ORD101084,2025-07-22,C0177,25-34,Female,Sumgayit,Electronics,Wireless Earbuds,4,86.0,10,Digital Wallet,3,3.6,No,344.0,309.6,247.68,61.92
ORD101664,2025-07-22,C0418,25-34,Female,Baku,Home & Kitchen,Storage Box,2,207.04,5,Card,3,3.7,No,414.08,393.38,256.73,136.65
ORD100456,2025-07-22,C0812,45-54,Male,Quba,Books,Novel,1,35.63,15,Digital Wallet,2,3.6,Yes,35.63,0.0,3.2076,-3.21
ORD100158,2025-07-23,C0228,35-44,Female,Khirdalan,Sports,Football,1,17.09,10,Card,4,3.8,No,17.09,15.38,9.74,5.64
ORD101565,2025-07-23,C0330,25-34,Female,Sumgayit,Fashion,Jeans,2,54.08,10,Digital Wallet,4,3.7,No,108.16,97.34,59.49,37.85
ORD101003,2025-07-23,C0165,45-54,Male,Baku,Books,Data Analytics Book,1,30.15,10,Card,4,3.8,No,30.15,27.14,15.08,12.06
ORD101129,2025-07-23,C0337,25-34,Male,Baku,Fashion,Sneakers,1,121.85,5,Card,3,4.0,No,121.85,115.76,67.02,48.74
ORD102426,2025-07-24,C0868,45-54,Male,Baku,Beauty,Body Lotion,2,56.88,5,Digital Wallet,7,4.1,No,113.76,108.07,54.6,53.47
ORD101387,2025-07-24,C0280,55+,Male,Baku,Electronics,Wireless Earbuds,2,169.61,0,Card,1,4.7,No,339.22,339.22,244.24,94.98
ORD101975,2025-07-24,C0015,55+,Female,Khirdalan,Beauty,Body Lotion,2,76.29,0,Digital Wallet,3,4.5,No,152.58,152.58,73.24,79.34
ORD100134,2025-07-24,C0637,25-34,Female,Baku,Home & Kitchen,Storage Box,2,72.69,10,Card,4,5.0,No,145.38,130.84,90.14,40.7
ORD101412,2025-07-24,C0889,35-44,Male,Sumgayit,Electronics,Wireless Earbuds,1,215.63,0,Cash on Delivery,4,4.6,No,215.63,215.63,155.25,60.38
ORD102883,2025-07-25,C0367,25-34,Female,Baku,Fashion,Handbag,2,95.39,0,Card,5,4.5,Yes,190.78,0.0,18.8874,-18.89
ORD102062,2025-07-25,C0471,55+,Female,Baku,Beauty,Perfume,2,29.81,0,Card,2,4.7,No,59.62,59.62,28.62,31.0
ORD102436,2025-07-25,C0802,35-44,Male,Baku,Fashion,Jeans,1,113.65,10,Cash on Delivery,5,4.2,No,113.65,102.29,62.51,39.78
ORD102634,2025-07-25,C0610,25-34,Female,Baku,Beauty,Perfume,1,64.15,10,Digital Wallet,3,4.4,No,64.15,57.74,30.79,26.95
ORD102604,2025-07-25,C0135,55+,Female,Baku,Fashion,Handbag,5,138.52,15,Card,1,4.9,No,692.6,588.71,380.93,207.78
ORD101434,2025-07-25,C0802,45-54,Male,Ganja,Books,Novel,1,12.97,10,Digital Wallet,3,4.3,No,12.97,11.67,6.48,5.19
ORD102688,2025-07-26,C0221,25-34,Female,Baku,Electronics,Power Bank,1,97.85,5,Card,5,4.3,No,97.85,92.96,70.45,22.51
ORD100079,2025-07-26,C0616,55+,Male,Baku,Books,Business Book,1,10.54,0,Cash on Delivery,4,3.9,No,10.54,10.54,5.27,5.27
ORD101189,2025-07-26,C0613,25-34,Female,Baku,Fashion,T-shirt,1,37.88,0,Digital Wallet,4,4.1,No,37.88,37.88,20.83,17.05
ORD100980,2025-07-26,C0022,35-44,Male,Baku,Books,Business Book,1,34.09,10,Digital Wallet,3,5.0,No,34.09,30.68,17.05,13.63
ORD101672,2025-07-26,C0288,35-44,Male,Khirdalan,Home & Kitchen,Storage Box,2,54.77,15,Digital Wallet,5,3.1,Yes,109.54,0.0,12.223799999999999,-12.22
ORD101029,2025-07-26,C0369,35-44,Female,Ganja,Sports,Running Bottle,3,84.23,0,Cash on Delivery,2,4.1,No,252.69,252.69,144.03,108.66
ORD100126,2025-07-26,C0666,18-24,Male,Baku,Home & Kitchen,Cookware Set,4,83.57,10,Card,3,4.8,Yes,334.28,0.0,37.305,-37.3
ORD102402,2025-07-26,C0490,25-34,Female,Lankaran,Sports,Resistance Bands,2,32.0,0,Cash on Delivery,3,4.5,No,64.0,64.0,36.48,27.52
ORD100131,2025-07-26,C0091,55+,Female,Baku,Beauty,Shampoo,1,34.44,5,Cash on Delivery,4,3.9,No,34.44,32.72,16.53,16.19
ORD102656,2025-07-26,C0818,35-44,Male,Sumgayit,Electronics,Smart Watch,2,85.95,0,Cash on Delivery,1,4.5,No,171.9,171.9,123.77,48.13
ORD100706,2025-07-26,C0421,55+,Female,Lankaran,Home & Kitchen,Blender,1,118.83,15,Card,3,4.8,No,118.83,101.01,73.67,27.34
ORD102798,2025-07-27,C0411,18-24,Male,Ganja,Home & Kitchen,Desk Lamp,1,140.05,0,Card,3,4.8,No,140.05,140.05,86.83,53.22
ORD102580,2025-07-27,C0247,45-54,Male,Khirdalan,Beauty,Shampoo,1,23.33,0,Card,5,4.9,No,23.33,23.33,11.2,12.13
ORD102647,2025-07-27,C0214,25-34,Male,Baku,Electronics,Wireless Earbuds,2,202.77,0,Card,4,4.0,No,405.54,405.54,291.99,113.55
ORD101544,2025-07-27,C0074,45-54,Female,Baku,Beauty,Body Lotion,2,92.97,0,Digital Wallet,4,4.0,No,185.94,185.94,89.25,96.69
ORD100437,2025-07-27,C0482,18-24,Female,Baku,Beauty,Face Serum,1,53.09,0,Card,2,3.8,No,53.09,53.09,25.48,27.61
ORD102857,2025-07-27,C0825,18-24,Female,Khirdalan,Books,Psychology Book,1,40.64,10,Cash on Delivery,1,4.3,No,40.64,36.58,20.32,16.26
ORD102892,2025-07-27,C0601,35-44,Female,Baku,Sports,Dumbbell Set,1,95.35,5,Card,3,4.8,No,95.35,90.58,54.35,36.23
ORD100116,2025-07-27,C0160,25-34,Male,Sumgayit,Fashion,Handbag,3,111.05,0,Card,3,4.2,No,333.15,333.15,183.23,149.92
ORD100708,2025-07-28,C0592,25-34,Female,Sumgayit,Beauty,Face Serum,4,55.18,0,Digital Wallet,4,3.9,No,220.72,220.72,105.95,114.77
ORD101455,2025-07-28,C0407,18-24,Female,Baku,Beauty,Face Serum,1,91.24,0,Card,5,4.1,No,91.24,91.24,43.8,47.44
ORD100978,2025-07-28,C0647,45-54,Male,Baku,Electronics,Keyboard,3,83.21,5,Digital Wallet,1,3.9,No,249.63,237.15,179.73,57.42
ORD101759,2025-07-28,C0188,18-24,Female,Sumgayit,Beauty,Shampoo,4,39.57,0,Card,4,4.5,No,158.28,158.28,75.97,82.31
ORD100570,2025-07-28,C0433,25-34,Male,Khirdalan,Beauty,Body Lotion,2,86.36,5,Card,4,4.3,No,172.72,164.08,82.91,81.17
ORD102303,2025-07-28,C0777,55+,Male,Ganja,Fashion,T-shirt,4,44.74,10,Card,3,3.9,No,178.96,161.06,98.43,62.63
ORD100288,2025-07-28,C0861,25-34,Female,Baku,Home & Kitchen,Coffee Maker,2,213.71,10,Card,1,5.0,No,427.42,384.68,265.0,119.68
ORD102199,2025-07-28,C0543,55+,Male,Baku,Electronics,Power Bank,1,144.75,15,Card,5,4.5,No,144.75,123.04,104.22,18.82
ORD101728,2025-07-28,C0835,25-34,Male,Sumgayit,Electronics,Keyboard,2,100.16,10,Card,1,5.0,No,200.32,180.29,144.23,36.06
ORD100922,2025-07-28,C0350,18-24,Male,Baku,Electronics,Wireless Earbuds,1,228.8,15,Cash on Delivery,4,4.6,No,228.8,194.48,164.74,29.74
ORD101631,2025-07-29,C0609,25-34,Female,Lankaran,Beauty,Face Serum,1,53.25,0,Card,3,3.6,No,53.25,53.25,25.56,27.69
ORD101897,2025-07-29,C0202,45-54,Female,Sumgayit,Electronics,Bluetooth Speaker,1,178.1,5,Cash on Delivery,4,4.1,No,178.1,169.2,128.23,40.97
ORD100129,2025-07-29,C0634,35-44,Male,Mingachevir,Electronics,Wireless Earbuds,1,166.03,0,Card,2,5.0,No,166.03,166.03,119.54,46.49
ORD102737,2025-07-29,C0533,25-34,Female,Sumgayit,Fashion,T-shirt,3,83.57,10,Card,4,4.4,No,250.71,225.64,137.89,87.75
ORD101344,2025-07-29,C0162,45-54,Male,Ganja,Fashion,Handbag,4,24.64,0,Card,1,5.0,No,98.56,98.56,54.21,44.35
ORD101765,2025-07-30,C0488,25-34,Female,Baku,Fashion,Jeans,2,95.45,10,Digital Wallet,3,4.3,No,190.9,171.81,105.0,66.81
ORD100930,2025-07-30,C0894,35-44,Male,Baku,Home & Kitchen,Cookware Set,1,214.95,5,Card,2,5.0,No,214.95,204.2,133.27,70.93
ORD102561,2025-07-30,C0390,35-44,Female,Baku,Books,Novel,3,19.27,5,Card,3,3.8,No,57.81,54.92,28.9,26.02
ORD101627,2025-07-30,C0299,25-34,Female,Baku,Beauty,Perfume,1,90.55,10,Card,5,3.5,No,90.55,81.5,43.46,38.04
ORD102247,2025-07-30,C0240,25-34,Female,Sumgayit,Fashion,T-shirt,1,36.87,5,Card,3,5.0,No,36.87,35.03,20.28,14.75
ORD102530,2025-07-30,C0554,25-34,Female,Baku,Books,Data Analytics Book,2,17.79,0,Card,2,4.8,No,35.58,35.58,17.79,17.79
ORD100535,2025-07-30,C0462,55+,Male,Baku,Electronics,Wireless Earbuds,3,144.93,0,Cash on Delivery,4,4.4,No,434.79,434.79,313.05,121.74
ORD102679,2025-07-31,C0491,35-44,Male,Mingachevir,Home & Kitchen,Coffee Maker,1,175.24,0,Cash on Delivery,5,3.7,No,175.24,175.24,108.65,66.59
ORD100597,2025-07-31,C0725,25-34,Female,Sumgayit,Electronics,Bluetooth Speaker,1,94.88,20,Card,4,3.8,No,94.88,75.9,68.31,7.59
ORD102719,2025-07-31,C0644,35-44,Female,Baku,Books,Language Book,2,27.66,0,Card,4,3.9,No,55.32,55.32,27.66,27.66
ORD100228,2025-07-31,C0221,25-34,Male,Baku,Sports,Football,2,48.77,5,Cash on Delivery,1,3.8,No,97.54,92.66,55.6,37.06
ORD102626,2025-07-31,C0667,18-24,Male,Baku,Electronics,Bluetooth Speaker,1,47.08,0,Cash on Delivery,3,3.9,No,47.08,47.08,33.9,13.18
ORD100677,2025-07-31,C0019,45-54,Female,Shaki,Fashion,Jeans,2,71.15,0,Cash on Delivery,2,4.4,No,142.3,142.3,78.27,64.03
ORD101161,2025-08-01,C0179,45-54,Male,Shaki,Sports,Resistance Bands,1,81.19,0,Card,1,4.1,No,81.19,81.19,46.28,34.91
ORD100424,2025-08-01,C0558,25-34,Male,Sumgayit,Fashion,Sneakers,1,113.51,0,Card,4,4.4,No,113.51,113.51,62.43,51.08
ORD102753,2025-08-01,C0726,25-34,Male,Sumgayit,Electronics,Power Bank,2,228.31,5,Digital Wallet,2,3.9,No,456.62,433.79,328.77,105.02
ORD100266,2025-08-01,C0066,35-44,Male,Khirdalan,Electronics,Smart Watch,2,240.4,0,Card,3,4.3,Yes,480.8,0.0,62.3124,-62.31
ORD102729,2025-08-01,C0300,18-24,Female,Baku,Beauty,Body Lotion,2,20.7,20,Digital Wallet,4,4.2,No,41.4,33.12,19.87,13.25
ORD101760,2025-08-01,C0574,25-34,Male,Sumgayit,Electronics,Keyboard,3,173.53,5,Digital Wallet,5,3.4,No,520.59,494.56,374.82,119.74
ORD102123,2025-08-01,C0420,18-24,Male,Shaki,Beauty,Perfume,2,70.39,5,Cash on Delivery,4,3.5,No,140.78,133.74,67.57,66.17
ORD101858,2025-08-02,C0231,25-34,Male,Lankaran,Beauty,Body Lotion,2,30.59,0,Cash on Delivery,2,3.5,No,61.18,61.18,29.37,31.81
ORD102037,2025-08-02,C0215,35-44,Female,Baku,Fashion,Jacket,1,70.39,15,Digital Wallet,4,4.7,No,70.39,59.83,38.71,21.12
ORD101791,2025-08-02,C0764,18-24,Male,Khirdalan,Fashion,Handbag,4,104.97,5,Cash on Delivery,1,4.1,No,419.88,398.89,230.93,167.96
ORD102548,2025-08-02,C0162,18-24,Female,Khirdalan,Fashion,Jacket,1,85.23,0,Cash on Delivery,4,3.4,No,85.23,85.23,46.88,38.35
ORD102190,2025-08-02,C0261,45-54,Female,Baku,Fashion,Jacket,1,115.8,15,Card,3,4.5,No,115.8,98.43,63.69,34.74
ORD101415,2025-08-02,C0009,55+,Female,Baku,Beauty,Perfume,1,65.95,0,Card,3,4.6,No,65.95,65.95,31.66,34.29
ORD100242,2025-08-02,C0423,25-34,Female,Baku,Fashion,Sneakers,1,39.63,0,Cash on Delivery,3,3.9,No,39.63,39.63,21.8,17.83
ORD102464,2025-08-02,C0306,25-34,Male,Baku,Fashion,Jeans,1,120.93,0,Card,4,5.0,No,120.93,120.93,66.51,54.42
ORD101628,2025-08-02,C0474,45-54,Female,Mingachevir,Electronics,Bluetooth Speaker,1,255.96,0,Card,3,4.5,No,255.96,255.96,184.29,71.67
ORD102947,2025-08-03,C0792,35-44,Male,Baku,Fashion,Jacket,1,24.5,0,Card,3,4.2,No,24.5,24.5,13.48,11.02
ORD100966,2025-08-03,C0366,35-44,Female,Shaki,Home & Kitchen,Cookware Set,1,132.97,10,Cash on Delivery,4,4.4,Yes,132.97,0.0,14.839199999999998,-14.84
ORD101118,2025-08-03,C0150,45-54,Female,Baku,Sports,Running Bottle,1,93.42,20,Digital Wallet,5,3.6,No,93.42,74.74,53.25,21.49
ORD100985,2025-08-03,C0881,25-34,Female,Sumgayit,Sports,Dumbbell Set,2,49.39,5,Card,4,3.8,No,98.78,93.84,56.3,37.54
ORD101423,2025-08-03,C0344,25-34,Female,Sumgayit,Electronics,Keyboard,1,104.27,20,Cash on Delivery,3,3.4,No,104.27,83.42,75.07,8.35
ORD100260,2025-08-03,C0619,35-44,Female,Baku,Books,Novel,1,17.08,10,Card,2,4.0,No,17.08,15.37,8.54,6.83
ORD102235,2025-08-03,C0165,35-44,Male,Ganja,Electronics,Wireless Earbuds,2,253.97,0,Card,3,4.6,No,507.94,507.94,365.72,142.22
ORD101833,2025-08-03,C0470,25-34,Female,Baku,Electronics,Smart Watch,1,57.08,5,Card,5,3.7,No,57.08,54.23,41.1,13.13
ORD102345,2025-08-03,C0318,18-24,Female,Baku,Books,Psychology Book,2,38.78,0,Card,7,4.9,No,77.56,77.56,38.78,38.78
ORD100786,2025-08-03,C0413,18-24,Female,Baku,Electronics,Power Bank,2,158.72,0,Card,2,4.5,Yes,317.44,0.0,41.1408,-41.14
ORD101156,2025-08-03,C0897,18-24,Female,Ganja,Books,Business Book,1,35.54,10,Cash on Delivery,3,4.7,No,35.54,31.99,17.77,14.22
ORD100981,2025-08-04,C0527,45-54,Female,Khirdalan,Beauty,Shampoo,1,92.35,0,Card,3,3.2,No,92.35,92.35,44.33,48.02
ORD102065,2025-08-04,C0643,18-24,Male,Shaki,Books,Language Book,1,42.76,5,Digital Wallet,4,4.1,No,42.76,40.62,21.38,19.24
ORD100698,2025-08-04,C0873,25-34,Female,Baku,Beauty,Face Serum,1,20.47,10,Card,5,3.8,No,20.47,18.42,9.83,8.59
ORD101318,2025-08-04,C0311,45-54,Male,Baku,Home & Kitchen,Desk Lamp,1,214.17,0,Cash on Delivery,3,4.1,No,214.17,214.17,132.79,81.38
ORD102560,2025-08-04,C0526,25-34,Female,Baku,Sports,Yoga Mat,2,115.2,0,Cash on Delivery,4,4.8,No,230.4,230.4,131.33,99.07
ORD101546,2025-08-04,C0148,55+,Female,Quba,Books,Language Book,3,19.3,10,Card,6,3.8,No,57.9,52.11,28.95,23.16
ORD100270,2025-08-04,C0486,35-44,Male,Mingachevir,Sports,Running Bottle,3,15.31,0,Card,3,4.3,No,45.93,45.93,26.18,19.75
ORD101396,2025-08-04,C0422,25-34,Female,Baku,Electronics,Smart Watch,1,255.07,15,Card,4,4.2,No,255.07,216.81,183.65,33.16
ORD100548,2025-08-04,C0169,25-34,Male,Baku,Beauty,Shampoo,2,57.56,0,Card,5,4.4,Yes,115.12,0.0,9.9468,-9.95
ORD101608,2025-08-05,C0039,35-44,Male,Lankaran,Home & Kitchen,Cookware Set,4,33.04,20,Card,6,2.7,No,132.16,105.73,81.94,23.79
ORD100688,2025-08-05,C0475,18-24,Male,Baku,Home & Kitchen,Desk Lamp,3,197.2,0,Card,3,4.2,No,591.6,591.6,366.79,224.81
ORD100520,2025-08-05,C0095,25-34,Male,Baku,Fashion,Jeans,1,55.08,0,Cash on Delivery,4,4.3,Yes,55.08,0.0,5.4521999999999995,-5.45
ORD102676,2025-08-05,C0216,45-54,Female,Khirdalan,Beauty,Shampoo,1,71.96,0,Card,4,5.0,No,71.96,71.96,34.54,37.42
ORD100915,2025-08-05,C0862,45-54,Male,Lankaran,Beauty,Shampoo,1,73.73,0,Digital Wallet,3,4.3,No,73.73,73.73,35.39,38.34
ORD102966,2025-08-05,C0428,25-34,Male,Baku,Electronics,Keyboard,1,76.02,10,Cash on Delivery,1,4.4,No,76.02,68.42,54.73,13.69
ORD101644,2025-08-06,C0389,45-54,Female,Baku,Electronics,Bluetooth Speaker,5,207.67,0,Cash on Delivery,3,4.7,No,1038.35,1038.35,747.61,290.74
ORD101350,2025-08-06,C0897,35-44,Female,Baku,Fashion,T-shirt,3,33.87,10,Card,3,4.5,No,101.61,91.45,55.89,35.56
ORD101654,2025-08-06,C0158,35-44,Female,Quba,Electronics,Bluetooth Speaker,1,44.95,5,Card,4,4.3,No,44.95,42.7,32.36,10.34
ORD100468,2025-08-06,C0842,45-54,Male,Baku,Sports,Dumbbell Set,2,98.85,0,Card,4,3.9,No,197.7,197.7,112.69,85.01
ORD100455,2025-08-06,C0503,55+,Female,Mingachevir,Books,Novel,1,32.69,5,Card,4,3.8,No,32.69,31.06,16.34,14.72
ORD102973,2025-08-07,C0119,25-34,Female,Lankaran,Home & Kitchen,Desk Lamp,4,185.49,5,Card,3,3.8,Yes,741.96,0.0,82.80359999999999,-82.8
ORD100394,2025-08-07,C0759,25-34,Male,Baku,Electronics,Power Bank,1,67.67,0,Card,1,5.0,No,67.67,67.67,48.72,18.95
ORD100665,2025-08-07,C0361,18-24,Female,Baku,Sports,Yoga Mat,1,42.1,0,Card,5,4.2,No,42.1,42.1,24.0,18.1
ORD100720,2025-08-07,C0661,45-54,Male,Quba,Fashion,Sneakers,1,72.83,0,Cash on Delivery,2,3.5,No,72.83,72.83,40.06,32.77
ORD102024,2025-08-07,C0362,55+,Female,Lankaran,Fashion,Jacket,2,68.41,5,Cash on Delivery,4,3.2,No,136.82,129.98,75.25,54.73
ORD102445,2025-08-07,C0567,35-44,Male,Mingachevir,Electronics,Smart Watch,1,246.61,10,Cash on Delivery,5,4.0,No,246.61,221.95,177.56,44.39
ORD101505,2025-08-07,C0151,55+,Female,Baku,Electronics,Smart Watch,2,165.47,0,Card,2,4.8,Yes,330.94,0.0,42.8904,-42.89
ORD100531,2025-08-07,C0318,25-34,Male,Baku,Electronics,Bluetooth Speaker,1,102.15,0,Digital Wallet,1,5.0,No,102.15,102.15,73.55,28.6
ORD101188,2025-08-07,C0727,35-44,Male,Baku,Home & Kitchen,Cookware Set,1,84.99,0,Cash on Delivery,3,3.7,Yes,84.99,0.0,9.4842,-9.48
ORD102614,2025-08-07,C0155,45-54,Male,Mingachevir,Beauty,Lipstick,2,15.93,0,Cash on Delivery,1,4.8,No,31.86,31.86,15.29,16.57
ORD100967,2025-08-08,C0603,55+,Male,Baku,Sports,Running Bottle,1,75.47,5,Card,1,4.3,No,75.47,71.7,43.02,28.68
ORD102414,2025-08-08,C0028,35-44,Female,Quba,Fashion,Jeans,1,53.91,10,Card,2,5.0,No,53.91,48.52,29.65,18.87
ORD101048,2025-08-08,C0879,25-34,Female,Khirdalan,Electronics,Bluetooth Speaker,1,114.82,10,Card,3,4.4,No,114.82,103.34,82.67,20.67
ORD101580,2025-08-08,C0090,55+,Male,Baku,Fashion,Handbag,1,62.77,0,Card,5,3.8,No,62.77,62.77,34.52,28.25
ORD101764,2025-08-08,C0266,45-54,Female,Shaki,Beauty,Lipstick,3,33.9,0,Card,4,4.6,No,101.7,101.7,48.82,52.88
ORD100137,2025-08-09,C0113,25-34,Female,Baku,Fashion,Handbag,1,134.74,5,Card,2,4.5,No,134.74,128.0,74.11,53.89
ORD101873,2025-08-09,C0573,25-34,Female,Ganja,Sports,Football,3,42.83,15,Card,2,4.4,No,128.49,109.22,73.24,35.98
ORD100494,2025-08-09,C0839,25-34,Female,Ganja,Electronics,Power Bank,2,74.31,15,Card,1,5.0,No,148.62,126.33,107.01,19.32
ORD101568,2025-08-09,C0143,55+,Male,Baku,Electronics,Smart Watch,3,190.3,0,Card,6,3.5,No,570.9,570.9,411.05,159.85
ORD100625,2025-08-09,C0107,18-24,Female,Lankaran,Fashion,Jeans,2,19.53,15,Card,3,3.2,No,39.06,33.2,21.48,11.72
ORD101525,2025-08-09,C0186,25-34,Male,Sumgayit,Fashion,Jacket,3,41.1,0,Card,2,3.9,No,123.3,123.3,67.82,55.48
ORD102213,2025-08-09,C0061,18-24,Male,Quba,Books,Business Book,1,32.71,0,Card,4,3.2,No,32.71,32.71,16.36,16.35
ORD101181,2025-08-10,C0230,35-44,Male,Khirdalan,Sports,Resistance Bands,3,42.54,5,Digital Wallet,6,3.8,No,127.62,121.24,72.74,48.5
ORD101952,2025-08-10,C0556,55+,Female,Baku,Beauty,Face Serum,4,62.19,10,Cash on Delivery,2,4.8,No,248.76,223.88,119.4,104.48
ORD102692,2025-08-10,C0151,18-24,Female,Khirdalan,Home & Kitchen,Blender,2,85.33,0,Card,6,3.8,No,170.66,170.66,105.81,64.85
ORD100490,2025-08-10,C0636,35-44,Male,Baku,Electronics,Wireless Earbuds,3,277.82,0,Digital Wallet,2,4.4,No,833.46,833.46,600.09,233.37
ORD102183,2025-08-10,C0773,35-44,Female,Baku,Beauty,Lipstick,2,53.31,5,Cash on Delivery,4,3.7,No,106.62,101.29,51.18,50.11
ORD100193,2025-08-10,C0881,25-34,Female,Baku,Fashion,Jeans,1,41.77,0,Card,3,4.9,No,41.77,41.77,22.97,18.8
ORD100850,2025-08-10,C0741,25-34,Female,Baku,Electronics,Power Bank,1,268.61,10,Digital Wallet,3,4.0,No,268.61,241.75,193.4,48.35
ORD101305,2025-08-11,C0812,18-24,Male,Shaki,Electronics,Keyboard,3,165.17,10,Digital Wallet,5,4.0,No,495.51,445.96,356.77,89.19
ORD102124,2025-08-11,C0595,25-34,Female,Quba,Sports,Dumbbell Set,1,35.05,5,Digital Wallet,6,4.0,No,35.05,33.3,19.98,13.32
ORD102144,2025-08-11,C0185,45-54,Male,Baku,Electronics,Wireless Earbuds,1,117.81,10,Card,5,3.9,No,117.81,106.03,84.82,21.21
ORD101758,2025-08-11,C0741,45-54,Female,Baku,Fashion,Sneakers,1,21.41,5,Card,4,3.5,No,21.41,20.34,11.78,8.56
ORD102494,2025-08-11,C0189,18-24,Female,Baku,Fashion,T-shirt,1,126.29,15,Card,5,3.6,No,126.29,107.35,69.46,37.89
ORD101662,2025-08-11,C0628,25-34,Male,Baku,Books,Psychology Book,2,44.68,5,Digital Wallet,3,4.0,No,89.36,84.89,44.68,40.21
ORD100956,2025-08-12,C0891,25-34,Female,Ganja,Beauty,Perfume,1,50.56,0,Digital Wallet,4,4.4,No,50.56,50.56,24.27,26.29
ORD102864,2025-08-12,C0502,35-44,Female,Khirdalan,Books,Novel,2,30.05,0,Card,3,4.3,No,60.1,60.1,30.05,30.05
ORD100269,2025-08-12,C0767,25-34,Male,Ganja,Electronics,Bluetooth Speaker,3,44.15,0,Card,4,4.5,No,132.45,132.45,95.36,37.09
ORD100896,2025-08-12,C0505,25-34,Male,Baku,Books,Psychology Book,3,12.58,5,Cash on Delivery,3,3.9,No,37.74,35.85,18.87,16.98
ORD102971,2025-08-12,C0598,55+,Male,Baku,Books,Psychology Book,2,40.04,10,Cash on Delivery,1,4.2,No,80.08,72.07,40.04,32.03
ORD100767,2025-08-12,C0750,35-44,Female,Mingachevir,Home & Kitchen,Cookware Set,1,186.41,0,Card,3,5.0,No,186.41,186.41,115.57,70.84
ORD100323,2025-08-13,C0367,18-24,Male,Baku,Beauty,Body Lotion,1,83.55,0,Card,4,4.0,No,83.55,83.55,40.1,43.45
ORD102027,2025-08-13,C0573,55+,Male,Baku,Electronics,Bluetooth Speaker,1,129.82,5,Digital Wallet,4,3.7,No,129.82,123.33,93.47,29.86
ORD100953,2025-08-13,C0654,45-54,Female,Mingachevir,Home & Kitchen,Coffee Maker,3,43.84,0,Card,3,4.5,No,131.52,131.52,81.54,49.98
ORD100601,2025-08-13,C0869,45-54,Male,Shaki,Home & Kitchen,Desk Lamp,1,23.49,10,Card,2,3.5,No,23.49,21.14,14.56,6.58
ORD101829,2025-08-13,C0283,55+,Male,Baku,Beauty,Lipstick,2,78.37,5,Cash on Delivery,3,4.6,No,156.74,148.9,75.24,73.66
ORD100900,2025-08-13,C0570,45-54,Female,Sumgayit,Beauty,Lipstick,4,90.54,5,Card,2,4.0,No,362.16,344.05,173.84,170.21
ORD101135,2025-08-13,C0670,55+,Female,Sumgayit,Beauty,Face Serum,1,36.3,0,Card,5,3.8,No,36.3,36.3,17.42,18.88
ORD100702,2025-08-13,C0049,25-34,Female,Baku,Books,Novel,1,31.05,10,Digital Wallet,4,4.6,No,31.05,27.94,15.52,12.42
ORD100672,2025-08-13,C0607,35-44,Male,Lankaran,Fashion,Jeans,4,57.12,15,Card,2,4.6,No,228.48,194.21,125.66,68.55
ORD101846,2025-08-14,C0807,45-54,Female,Baku,Home & Kitchen,Storage Box,3,75.33,0,Card,3,3.9,No,225.99,225.99,140.11,85.88
ORD101885,2025-08-14,C0246,25-34,Female,Sumgayit,Fashion,T-shirt,3,25.3,5,Card,2,4.0,No,75.9,72.1,41.74,30.36
ORD102393,2025-08-14,C0760,45-54,Female,Khirdalan,Beauty,Face Serum,2,48.06,5,Card,4,4.4,No,96.12,91.31,46.14,45.17
ORD102927,2025-08-14,C0798,35-44,Male,Baku,Electronics,Wireless Earbuds,1,218.44,5,Card,1,4.5,No,218.44,207.52,157.28,50.24
ORD101554,2025-08-14,C0453,35-44,Male,Baku,Sports,Football,1,38.1,20,Digital Wallet,3,3.7,No,38.1,30.48,21.72,8.76
ORD102904,2025-08-14,C0797,35-44,Female,Baku,Fashion,Jacket,1,60.03,5,Card,3,4.3,No,60.03,57.03,33.02,24.01
ORD102825,2025-08-14,C0070,35-44,Male,Sumgayit,Fashion,Jacket,2,125.33,5,Card,4,3.8,No,250.66,238.13,137.86,100.27
ORD102726,2025-08-14,C0715,35-44,Female,Quba,Sports,Running Bottle,1,121.19,10,Cash on Delivery,2,4.3,No,121.19,109.07,69.08,39.99
ORD100987,2025-08-14,C0802,18-24,Male,Khirdalan,Sports,Football,3,82.53,15,Cash on Delivery,1,4.7,No,247.59,210.45,141.13,69.32
ORD102629,2025-08-14,C0165,25-34,Male,Baku,Sports,Football,1,60.51,10,Digital Wallet,3,4.9,No,60.51,54.46,34.49,19.97
ORD100343,2025-08-15,C0296,18-24,Female,Baku,Electronics,Power Bank,3,250.8,0,Card,4,4.1,No,752.4,752.4,541.73,210.67
ORD101540,2025-08-15,C0507,35-44,Female,Baku,Home & Kitchen,Desk Lamp,4,73.62,15,Card,2,4.6,No,294.48,250.31,182.58,67.73
ORD100675,2025-08-15,C0451,25-34,Female,Ganja,Fashion,Jacket,1,101.33,0,Card,4,4.3,No,101.33,101.33,55.73,45.6
ORD101290,2025-08-15,C0094,18-24,Male,Ganja,Fashion,Sneakers,1,40.84,20,Card,5,3.7,No,40.84,32.67,22.46,10.21
ORD102226,2025-08-15,C0374,18-24,Female,Ganja,Sports,Dumbbell Set,1,28.23,20,Card,4,4.0,No,28.23,22.58,16.09,6.49
ORD101397,2025-08-15,C0685,45-54,Female,Baku,Books,Psychology Book,1,22.43,0,Card,1,4.6,No,22.43,22.43,11.22,11.21
ORD102417,2025-08-15,C0288,45-54,Female,Baku,Beauty,Lipstick,2,90.17,15,Card,1,5.0,No,180.34,153.29,86.56,66.73
ORD101638,2025-08-15,C0680,35-44,Female,Baku,Electronics,Power Bank,3,267.56,0,Cash on Delivery,2,5.0,No,802.68,802.68,577.93,224.75
ORD101200,2025-08-15,C0635,45-54,Male,Baku,Sports,Resistance Bands,2,93.72,5,Card,2,4.3,No,187.44,178.07,106.84,71.23
ORD102917,2025-08-15,C0095,25-34,Female,Baku,Beauty,Shampoo,2,55.5,10,Card,5,4.1,No,111.0,99.9,53.28,46.62
ORD101661,2025-08-15,C0167,35-44,Female,Sumgayit,Books,Data Analytics Book,1,23.64,10,Card,2,4.3,No,23.64,21.28,11.82,9.46
ORD102508,2025-08-15,C0163,25-34,Female,Khirdalan,Electronics,Bluetooth Speaker,1,93.86,0,Card,3,3.6,No,93.86,93.86,67.58,26.28
ORD101211,2025-08-16,C0096,25-34,Male,Lankaran,Books,Novel,1,27.03,10,Cash on Delivery,5,4.1,No,27.03,24.33,13.52,10.81
ORD100825,2025-08-16,C0036,25-34,Male,Shaki,Fashion,T-shirt,1,88.07,10,Card,2,4.2,No,88.07,79.26,48.44,30.82
ORD101982,2025-08-16,C0398,18-24,Female,Lankaran,Home & Kitchen,Cookware Set,1,199.24,0,Card,3,3.8,No,199.24,199.24,123.53,75.71
ORD102359,2025-08-17,C0557,25-34,Male,Khirdalan,Home & Kitchen,Cookware Set,1,199.11,0,Cash on Delivery,2,4.6,No,199.11,199.11,123.45,75.66
ORD102179,2025-08-17,C0776,25-34,Female,Mingachevir,Fashion,Jeans,4,83.82,5,Digital Wallet,2,4.7,No,335.28,318.52,184.4,134.12
ORD100240,2025-08-17,C0649,25-34,Female,Quba,Sports,Football,4,78.78,10,Card,1,4.1,No,315.12,283.61,179.62,103.99
ORD101755,2025-08-17,C0099,35-44,Female,Baku,Electronics,Bluetooth Speaker,2,139.0,0,Cash on Delivery,3,4.1,No,278.0,278.0,200.16,77.84
ORD102829,2025-08-17,C0892,18-24,Male,Ganja,Sports,Running Bottle,1,33.08,5,Card,3,4.2,No,33.08,31.43,18.86,12.57
ORD102128,2025-08-17,C0780,18-24,Male,Ganja,Home & Kitchen,Coffee Maker,1,159.7,5,Cash on Delivery,3,4.8,No,159.7,151.71,99.01,52.7
ORD102898,2025-08-17,C0384,25-34,Male,Baku,Home & Kitchen,Cookware Set,1,80.56,0,Card,2,4.0,No,80.56,80.56,49.95,30.61
ORD102721,2025-08-17,C0859,25-34,Male,Baku,Electronics,Power Bank,1,231.65,15,Cash on Delivery,3,5.0,No,231.65,196.9,166.79,30.11
ORD100996,2025-08-17,C0142,25-34,Male,Ganja,Beauty,Shampoo,1,81.26,5,Card,4,4.0,No,81.26,77.2,39.0,38.2
ORD102907,2025-08-17,C0349,45-54,Female,Baku,Books,Language Book,2,23.05,10,Cash on Delivery,4,4.1,No,46.1,41.49,23.05,18.44
ORD101753,2025-08-18,C0862,45-54,Female,Quba,Fashion,Sneakers,2,128.14,15,Card,2,5.0,No,256.28,217.84,140.95,76.89
ORD101171,2025-08-18,C0824,45-54,Female,Khirdalan,Home & Kitchen,Coffee Maker,1,120.75,20,Cash on Delivery,4,3.9,No,120.75,96.6,74.86,21.74
ORD100599,2025-08-18,C0854,18-24,Male,Baku,Electronics,Power Bank,2,57.87,10,Cash on Delivery,2,4.3,No,115.74,104.17,83.33,20.84
ORD100085,2025-08-18,C0167,25-34,Female,Quba,Home & Kitchen,Desk Lamp,1,39.15,15,Card,5,5.0,No,39.15,33.28,24.27,9.01
ORD100880,2025-08-18,C0364,25-34,Male,Baku,Home & Kitchen,Coffee Maker,1,41.74,0,Cash on Delivery,1,5.0,Yes,41.74,0.0,4.658399999999999,-4.66
ORD100245,2025-08-18,C0502,25-34,Female,Baku,Home & Kitchen,Storage Box,1,53.41,15,Digital Wallet,4,3.8,No,53.41,45.4,33.11,12.29
ORD102010,2025-08-19,C0734,35-44,Female,Baku,Fashion,Jeans,3,89.72,10,Card,1,4.2,No,269.16,242.24,148.04,94.2
ORD101172,2025-08-19,C0253,35-44,Female,Lankaran,Beauty,Shampoo,1,56.35,0,Card,2,4.5,No,56.35,56.35,27.05,29.3
ORD102158,2025-08-19,C0791,35-44,Male,Baku,Fashion,Jeans,3,44.2,15,Digital Wallet,1,4.7,No,132.6,112.71,72.93,39.78
ORD100040,2025-08-19,C0877,18-24,Female,Baku,Beauty,Perfume,1,46.2,5,Cash on Delivery,3,4.7,No,46.2,43.89,22.18,21.71
ORD102231,2025-08-19,C0501,18-24,Female,Baku,Books,Language Book,1,16.54,15,Card,2,4.3,No,16.54,14.06,8.27,5.79
ORD102996,2025-08-19,C0277,35-44,Female,Baku,Fashion,Jeans,2,131.87,15,Card,2,4.3,No,263.74,224.18,145.06,79.12
ORD100192,2025-08-19,C0379,35-44,Male,Sumgayit,Books,Language Book,1,13.03,0,Card,3,5.0,No,13.03,13.03,6.52,6.51
ORD101111,2025-08-19,C0315,18-24,Female,Ganja,Books,Data Analytics Book,1,43.44,5,Cash on Delivery,4,4.0,No,43.44,41.27,21.72,19.55
ORD102758,2025-08-20,C0068,25-34,Male,Shaki,Beauty,Lipstick,1,24.12,15,Digital Wallet,4,4.0,No,24.12,20.5,11.58,8.92
ORD100341,2025-08-20,C0451,45-54,Female,Baku,Electronics,Bluetooth Speaker,1,248.89,5,Card,3,4.4,No,248.89,236.45,179.2,57.25
ORD100130,2025-08-20,C0007,18-24,Male,Sumgayit,Fashion,T-shirt,2,32.23,15,Card,3,3.8,No,64.46,54.79,35.45,19.34
ORD100658,2025-08-20,C0084,45-54,Male,Baku,Fashion,Handbag,1,134.97,10,Cash on Delivery,2,4.3,Yes,134.97,0.0,13.3614,-13.36
ORD101417,2025-08-20,C0697,35-44,Male,Baku,Fashion,T-shirt,1,43.14,15,Card,5,4.5,Yes,43.14,0.0,4.2714,-4.27
ORD100475,2025-08-20,C0064,55+,Male,Baku,Electronics,Wireless Earbuds,1,63.18,5,Card,3,4.2,No,63.18,60.02,45.49,14.53
ORD100458,2025-08-20,C0886,18-24,Female,Baku,Electronics,Bluetooth Speaker,1,212.33,5,Card,6,3.7,No,212.33,201.71,152.88,48.83
ORD100958,2025-08-20,C0854,25-34,Male,Baku,Electronics,Keyboard,1,169.76,5,Cash on Delivery,3,4.4,No,169.76,161.27,122.23,39.04
ORD100743,2025-08-20,C0047,35-44,Female,Baku,Fashion,Jacket,2,25.4,0,Cash on Delivery,1,4.6,No,50.8,50.8,27.94,22.86
ORD102185,2025-08-20,C0218,45-54,Female,Shaki,Electronics,Smart Watch,1,132.78,15,Card,3,4.2,No,132.78,112.86,95.6,17.26
ORD101196,2025-08-20,C0778,25-34,Female,Mingachevir,Electronics,Bluetooth Speaker,4,269.22,5,Card,2,5.0,No,1076.88,1023.04,775.35,247.69
ORD101370,2025-08-20,C0227,18-24,Female,Baku,Electronics,Wireless Earbuds,5,261.73,10,Card,4,4.2,No,1308.65,1177.79,942.23,235.56
ORD102568,2025-08-20,C0425,55+,Male,Baku,Home & Kitchen,Blender,2,111.05,0,Card,1,4.3,No,222.1,222.1,137.7,84.4
ORD101467,2025-08-20,C0265,45-54,Male,Sumgayit,Fashion,Sneakers,1,43.96,0,Cash on Delivery,3,4.4,No,43.96,43.96,24.18,19.78
ORD100673,2025-08-21,C0567,25-34,Female,Baku,Beauty,Body Lotion,4,53.35,0,Cash on Delivery,3,3.7,No,213.4,213.4,102.43,110.97
ORD101128,2025-08-21,C0156,55+,Male,Ganja,Fashion,T-shirt,4,73.98,10,Card,4,4.5,No,295.92,266.33,162.76,103.57
ORD102970,2025-08-21,C0024,25-34,Male,Khirdalan,Fashion,Handbag,1,83.19,20,Card,4,4.2,No,83.19,66.55,45.75,20.8
ORD101985,2025-08-21,C0544,18-24,Male,Baku,Home & Kitchen,Blender,2,173.66,20,Cash on Delivery,2,3.8,Yes,347.32,0.0,38.7612,-38.76
ORD100782,2025-08-21,C0645,45-54,Female,Baku,Electronics,Smart Watch,1,129.12,10,Cash on Delivery,5,4.6,No,129.12,116.21,92.97,23.24
ORD101235,2025-08-21,C0689,18-24,Female,Ganja,Fashion,Jeans,2,91.91,10,Digital Wallet,4,5.0,No,183.82,165.44,101.1,64.34
ORD101585,2025-08-21,C0240,45-54,Female,Quba,Sports,Football,1,77.43,5,Digital Wallet,6,4.2,No,77.43,73.56,44.14,29.42
ORD100920,2025-08-21,C0730,25-34,Male,Baku,Books,Psychology Book,3,30.0,10,Digital Wallet,3,4.0,No,90.0,81.0,45.0,36.0
ORD101337,2025-08-21,C0837,18-24,Male,Lankaran,Home & Kitchen,Cookware Set,2,148.48,0,Card,2,4.1,No,296.96,296.96,184.12,112.84
ORD100099,2025-08-21,C0622,45-54,Female,Baku,Sports,Football,1,87.32,15,Cash on Delivery,3,4.4,No,87.32,74.22,49.77,24.45
ORD102992,2025-08-21,C0552,25-34,Female,Ganja,Sports,Dumbbell Set,1,33.3,0,Card,4,5.0,No,33.3,33.3,18.98,14.32
ORD102689,2025-08-21,C0615,55+,Male,Sumgayit,Electronics,Wireless Earbuds,2,42.82,10,Cash on Delivery,3,3.8,No,85.64,77.08,61.66,15.42
ORD100616,2025-08-22,C0721,35-44,Female,Lankaran,Books,Data Analytics Book,1,12.64,10,Cash on Delivery,5,4.3,No,12.64,11.38,6.32,5.06
ORD102437,2025-08-22,C0120,45-54,Female,Sumgayit,Fashion,T-shirt,1,69.3,0,Card,3,4.0,No,69.3,69.3,38.12,31.18
ORD101994,2025-08-22,C0027,18-24,Female,Quba,Home & Kitchen,Blender,1,192.79,5,Cash on Delivery,2,4.3,No,192.79,183.15,119.53,63.62
ORD101068,2025-08-22,C0502,25-34,Male,Baku,Electronics,Power Bank,4,267.11,15,Cash on Delivery,5,4.7,No,1068.44,908.17,769.28,138.89
ORD100569,2025-08-23,C0454,35-44,Female,Shaki,Fashion,Sneakers,1,93.22,20,Card,4,4.3,No,93.22,74.58,51.27,23.31
ORD100600,2025-08-23,C0793,45-54,Female,Baku,Fashion,Handbag,1,66.07,5,Cash on Delivery,1,4.9,No,66.07,62.77,36.34,26.43
ORD102184,2025-08-24,C0872,45-54,Male,Quba,Beauty,Lipstick,3,12.88,0,Card,3,4.5,Yes,38.64,0.0,3.339,-3.34
ORD101715,2025-08-24,C0678,25-34,Female,Khirdalan,Electronics,Smart Watch,2,102.05,10,Card,1,4.5,No,204.1,183.69,146.95,36.74
ORD101717,2025-08-24,C0634,25-34,Female,Baku,Fashion,Handbag,1,83.87,10,Card,3,4.0,No,83.87,75.48,46.13,29.35
ORD100026,2025-08-24,C0787,25-34,Male,Mingachevir,Electronics,Keyboard,1,248.42,10,Cash on Delivery,4,4.0,No,248.42,223.58,178.86,44.72
ORD102448,2025-08-24,C0472,18-24,Female,Baku,Electronics,Keyboard,1,201.61,10,Card,3,3.7,No,201.61,181.45,145.16,36.29
ORD100984,2025-08-25,C0236,35-44,Male,Mingachevir,Fashion,Jeans,2,111.51,10,Card,4,3.9,No,223.02,200.72,122.66,78.06
ORD102361,2025-08-25,C0824,25-34,Male,Baku,Beauty,Body Lotion,3,24.6,0,Digital Wallet,1,4.6,No,73.8,73.8,35.42,38.38
ORD100934,2025-08-25,C0442,25-34,Male,Baku,Fashion,Sneakers,1,103.02,10,Digital Wallet,4,3.7,No,103.02,92.72,56.66,36.06
ORD101130,2025-08-25,C0022,25-34,Female,Baku,Fashion,Jeans,1,55.16,0,Card,4,4.2,No,55.16,55.16,30.34,24.82
ORD102015,2025-08-25,C0853,45-54,Male,Lankaran,Books,Data Analytics Book,5,8.08,10,Cash on Delivery,1,5.0,No,40.4,36.36,20.2,16.16
ORD102072,2025-08-25,C0373,35-44,Male,Sumgayit,Electronics,Bluetooth Speaker,1,165.73,10,Card,4,4.3,No,165.73,149.16,119.33,29.83
ORD102986,2025-08-25,C0441,18-24,Male,Baku,Fashion,Jeans,1,109.33,15,Card,3,4.1,No,109.33,92.93,60.13,32.8
ORD102481,2025-08-26,C0189,25-34,Female,Baku,Electronics,Smart Watch,2,39.71,10,Card,3,3.9,No,79.42,71.48,57.18,14.3
ORD101255,2025-08-26,C0268,35-44,Male,Lankaran,Books,Business Book,2,27.9,10,Card,4,4.9,No,55.8,50.22,27.9,22.32
ORD101887,2025-08-26,C0350,35-44,Female,Baku,Beauty,Face Serum,1,35.33,20,Cash on Delivery,2,4.3,No,35.33,28.26,16.96,11.3
ORD102905,2025-08-26,C0734,35-44,Female,Baku,Beauty,Shampoo,1,90.55,0,Cash on Delivery,4,3.8,No,90.55,90.55,43.46,47.09
ORD101205,2025-08-26,C0696,18-24,Male,Sumgayit,Home & Kitchen,Storage Box,2,141.3,5,Card,5,4.0,No,282.6,268.47,175.21,93.26
ORD101089,2025-08-26,C0735,35-44,Male,Lankaran,Beauty,Shampoo,1,25.4,15,Cash on Delivery,5,4.1,No,25.4,21.59,12.19,9.4
ORD100771,2025-08-26,C0600,25-34,Female,Baku,Home & Kitchen,Coffee Maker,1,89.7,5,Digital Wallet,4,4.1,No,89.7,85.22,55.61,29.61
ORD102754,2025-08-26,C0061,25-34,Male,Sumgayit,Beauty,Lipstick,2,80.47,15,Card,5,3.6,No,160.94,136.8,77.25,59.55
ORD100824,2025-08-26,C0777,25-34,Male,Khirdalan,Electronics,Power Bank,1,43.18,10,Cash on Delivery,1,5.0,No,43.18,38.86,31.09,7.77
ORD100502,2025-08-26,C0763,18-24,Male,Baku,Beauty,Face Serum,2,37.79,0,Digital Wallet,3,3.8,No,75.58,75.58,36.28,39.3
ORD101221,2025-08-26,C0296,35-44,Female,Khirdalan,Beauty,Perfume,2,28.18,5,Card,6,3.8,Yes,56.36,0.0,4.869,-4.87
ORD100244,2025-08-26,C0027,35-44,Male,Baku,Books,Language Book,1,37.29,15,Digital Wallet,2,4.2,No,37.29,31.7,18.64,13.06
ORD102324,2025-08-27,C0781,18-24,Male,Baku,Electronics,Wireless Earbuds,3,264.96,0,Card,3,4.5,Yes,794.88,0.0,103.01579999999998,-103.02
ORD100003,2025-08-27,C0148,45-54,Female,Baku,Fashion,Handbag,1,87.44,0,Card,6,3.6,No,87.44,87.44,48.09,39.35
ORD101438,2025-08-27,C0397,45-54,Female,Sumgayit,Electronics,Smart Watch,3,122.65,0,Digital Wallet,4,4.6,Yes,367.95,0.0,47.6856,-47.69
ORD100986,2025-08-27,C0106,25-34,Female,Baku,Fashion,Handbag,4,94.76,10,Card,3,5.0,No,379.04,341.14,208.47,132.67
ORD102258,2025-08-27,C0348,25-34,Female,Baku,Fashion,T-shirt,1,48.44,5,Card,3,4.6,No,48.44,46.02,26.64,19.38
ORD100652,2025-08-27,C0518,55+,Female,Sumgayit,Electronics,Power Bank,2,277.36,10,Cash on Delivery,6,4.4,No,554.72,499.25,399.4,99.85
ORD101723,2025-08-27,C0558,45-54,Female,Baku,Home & Kitchen,Coffee Maker,1,31.36,10,Card,4,4.1,No,31.36,28.22,19.44,8.78
ORD101224,2025-08-27,C0374,18-24,Male,Baku,Fashion,Handbag,2,34.55,0,Cash on Delivery,4,3.8,No,69.1,69.1,38.01,31.09
ORD100123,2025-08-27,C0160,45-54,Male,Sumgayit,Sports,Resistance Bands,3,93.05,0,Card,3,3.6,No,279.15,279.15,159.12,120.03
ORD101398,2025-08-27,C0272,18-24,Female,Sumgayit,Fashion,Handbag,1,56.97,5,Cash on Delivery,2,4.3,No,56.97,54.12,31.33,22.79
ORD102380,2025-08-27,C0532,25-34,Female,Baku,Fashion,Jeans,1,69.6,5,Card,5,4.3,No,69.6,66.12,38.28,27.84
ORD102930,2025-08-27,C0813,25-34,Male,Mingachevir,Electronics,Bluetooth Speaker,3,120.9,5,Cash on Delivery,4,3.8,No,362.7,344.56,261.14,83.42
ORD101812,2025-08-27,C0451,25-34,Male,Baku,Books,Psychology Book,2,29.79,10,Digital Wallet,1,4.2,No,59.58,53.62,29.79,23.83
ORD102551,2025-08-27,C0535,25-34,Male,Sumgayit,Books,Novel,1,30.52,0,Card,6,4.8,Yes,30.52,0.0,2.7468,-2.75
ORD102195,2025-08-28,C0020,45-54,Female,Sumgayit,Home & Kitchen,Coffee Maker,2,200.78,15,Card,3,4.3,No,401.56,341.33,248.97,92.36
ORD101693,2025-08-28,C0884,18-24,Male,Baku,Beauty,Lipstick,1,44.71,0,Cash on Delivery,3,4.4,No,44.71,44.71,21.46,23.25
ORD100842,2025-08-28,C0191,55+,Male,Baku,Electronics,Smart Watch,1,277.7,5,Cash on Delivery,5,4.0,No,277.7,263.82,199.94,63.88
ORD102086,2025-08-28,C0383,35-44,Male,Baku,Sports,Football,5,108.6,0,Card,5,4.1,No,543.0,543.0,309.51,233.49
ORD102396,2025-08-28,C0685,25-34,Female,Baku,Home & Kitchen,Blender,2,128.02,0,Digital Wallet,3,3.9,No,256.04,256.04,158.74,97.3
ORD101277,2025-08-28,C0180,35-44,Female,Sumgayit,Home & Kitchen,Blender,2,98.48,5,Card,3,4.6,No,196.96,187.11,122.12,64.99
ORD102619,2025-08-28,C0744,25-34,Female,Lankaran,Fashion,Sneakers,1,39.72,5,Digital Wallet,7,3.4,No,39.72,37.73,21.85,15.88
ORD102050,2025-08-29,C0118,35-44,Male,Baku,Sports,Dumbbell Set,1,93.68,0,Card,3,4.7,No,93.68,93.68,53.4,40.28
ORD100730,2025-08-29,C0822,35-44,Female,Ganja,Home & Kitchen,Storage Box,4,135.59,10,Digital Wallet,3,4.8,No,542.36,488.12,336.26,151.86
ORD101597,2025-08-29,C0862,35-44,Male,Baku,Electronics,Smart Watch,1,108.32,0,Card,3,4.4,No,108.32,108.32,77.99,30.33
ORD101981,2025-08-29,C0110,25-34,Male,Baku,Beauty,Shampoo,1,43.86,5,Cash on Delivery,5,4.9,No,43.86,41.67,21.05,20.62
ORD102897,2025-08-29,C0298,35-44,Female,Quba,Electronics,Power Bank,1,93.53,0,Digital Wallet,1,3.8,No,93.53,93.53,67.34,26.19
ORD102023,2025-08-29,C0750,25-34,Female,Mingachevir,Electronics,Bluetooth Speaker,4,267.11,10,Card,5,4.4,No,1068.44,961.6,769.28,192.32
ORD102022,2025-08-29,C0686,18-24,Female,Shaki,Sports,Yoga Mat,4,43.11,0,Card,2,5.0,No,172.44,172.44,98.29,74.15
ORD100316,2025-08-29,C0176,45-54,Female,Khirdalan,Beauty,Face Serum,4,53.0,5,Card,3,4.8,No,212.0,201.4,101.76,99.64
ORD102584,2025-08-29,C0817,35-44,Female,Shaki,Fashion,Handbag,1,18.23,10,Card,4,4.9,No,18.23,16.41,10.03,6.38
ORD102771,2025-08-30,C0279,35-44,Female,Shaki,Books,Novel,1,11.81,0,Digital Wallet,2,5.0,No,11.81,11.81,5.9,5.91
ORD102088,2025-08-30,C0141,25-34,Male,Ganja,Beauty,Shampoo,2,24.7,0,Card,5,3.9,No,49.4,49.4,23.71,25.69
ORD103000,2025-08-30,C0778,25-34,Male,Baku,Sports,Resistance Bands,2,87.79,15,Card,2,4.6,No,175.58,149.24,100.08,49.16
ORD100446,2025-08-30,C0460,18-24,Female,Baku,Books,Novel,1,13.67,0,Card,4,4.1,No,13.67,13.67,6.84,6.83
ORD101959,2025-08-30,C0269,25-34,Female,Sumgayit,Electronics,Bluetooth Speaker,1,60.68,10,Cash on Delivery,4,4.3,No,60.68,54.61,43.69,10.92
ORD100372,2025-08-30,C0591,18-24,Female,Baku,Beauty,Perfume,1,14.39,0,Card,2,4.4,No,14.39,14.39,6.91,7.48
ORD100156,2025-08-30,C0173,45-54,Female,Sumgayit,Fashion,T-shirt,3,29.84,0,Cash on Delivery,5,4.2,No,89.52,89.52,49.24,40.28
ORD100255,2025-08-30,C0044,45-54,Female,Shaki,Fashion,Jeans,3,129.35,0,Card,5,4.0,Yes,388.05,0.0,38.4174,-38.42
ORD102242,2025-08-31,C0696,35-44,Female,Khirdalan,Electronics,Power Bank,1,269.7,0,Cash on Delivery,2,4.5,No,269.7,269.7,194.18,75.52
ORD100822,2025-08-31,C0473,35-44,Male,Baku,Electronics,Wireless Earbuds,3,264.43,0,Card,4,3.7,No,793.29,793.29,571.17,222.12
ORD100819,2025-08-31,C0779,25-34,Male,Sumgayit,Beauty,Shampoo,1,20.5,0,Card,3,4.8,No,20.5,20.5,9.84,10.66
ORD100108,2025-08-31,C0438,55+,Female,Baku,Fashion,Handbag,1,33.77,0,Card,5,3.6,No,33.77,33.77,18.57,15.2
ORD100479,2025-08-31,C0229,35-44,Female,Sumgayit,Home & Kitchen,Cookware Set,1,69.36,20,Card,4,4.9,No,69.36,55.49,43.0,12.49
ORD101648,2025-08-31,C0333,25-34,Female,Baku,Home & Kitchen,Coffee Maker,3,97.0,10,Card,1,4.6,No,291.0,261.9,180.42,81.48
ORD102877,2025-08-31,C0383,55+,Male,Baku,Home & Kitchen,Storage Box,2,195.93,15,Card,4,3.8,No,391.86,333.08,242.95,90.13
ORD100237,2025-08-31,C0748,18-24,Male,Ganja,Books,Data Analytics Book,1,23.57,10,Cash on Delivery,4,5.0,No,23.57,21.21,11.78,9.43
ORD100162,2025-08-31,C0425,25-34,Male,Ganja,Home & Kitchen,Storage Box,3,132.37,10,Card,3,4.6,No,397.11,357.4,246.21,111.19
ORD102722,2025-09-01,C0851,18-24,Female,Baku,Electronics,Bluetooth Speaker,1,155.78,0,Card,4,4.5,No,155.78,155.78,112.16,43.62
ORD102102,2025-09-01,C0411,35-44,Male,Lankaran,Electronics,Smart Watch,1,79.02,0,Cash on Delivery,2,4.9,No,79.02,79.02,56.89,22.13
ORD101049,2025-09-01,C0737,35-44,Male,Baku,Fashion,Sneakers,4,80.22,20,Digital Wallet,4,5.0,No,320.88,256.7,176.48,80.22
ORD100122,2025-09-01,C0053,25-34,Female,Ganja,Beauty,Body Lotion,4,40.97,10,Card,6,3.8,No,163.88,147.49,78.66,68.83
ORD102563,2025-09-01,C0222,55+,Male,Baku,Electronics,Keyboard,1,247.44,20,Digital Wallet,5,4.3,No,247.44,197.95,178.16,19.79
ORD100311,2025-09-01,C0528,25-34,Male,Mingachevir,Fashion,Handbag,1,37.13,15,Cash on Delivery,4,4.1,No,37.13,31.56,20.42,11.14
ORD102084,2025-09-01,C0842,25-34,Male,Ganja,Home & Kitchen,Desk Lamp,2,135.49,5,Digital Wallet,4,4.0,No,270.98,257.43,168.01,89.42
ORD102616,2025-09-02,C0497,45-54,Male,Sumgayit,Fashion,Jeans,1,95.33,0,Cash on Delivery,5,3.9,No,95.33,95.33,52.43,42.9
ORD100859,2025-09-02,C0023,25-34,Male,Baku,Books,Novel,1,15.96,10,Cash on Delivery,4,4.1,No,15.96,14.36,7.98,6.38
ORD100641,2025-09-02,C0018,18-24,Female,Ganja,Books,Novel,2,8.88,5,Card,4,4.6,No,17.76,16.87,8.88,7.99
ORD100736,2025-09-02,C0122,18-24,Female,Baku,Sports,Dumbbell Set,2,127.29,20,Cash on Delivery,5,4.9,No,254.58,203.66,145.11,58.55
ORD101132,2025-09-02,C0115,18-24,Male,Khirdalan,Beauty,Shampoo,1,66.57,10,Digital Wallet,5,4.2,No,66.57,59.91,31.95,27.96
ORD100283,2025-09-02,C0548,25-34,Male,Baku,Fashion,T-shirt,1,65.52,20,Digital Wallet,1,4.7,No,65.52,52.42,36.04,16.38
ORD101613,2025-09-02,C0341,25-34,Male,Sumgayit,Home & Kitchen,Coffee Maker,3,153.58,10,Card,5,3.9,No,460.74,414.67,285.66,129.01
ORD100080,2025-09-02,C0785,35-44,Female,Sumgayit,Sports,Dumbbell Set,1,113.03,5,Card,6,3.7,No,113.03,107.38,64.43,42.95
ORD101306,2025-09-03,C0046,35-44,Male,Baku,Fashion,Jacket,2,73.2,0,Cash on Delivery,3,4.0,No,146.4,146.4,80.52,65.88
ORD102932,2025-09-03,C0373,25-34,Male,Mingachevir,Books,Novel,2,18.41,0,Card,5,3.7,No,36.82,36.82,18.41,18.41
ORD101427,2025-09-03,C0122,18-24,Female,Lankaran,Home & Kitchen,Storage Box,1,218.53,20,Card,4,4.0,No,218.53,174.82,135.49,39.33
ORD102280,2025-09-03,C0822,18-24,Male,Baku,Books,Data Analytics Book,1,19.89,5,Card,4,3.9,No,19.89,18.9,9.94,8.96
ORD102659,2025-09-03,C0107,25-34,Female,Baku,Beauty,Shampoo,1,57.93,0,Card,2,4.0,No,57.93,57.93,27.81,30.12
ORD100312,2025-09-03,C0172,35-44,Female,Khirdalan,Beauty,Body Lotion,2,81.91,5,Digital Wallet,5,4.5,No,163.82,155.63,78.63,77.0
ORD102817,2025-09-03,C0347,55+,Female,Baku,Books,Data Analytics Book,2,39.95,10,Cash on Delivery,1,5.0,No,79.9,71.91,39.95,31.96
ORD101813,2025-09-03,C0305,45-54,Male,Mingachevir,Beauty,Shampoo,1,69.62,10,Cash on Delivery,3,4.9,No,69.62,62.66,33.42,29.24
ORD101274,2025-09-04,C0100,45-54,Male,Baku,Electronics,Wireless Earbuds,1,93.66,0,Cash on Delivery,3,4.5,No,93.66,93.66,67.44,26.22
ORD102438,2025-09-04,C0667,25-34,Male,Shaki,Home & Kitchen,Coffee Maker,1,179.72,10,Card,4,3.7,No,179.72,161.75,111.43,50.32
ORD102112,2025-09-04,C0335,25-34,Female,Mingachevir,Fashion,Jeans,1,49.74,5,Cash on Delivery,2,4.8,No,49.74,47.25,27.36,19.89
ORD101329,2025-09-04,C0058,35-44,Male,Lankaran,Sports,Running Bottle,1,44.66,0,Card,4,3.1,No,44.66,44.66,25.46,19.2
ORD101424,2025-09-04,C0268,45-54,Female,Baku,Home & Kitchen,Cookware Set,1,119.28,5,Card,2,4.5,No,119.28,113.32,73.95,39.37
ORD101071,2025-09-04,C0588,18-24,Female,Baku,Electronics,Smart Watch,1,198.01,10,Card,4,3.9,No,198.01,178.21,142.57,35.64
ORD100711,2025-09-05,C0143,45-54,Female,Sumgayit,Books,Business Book,3,13.72,10,Digital Wallet,4,4.1,No,41.16,37.04,20.58,16.46
ORD100257,2025-09-05,C0573,45-54,Female,Sumgayit,Electronics,Power Bank,1,194.47,10,Cash on Delivery,4,4.4,No,194.47,175.02,140.02,35.0
ORD101298,2025-09-05,C0652,18-24,Male,Baku,Fashion,Jeans,1,27.67,0,Digital Wallet,2,4.6,No,27.67,27.67,15.22,12.45
ORD101327,2025-09-05,C0867,55+,Female,Shaki,Beauty,Body Lotion,1,92.28,15,Cash on Delivery,4,3.7,No,92.28,78.44,44.29,34.15
ORD100049,2025-09-05,C0810,35-44,Female,Baku,Fashion,Jacket,5,50.47,5,Cash on Delivery,5,4.0,No,252.35,239.73,138.79,100.94
ORD101668,2025-09-05,C0229,18-24,Female,Baku,Electronics,Wireless Earbuds,1,125.13,15,Cash on Delivery,3,4.5,No,125.13,106.36,90.09,16.27
ORD100416,2025-09-05,C0873,25-34,Male,Khirdalan,Fashion,Jacket,2,37.21,20,Card,5,4.1,No,74.42,59.54,40.93,18.61
ORD102034,2025-09-05,C0684,25-34,Male,Sumgayit,Electronics,Wireless Earbuds,1,113.24,5,Card,4,3.5,No,113.24,107.58,81.53,26.05
ORD102632,2025-09-06,C0502,25-34,Female,Baku,Home & Kitchen,Storage Box,1,123.4,0,Cash on Delivery,3,4.4,No,123.4,123.4,76.51,46.89
ORD100550,2025-09-06,C0714,18-24,Female,Baku,Fashion,T-shirt,1,52.16,5,Cash on Delivery,3,3.8,Yes,52.16,0.0,5.1642,-5.16
ORD102468,2025-09-06,C0337,18-24,Female,Ganja,Electronics,Keyboard,1,158.27,0,Card,8,3.5,Yes,158.27,0.0,20.511,-20.51
ORD102285,2025-09-06,C0600,25-34,Female,Ganja,Beauty,Lipstick,3,18.99,5,Digital Wallet,4,3.5,No,56.97,54.12,27.35,26.77
ORD101973,2025-09-06,C0588,25-34,Male,Sumgayit,Beauty,Lipstick,3,54.62,0,Digital Wallet,6,4.2,No,163.86,163.86,78.65,85.21
ORD101703,2025-09-06,C0685,55+,Female,Sumgayit,Books,Data Analytics Book,1,28.44,0,Card,2,4.3,No,28.44,28.44,14.22,14.22
ORD100827,2025-09-06,C0107,35-44,Female,Lankaran,Fashion,Jeans,3,19.83,15,Card,2,4.1,No,59.49,50.57,32.72,17.85
ORD100098,2025-09-07,C0232,25-34,Female,Khirdalan,Electronics,Bluetooth Speaker,1,166.7,0,Cash on Delivery,3,4.0,No,166.7,166.7,120.02,46.68
ORD101696,2025-09-07,C0320,45-54,Male,Mingachevir,Fashion,Handbag,1,89.27,0,Card,1,3.7,Yes,89.27,0.0,8.838,-8.84
ORD100813,2025-09-07,C0619,55+,Female,Baku,Fashion,Sneakers,2,59.25,0,Card,6,3.2,Yes,118.5,0.0,11.7324,-11.73
ORD100060,2025-09-07,C0345,45-54,Male,Khirdalan,Sports,Football,3,116.64,5,Card,3,4.2,No,349.92,332.42,199.45,132.97
ORD101780,2025-09-07,C0777,18-24,Female,Sumgayit,Electronics,Keyboard,1,208.14,5,Card,6,4.2,No,208.14,197.73,149.86,47.87
ORD100191,2025-09-07,C0604,18-24,Male,Khirdalan,Sports,Yoga Mat,1,111.09,10,Card,2,4.7,No,111.09,99.98,63.32,36.66
ORD101510,2025-09-07,C0042,25-34,Female,Baku,Home & Kitchen,Storage Box,2,136.73,10,Card,2,4.5,Yes,273.46,0.0,30.519000000000002,-30.52
ORD102267,2025-09-07,C0733,18-24,Male,Baku,Beauty,Face Serum,2,89.4,15,Card,4,4.5,No,178.8,151.98,85.82,66.16
ORD102136,2025-09-08,C0877,25-34,Female,Sumgayit,Electronics,Wireless Earbuds,4,137.75,5,Digital Wallet,3,4.3,No,551.0,523.45,396.72,126.73
ORD101547,2025-09-08,C0486,18-24,Female,Shaki,Beauty,Body Lotion,2,55.22,20,Card,6,4.1,No,110.44,88.35,53.01,35.34
ORD100636,2025-09-08,C0806,25-34,Male,Sumgayit,Beauty,Shampoo,1,32.35,10,Digital Wallet,4,2.8,Yes,32.35,0.0,2.7954,-2.8
ORD102256,2025-09-08,C0542,25-34,Female,Baku,Fashion,Handbag,1,42.46,20,Card,2,4.5,Yes,42.46,0.0,4.203,-4.2
ORD100075,2025-09-08,C0604,35-44,Female,Khirdalan,Electronics,Power Bank,2,233.66,5,Card,2,4.8,No,467.32,443.95,336.47,107.48
ORD100615,2025-09-08,C0658,35-44,Female,Baku,Electronics,Bluetooth Speaker,1,276.4,0,Cash on Delivery,3,4.2,No,276.4,276.4,199.01,77.39
ORD101062,2025-09-08,C0554,35-44,Female,Ganja,Home & Kitchen,Coffee Maker,1,22.47,20,Card,5,4.6,Yes,22.47,0.0,2.5074,-2.51
ORD100788,2025-09-08,C0157,55+,Female,Baku,Sports,Dumbbell Set,1,96.87,10,Card,1,4.8,No,96.87,87.18,55.22,31.96
ORD100587,2025-09-09,C0283,35-44,Female,Mingachevir,Fashion,Jeans,1,18.43,0,Card,4,4.2,No,18.43,18.43,10.14,8.29
ORD102718,2025-09-09,C0292,35-44,Female,Baku,Electronics,Power Bank,2,48.75,10,Card,6,4.1,Yes,97.5,0.0,12.636,-12.64
ORD101149,2025-09-09,C0696,35-44,Female,Baku,Home & Kitchen,Desk Lamp,1,165.66,5,Card,2,4.2,No,165.66,157.38,102.71,54.67
ORD101614,2025-09-10,C0713,25-34,Female,Baku,Home & Kitchen,Blender,1,103.05,10,Cash on Delivery,5,4.6,No,103.05,92.74,63.89,28.85
ORD102517,2025-09-10,C0724,25-34,Female,Baku,Fashion,Jacket,5,131.3,10,Card,6,4.2,No,656.5,590.85,361.08,229.77
ORD101183,2025-09-10,C0595,25-34,Male,Baku,Electronics,Wireless Earbuds,1,204.04,0,Card,4,3.5,No,204.04,204.04,146.91,57.13
ORD100941,2025-09-10,C0595,45-54,Female,Shaki,Books,Data Analytics Book,3,34.2,10,Card,4,4.9,No,102.6,92.34,51.3,41.04
ORD100422,2025-09-11,C0141,18-24,Female,Khirdalan,Fashion,Handbag,1,82.39,0,Card,1,4.2,No,82.39,82.39,45.31,37.08
ORD100666,2025-09-11,C0102,25-34,Male,Baku,Fashion,Handbag,2,105.31,5,Cash on Delivery,3,5.0,No,210.62,200.09,115.84,84.25
ORD101472,2025-09-12,C0781,35-44,Male,Sumgayit,Home & Kitchen,Storage Box,2,182.79,10,Cash on Delivery,4,3.4,No,365.58,329.02,226.66,102.36
ORD100175,2025-09-12,C0109,45-54,Male,Baku,Sports,Football,3,62.21,20,Card,4,3.0,No,186.63,149.3,106.38,42.92
ORD100866,2025-09-12,C0394,55+,Male,Quba,Home & Kitchen,Storage Box,1,90.9,15,Card,2,4.5,No,90.9,77.26,56.36,20.9
ORD100008,2025-09-12,C0666,18-24,Female,Baku,Beauty,Shampoo,1,82.6,15,Digital Wallet,4,4.1,No,82.6,70.21,39.65,30.56
ORD102075,2025-09-12,C0717,25-34,Female,Baku,Fashion,Sneakers,4,138.13,5,Card,3,4.2,No,552.52,524.89,303.89,221.0
ORD100875,2025-09-12,C0027,35-44,Male,Sumgayit,Fashion,Jeans,1,45.63,5,Digital Wallet,2,4.1,No,45.63,43.35,25.1,18.25
ORD100184,2025-09-12,C0370,55+,Male,Sumgayit,Fashion,Jacket,5,98.59,10,Cash on Delivery,3,4.5,No,492.95,443.66,271.12,172.54
ORD101733,2025-09-13,C0606,25-34,Female,Shaki,Beauty,Perfume,2,38.42,5,Cash on Delivery,4,3.2,No,76.84,73.0,36.88,36.12
ORD101348,2025-09-13,C0463,18-24,Male,Ganja,Electronics,Wireless Earbuds,2,151.8,10,Cash on Delivery,4,4.3,No,303.6,273.24,218.59,54.65
ORD100932,2025-09-13,C0557,35-44,Male,Mingachevir,Home & Kitchen,Coffee Maker,2,164.61,5,Card,4,4.6,No,329.22,312.76,204.12,108.64
ORD100204,2025-09-13,C0632,55+,Female,Sumgayit,Home & Kitchen,Blender,1,57.2,15,Cash on Delivery,2,4.8,No,57.2,48.62,35.46,13.16
ORD102181,2025-09-13,C0877,45-54,Male,Ganja,Home & Kitchen,Desk Lamp,1,70.93,5,Cash on Delivery,5,4.0,No,70.93,67.38,43.98,23.4
ORD102375,2025-09-13,C0090,25-34,Male,Ganja,Books,Psychology Book,1,31.52,0,Card,4,3.8,No,31.52,31.52,15.76,15.76
ORD100086,2025-09-13,C0755,45-54,Male,Quba,Books,Language Book,1,37.61,10,Cash on Delivery,4,4.6,No,37.61,33.85,18.8,15.05
ORD102141,2025-09-13,C0604,18-24,Male,Baku,Fashion,T-shirt,1,52.48,5,Digital Wallet,5,4.6,No,52.48,49.86,28.86,21.0
ORD101303,2025-09-13,C0234,35-44,Male,Baku,Electronics,Wireless Earbuds,2,250.37,20,Card,2,4.8,No,500.74,400.59,360.53,40.06
ORD100043,2025-09-13,C0137,55+,Female,Baku,Fashion,Jacket,1,113.07,15,Card,4,4.8,No,113.07,96.11,62.19,33.92
ORD102211,2025-09-13,C0695,25-34,Male,Ganja,Sports,Football,2,62.58,10,Cash on Delivery,4,4.5,No,125.16,112.64,71.34,41.3
ORD102501,2025-09-13,C0879,35-44,Female,Ganja,Home & Kitchen,Cookware Set,1,23.66,0,Card,2,4.0,No,23.66,23.66,14.67,8.99
ORD101595,2025-09-14,C0569,35-44,Female,Baku,Beauty,Lipstick,2,62.38,10,Card,5,4.0,No,124.76,112.28,59.88,52.4
ORD102120,2025-09-14,C0019,35-44,Male,Sumgayit,Books,Business Book,2,34.84,0,Cash on Delivery,5,3.9,No,69.68,69.68,34.84,34.84
ORD101194,2025-09-14,C0765,45-54,Male,Baku,Books,Psychology Book,1,26.23,5,Cash on Delivery,5,4.1,No,26.23,24.92,13.12,11.8
ORD100982,2025-09-14,C0208,55+,Female,Lankaran,Fashion,T-shirt,1,135.8,0,Card,5,3.7,No,135.8,135.8,74.69,61.11
ORD100223,2025-09-14,C0647,18-24,Female,Baku,Home & Kitchen,Desk Lamp,1,133.01,10,Cash on Delivery,4,4.0,No,133.01,119.71,82.47,37.24
ORD101539,2025-09-15,C0572,18-24,Female,Sumgayit,Electronics,Wireless Earbuds,1,66.67,0,Card,2,4.4,No,66.67,66.67,48.0,18.67
ORD102155,2025-09-15,C0851,25-34,Female,Baku,Fashion,Jacket,1,94.12,5,Digital Wallet,3,5.0,No,94.12,89.41,51.77,37.64
ORD101041,2025-09-15,C0454,35-44,Male,Baku,Beauty,Shampoo,1,66.11,20,Digital Wallet,5,3.8,No,66.11,52.89,31.73,21.16
ORD101064,2025-09-15,C0467,35-44,Female,Baku,Beauty,Body Lotion,1,15.26,20,Card,2,4.4,No,15.26,12.21,7.32,4.89
ORD102774,2025-09-15,C0657,35-44,Female,Ganja,Sports,Dumbbell Set,2,100.79,0,Card,2,5.0,No,201.58,201.58,114.9,86.68
ORD102707,2025-09-15,C0704,25-34,Female,Sumgayit,Electronics,Keyboard,1,66.51,0,Card,3,4.5,No,66.51,66.51,47.89,18.62
ORD102842,2025-09-15,C0164,45-54,Female,Baku,Electronics,Power Bank,3,68.66,5,Card,1,4.8,No,205.98,195.68,148.31,47.37
ORD100110,2025-09-15,C0660,35-44,Female,Baku,Beauty,Perfume,1,61.03,0,Cash on Delivery,2,4.6,No,61.03,61.03,29.29,31.74
ORD100541,2025-09-16,C0751,18-24,Female,Sumgayit,Fashion,T-shirt,5,126.86,0,Card,4,4.5,No,634.3,634.3,348.86,285.44
ORD100906,2025-09-16,C0306,45-54,Male,Ganja,Fashion,Sneakers,2,117.69,15,Card,4,4.1,No,235.38,200.07,129.46,70.61
ORD102820,2025-09-16,C0686,35-44,Female,Sumgayit,Fashion,T-shirt,1,127.35,5,Card,5,4.3,No,127.35,120.98,70.04,50.94
ORD101045,2025-09-16,C0325,18-24,Male,Sumgayit,Beauty,Shampoo,1,91.77,20,Cash on Delivery,4,3.5,No,91.77,73.42,44.05,29.37
ORD102799,2025-09-16,C0625,35-44,Male,Quba,Beauty,Body Lotion,1,21.53,15,Card,3,5.0,No,21.53,18.3,10.33,7.97
ORD101600,2025-09-16,C0688,35-44,Male,Baku,Electronics,Wireless Earbuds,3,182.0,10,Cash on Delivery,1,4.0,No,546.0,491.4,393.12,98.28
ORD102408,2025-09-17,C0308,35-44,Male,Baku,Books,Psychology Book,1,34.37,10,Card,2,4.7,No,34.37,30.93,17.18,13.75
ORD101522,2025-09-17,C0274,25-34,Female,Baku,Home & Kitchen,Storage Box,2,90.36,15,Card,2,4.5,No,180.72,153.61,112.05,41.56
ORD101894,2025-09-17,C0045,35-44,Male,Mingachevir,Electronics,Keyboard,1,71.67,5,Card,3,4.7,No,71.67,68.09,51.6,16.49
ORD101317,2025-09-17,C0139,45-54,Female,Shaki,Fashion,Sneakers,1,124.06,0,Cash on Delivery,4,4.3,No,124.06,124.06,68.23,55.83
ORD100892,2025-09-17,C0269,25-34,Male,Baku,Home & Kitchen,Blender,1,84.36,15,Cash on Delivery,2,3.9,No,84.36,71.71,52.3,19.41
ORD101077,2025-09-17,C0515,18-24,Female,Baku,Home & Kitchen,Desk Lamp,1,65.55,5,Card,2,5.0,No,65.55,62.27,40.64,21.63
ORD102245,2025-09-17,C0706,18-24,Female,Baku,Electronics,Power Bank,3,266.25,0,Cash on Delivery,2,4.0,No,798.75,798.75,575.1,223.65
ORD102295,2025-09-18,C0309,25-34,Female,Ganja,Beauty,Body Lotion,1,68.49,5,Card,5,3.8,No,68.49,65.07,32.88,32.19
ORD102055,2025-09-18,C0075,45-54,Male,Ganja,Fashion,T-shirt,1,132.18,5,Card,5,4.7,No,132.18,125.57,72.7,52.87
ORD101197,2025-09-18,C0151,55+,Female,Sumgayit,Sports,Running Bottle,1,27.42,15,Card,4,4.3,No,27.42,23.31,15.63,7.68
ORD102353,2025-09-18,C0601,25-34,Male,Sumgayit,Fashion,Jacket,1,116.53,5,Card,4,3.6,Yes,116.53,0.0,11.536200000000001,-11.54
ORD101276,2025-09-18,C0126,55+,Male,Khirdalan,Fashion,T-shirt,1,110.33,20,Card,3,4.8,No,110.33,88.26,60.68,27.58
ORD102981,2025-09-19,C0101,35-44,Male,Quba,Beauty,Lipstick,1,55.26,0,Digital Wallet,2,4.5,No,55.26,55.26,26.52,28.74
ORD101332,2025-09-19,C0668,18-24,Male,Baku,Beauty,Lipstick,3,85.28,5,Cash on Delivery,4,3.7,No,255.84,243.05,122.8,120.25
ORD101675,2025-09-19,C0417,25-34,Female,Baku,Home & Kitchen,Storage Box,4,113.6,5,Card,1,4.3,No,454.4,431.68,281.73,149.95
ORD100212,2025-09-19,C0591,55+,Female,Sumgayit,Fashion,Sneakers,1,109.5,0,Card,1,4.2,No,109.5,109.5,60.22,49.28
ORD100177,2025-09-19,C0865,25-34,Female,Lankaran,Home & Kitchen,Coffee Maker,1,161.36,5,Card,5,4.3,No,161.36,153.29,100.04,53.25
ORD102941,2025-09-19,C0800,35-44,Male,Baku,Electronics,Smart Watch,1,68.89,5,Card,4,5.0,Yes,68.89,0.0,8.927999999999999,-8.93
ORD100774,2025-09-19,C0411,25-34,Female,Sumgayit,Sports,Yoga Mat,1,127.3,0,Card,4,4.4,Yes,127.3,0.0,13.0608,-13.06
ORD100015,2025-09-19,C0424,25-34,Male,Khirdalan,Books,Language Book,5,12.46,5,Card,2,4.1,No,62.3,59.18,31.15,28.03
ORD100430,2025-09-19,C0380,55+,Male,Lankaran,Beauty,Shampoo,3,21.6,5,Cash on Delivery,3,5.0,No,64.8,61.56,31.1,30.46
ORD101903,2025-09-20,C0363,25-34,Male,Baku,Beauty,Face Serum,1,90.34,10,Card,3,4.9,No,90.34,81.31,43.36,37.95
ORD102019,2025-09-20,C0061,25-34,Male,Baku,Beauty,Face Serum,1,38.14,5,Cash on Delivery,2,4.4,No,38.14,36.23,18.31,17.92
ORD102969,2025-09-20,C0219,25-34,Female,Baku,Books,Psychology Book,1,41.78,10,Card,4,3.7,No,41.78,37.6,20.89,16.71
ORD100395,2025-09-20,C0165,45-54,Male,Baku,Fashion,T-shirt,2,91.34,0,Card,2,5.0,No,182.68,182.68,100.47,82.21
ORD102064,2025-09-20,C0502,25-34,Male,Baku,Electronics,Keyboard,1,220.2,5,Card,1,4.2,No,220.2,209.19,158.54,50.65
ORD102131,2025-09-20,C0456,25-34,Male,Baku,Electronics,Bluetooth Speaker,1,194.19,15,Digital Wallet,4,4.1,No,194.19,165.06,139.82,25.24
ORD100236,2025-09-20,C0461,55+,Female,Baku,Home & Kitchen,Desk Lamp,1,35.02,15,Digital Wallet,4,4.0,No,35.02,29.77,21.71,8.06
ORD102985,2025-09-20,C0268,25-34,Female,Baku,Sports,Running Bottle,1,82.43,15,Cash on Delivery,4,4.0,No,82.43,70.07,46.99,23.08
ORD101750,2025-09-20,C0471,25-34,Female,Baku,Beauty,Lipstick,1,79.01,5,Card,2,4.9,No,79.01,75.06,37.92,37.14
ORD101641,2025-09-21,C0141,55+,Male,Baku,Fashion,Jacket,2,21.77,0,Card,3,4.3,Yes,43.54,0.0,4.311,-4.31
ORD100697,2025-09-21,C0243,25-34,Female,Baku,Electronics,Power Bank,1,119.02,10,Digital Wallet,2,5.0,No,119.02,107.12,85.69,21.43
ORD102938,2025-09-21,C0660,55+,Female,Quba,Fashion,Handbag,5,20.17,0,Cash on Delivery,3,3.7,No,100.85,100.85,55.47,45.38
ORD101119,2025-09-21,C0682,18-24,Female,Ganja,Sports,Football,1,39.13,5,Digital Wallet,4,4.3,No,39.13,37.17,22.3,14.87
ORD100225,2025-09-21,C0320,55+,Male,Baku,Beauty,Face Serum,1,53.33,0,Card,3,4.2,No,53.33,53.33,25.6,27.73
ORD102598,2025-09-21,C0507,35-44,Female,Baku,Home & Kitchen,Storage Box,1,149.89,0,Digital Wallet,1,4.2,No,149.89,149.89,92.93,56.96
ORD100793,2025-09-21,C0185,25-34,Female,Sumgayit,Home & Kitchen,Coffee Maker,1,162.87,5,Digital Wallet,3,4.2,No,162.87,154.73,100.98,53.75
ORD100727,2025-09-21,C0865,25-34,Female,Khirdalan,Home & Kitchen,Blender,1,26.91,15,Card,2,4.6,No,26.91,22.87,16.68,6.19
ORD101208,2025-09-21,C0545,45-54,Female,Baku,Fashion,Handbag,1,22.94,15,Card,1,4.6,Yes,22.94,0.0,2.2716,-2.27
ORD102793,2025-09-21,C0268,45-54,Male,Baku,Electronics,Smart Watch,2,116.05,15,Card,4,4.2,No,232.1,197.28,167.11,30.17
ORD100174,2025-09-21,C0288,18-24,Female,Sumgayit,Electronics,Power Bank,1,139.89,5,Cash on Delivery,4,4.5,No,139.89,132.9,100.72,32.18
ORD102859,2025-09-22,C0034,18-24,Female,Sumgayit,Beauty,Perfume,2,31.52,0,Card,3,3.7,No,63.04,63.04,30.26,32.78
ORD101598,2025-09-22,C0462,35-44,Female,Sumgayit,Fashion,Sneakers,1,103.85,15,Card,1,4.7,No,103.85,88.27,57.12,31.15
ORD100461,2025-09-22,C0803,18-24,Male,Baku,Home & Kitchen,Coffee Maker,3,64.99,10,Cash on Delivery,1,4.5,No,194.97,175.47,120.88,54.59
ORD101137,2025-09-22,C0511,35-44,Female,Mingachevir,Beauty,Perfume,2,21.56,0,Digital Wallet,3,3.9,No,43.12,43.12,20.7,22.42
ORD102855,2025-09-22,C0079,18-24,Female,Baku,Books,Psychology Book,1,28.24,15,Cash on Delivery,3,4.2,No,28.24,24.0,14.12,9.88
ORD101670,2025-09-22,C0364,25-34,Female,Baku,Home & Kitchen,Cookware Set,1,122.34,10,Card,2,4.8,No,122.34,110.11,75.85,34.26
ORD100681,2025-09-22,C0110,35-44,Female,Mingachevir,Sports,Yoga Mat,2,89.94,20,Cash on Delivery,3,4.3,No,179.88,143.9,102.53,41.37
ORD100676,2025-09-22,C0156,18-24,Female,Khirdalan,Beauty,Face Serum,1,21.66,0,Card,1,4.8,No,21.66,21.66,10.4,11.26
ORD102067,2025-09-22,C0254,55+,Male,Ganja,Sports,Resistance Bands,3,27.04,20,Card,4,4.1,No,81.12,64.9,46.24,18.66
ORD101785,2025-09-23,C0773,25-34,Female,Baku,Electronics,Keyboard,5,127.84,15,Card,4,3.5,No,639.2,543.32,460.22,83.1
ORD102268,2025-09-23,C0055,25-34,Female,Baku,Fashion,T-shirt,2,41.74,15,Card,5,4.7,No,83.48,70.96,45.91,25.05
ORD102018,2025-09-23,C0065,25-34,Female,Baku,Electronics,Bluetooth Speaker,1,208.92,0,Card,3,4.5,No,208.92,208.92,150.42,58.5
ORD101879,2025-09-23,C0283,25-34,Female,Baku,Beauty,Lipstick,1,92.49,10,Card,6,4.1,No,92.49,83.24,44.4,38.84
ORD100318,2025-09-23,C0663,35-44,Male,Ganja,Beauty,Shampoo,1,70.05,5,Card,2,4.5,No,70.05,66.55,33.62,32.93
ORD100713,2025-09-23,C0271,25-34,Male,Baku,Sports,Football,3,48.74,10,Card,4,4.5,No,146.22,131.6,83.35,48.25
ORD102573,2025-09-24,C0667,35-44,Male,Khirdalan,Fashion,Jeans,1,115.91,0,Cash on Delivery,6,4.1,No,115.91,115.91,63.75,52.16
ORD102709,2025-09-24,C0390,25-34,Female,Mingachevir,Beauty,Shampoo,1,13.01,5,Cash on Delivery,4,3.6,No,13.01,12.36,6.24,6.12
ORD100737,2025-09-24,C0029,35-44,Male,Sumgayit,Electronics,Smart Watch,1,38.61,0,Card,1,4.5,No,38.61,38.61,27.8,10.81
ORD102691,2025-09-24,C0607,35-44,Female,Ganja,Electronics,Wireless Earbuds,1,158.97,15,Card,5,4.6,No,158.97,135.12,114.46,20.66
ORD100731,2025-09-24,C0103,25-34,Female,Shaki,Fashion,Jeans,1,116.35,15,Card,5,4.0,No,116.35,98.9,63.99,34.91
ORD100317,2025-09-24,C0277,35-44,Female,Baku,Sports,Resistance Bands,3,74.72,15,Cash on Delivery,3,5.0,No,224.16,190.54,127.77,62.77
ORD101033,2025-09-24,C0196,18-24,Female,Lankaran,Home & Kitchen,Blender,2,61.98,0,Card,2,4.6,No,123.96,123.96,76.86,47.1
ORD100760,2025-09-24,C0338,25-34,Female,Sumgayit,Beauty,Perfume,1,30.69,5,Card,4,4.0,No,30.69,29.16,14.73,14.43
ORD101724,2025-09-24,C0624,35-44,Male,Ganja,Home & Kitchen,Coffee Maker,1,99.84,10,Card,6,3.7,No,99.84,89.86,61.9,27.96
ORD101232,2025-09-25,C0774,25-34,Female,Baku,Fashion,Jeans,2,45.09,5,Digital Wallet,3,4.6,No,90.18,85.67,49.6,36.07
ORD101714,2025-09-25,C0848,45-54,Male,Baku,Home & Kitchen,Desk Lamp,1,67.15,5,Card,6,3.4,No,67.15,63.79,41.63,22.16
ORD102965,2025-09-25,C0132,18-24,Female,Baku,Electronics,Smart Watch,1,125.32,5,Card,2,3.4,No,125.32,119.05,90.23,28.82
ORD101009,2025-09-25,C0793,25-34,Male,Baku,Beauty,Body Lotion,1,10.11,10,Card,3,5.0,No,10.11,9.1,4.85,4.25
ORD101573,2025-09-25,C0502,35-44,Female,Mingachevir,Sports,Yoga Mat,1,20.93,20,Cash on Delivery,5,4.6,No,20.93,16.74,11.93,4.81
ORD101218,2025-09-25,C0722,25-34,Male,Mingachevir,Books,Data Analytics Book,1,34.48,5,Card,2,3.2,No,34.48,32.76,17.24,15.52
ORD102087,2025-09-25,C0615,18-24,Female,Quba,Fashion,Jacket,2,132.63,0,Card,4,4.4,No,265.26,265.26,145.89,119.37
ORD100215,2025-09-26,C0294,55+,Male,Baku,Fashion,Jeans,1,48.22,5,Card,3,4.2,Yes,48.22,0.0,4.7736,-4.77
ORD100377,2025-09-26,C0488,25-34,Male,Baku,Fashion,Jacket,5,54.12,0,Digital Wallet,4,4.0,No,270.6,270.6,148.83,121.77
ORD101591,2025-09-26,C0539,35-44,Female,Khirdalan,Sports,Resistance Bands,1,55.79,0,Digital Wallet,5,3.8,Yes,55.79,0.0,5.724,-5.72
ORD102057,2025-09-26,C0739,45-54,Female,Baku,Beauty,Face Serum,1,59.06,5,Cash on Delivery,5,4.4,No,59.06,56.11,28.35,27.76
ORD101349,2025-09-26,C0576,25-34,Female,Baku,Sports,Running Bottle,1,43.19,10,Digital Wallet,3,4.6,Yes,43.19,0.0,4.4316,-4.43
ORD100557,2025-09-26,C0413,25-34,Female,Lankaran,Books,Psychology Book,1,39.6,0,Digital Wallet,3,4.6,No,39.6,39.6,19.8,19.8
ORD102400,2025-09-26,C0072,18-24,Female,Lankaran,Electronics,Wireless Earbuds,5,229.96,10,Card,5,4.2,No,1149.8,1034.82,827.86,206.96
ORD100631,2025-09-26,C0431,45-54,Female,Baku,Fashion,T-shirt,2,100.63,0,Cash on Delivery,3,4.5,Yes,201.26,0.0,19.9242,-19.92
ORD100662,2025-09-26,C0443,25-34,Male,Baku,Fashion,Jacket,2,125.79,0,Cash on Delivery,3,5.0,No,251.58,251.58,138.37,113.21
ORD101002,2025-09-26,C0653,25-34,Female,Baku,Home & Kitchen,Cookware Set,2,200.31,10,Card,6,3.4,No,400.62,360.56,248.38,112.18
ORD100013,2025-09-26,C0787,25-34,Female,Baku,Home & Kitchen,Storage Box,3,22.03,15,Cash on Delivery,4,3.6,No,66.09,56.18,40.98,15.2
ORD100886,2025-09-26,C0619,35-44,Male,Quba,Sports,Football,3,124.93,15,Cash on Delivery,2,4.6,No,374.79,318.57,213.63,104.94
ORD101860,2025-09-26,C0585,35-44,Female,Baku,Home & Kitchen,Storage Box,1,168.24,15,Cash on Delivery,4,4.2,No,168.24,143.0,104.31,38.69
ORD101449,2025-09-27,C0808,35-44,Male,Baku,Books,Data Analytics Book,1,25.49,15,Card,3,4.0,No,25.49,21.67,12.74,8.93
ORD100739,2025-09-27,C0165,25-34,Female,Baku,Fashion,Jeans,2,114.69,0,Card,1,4.9,No,229.38,229.38,126.16,103.22
ORD100603,2025-09-27,C0291,45-54,Male,Baku,Sports,Yoga Mat,2,44.06,15,Cash on Delivery,3,4.7,No,88.12,74.9,50.23,24.67
ORD101282,2025-09-27,C0314,45-54,Female,Mingachevir,Electronics,Bluetooth Speaker,3,56.04,0,Cash on Delivery,4,3.8,No,168.12,168.12,121.05,47.07
ORD100757,2025-09-27,C0565,35-44,Female,Ganja,Books,Novel,2,37.55,0,Card,5,4.8,No,75.1,75.1,37.55,37.55
ORD102058,2025-09-27,C0051,18-24,Male,Shaki,Books,Language Book,1,19.27,5,Digital Wallet,2,4.5,No,19.27,18.31,9.64,8.67
ORD101602,2025-09-27,C0764,18-24,Male,Sumgayit,Electronics,Power Bank,2,276.21,0,Card,3,4.1,No,552.42,552.42,397.74,154.68
ORD100432,2025-09-27,C0524,35-44,Female,Khirdalan,Home & Kitchen,Coffee Maker,1,108.32,15,Cash on Delivery,1,4.6,No,108.32,92.07,67.16,24.91
ORD100471,2025-09-27,C0234,35-44,Female,Sumgayit,Fashion,Sneakers,2,66.99,10,Card,3,4.9,No,133.98,120.58,73.69,46.89
ORD100805,2025-09-27,C0029,25-34,Female,Ganja,Beauty,Body Lotion,1,85.22,10,Cash on Delivery,1,4.4,Yes,85.22,0.0,7.3637999999999995,-7.36
ORD102344,2025-09-27,C0474,35-44,Female,Baku,Home & Kitchen,Blender,1,90.96,5,Cash on Delivery,3,4.6,No,90.96,86.41,56.4,30.01
ORD101861,2025-09-28,C0898,25-34,Female,Khirdalan,Fashion,T-shirt,1,92.77,5,Cash on Delivery,3,3.7,No,92.77,88.13,51.02,37.11
ORD101281,2025-09-28,C0516,25-34,Female,Baku,Electronics,Bluetooth Speaker,2,211.07,0,Digital Wallet,1,4.2,No,422.14,422.14,303.94,118.2
ORD101394,2025-09-28,C0488,45-54,Female,Khirdalan,Home & Kitchen,Desk Lamp,2,167.66,0,Digital Wallet,4,5.0,No,335.32,335.32,207.9,127.42
ORD101966,2025-09-28,C0737,25-34,Female,Baku,Sports,Dumbbell Set,1,108.07,20,Cash on Delivery,3,5.0,No,108.07,86.46,61.6,24.86
ORD102115,2025-09-28,C0768,25-34,Female,Baku,Home & Kitchen,Desk Lamp,2,45.37,5,Card,1,4.5,No,90.74,86.2,56.26,29.94
ORD101722,2025-09-28,C0527,45-54,Male,Shaki,Sports,Running Bottle,1,113.89,0,Cash on Delivery,4,3.9,No,113.89,113.89,64.92,48.97
ORD101513,2025-09-29,C0524,25-34,Female,Mingachevir,Sports,Resistance Bands,1,19.0,10,Card,4,4.1,Yes,19.0,0.0,1.9494,-1.95
ORD100878,2025-09-29,C0282,55+,Female,Shaki,Home & Kitchen,Storage Box,3,85.65,0,Digital Wallet,4,3.9,Yes,256.95,0.0,28.6758,-28.68
ORD102172,2025-09-29,C0106,45-54,Female,Khirdalan,Home & Kitchen,Blender,2,158.0,0,Cash on Delivery,3,4.5,No,316.0,316.0,195.92,120.08
ORD100062,2025-09-29,C0887,18-24,Male,Baku,Home & Kitchen,Storage Box,3,100.63,10,Digital Wallet,3,4.1,No,301.89,271.7,187.17,84.53
ORD101742,2025-09-29,C0591,18-24,Male,Baku,Beauty,Face Serum,2,48.92,5,Cash on Delivery,2,4.6,Yes,97.84,0.0,8.4528,-8.45
ORD100059,2025-09-29,C0259,35-44,Female,Baku,Home & Kitchen,Blender,1,181.64,5,Digital Wallet,1,4.5,No,181.64,172.56,112.62,59.94
ORD101036,2025-09-29,C0882,45-54,Female,Baku,Home & Kitchen,Desk Lamp,4,145.18,10,Digital Wallet,4,4.1,No,580.72,522.65,360.05,162.6
ORD102638,2025-09-29,C0095,35-44,Female,Khirdalan,Sports,Dumbbell Set,2,58.3,5,Card,4,4.7,No,116.6,110.77,66.46,44.31
ORD101845,2025-09-29,C0860,35-44,Male,Lankaran,Beauty,Lipstick,1,19.1,10,Cash on Delivery,6,4.4,No,19.1,17.19,9.17,8.02
ORD101139,2025-09-29,C0438,25-34,Female,Mingachevir,Sports,Dumbbell Set,1,95.94,0,Card,3,4.5,No,95.94,95.94,54.69,41.25
ORD100391,2025-09-30,C0592,45-54,Male,Lankaran,Fashion,Sneakers,2,34.67,5,Card,2,4.2,No,69.34,65.87,38.14,27.73
ORD100378,2025-09-30,C0072,35-44,Female,Baku,Fashion,Jeans,1,124.84,15,Card,2,4.3,No,124.84,106.11,68.66,37.45
ORD100512,2025-09-30,C0037,45-54,Female,Baku,Fashion,Jacket,1,36.11,0,Cash on Delivery,5,4.8,No,36.11,36.11,19.86,16.25
ORD102043,2025-09-30,C0563,25-34,Male,Baku,Books,Novel,2,39.09,10,Card,3,4.2,No,78.18,70.36,39.09,31.27
ORD102125,2025-09-30,C0895,25-34,Female,Ganja,Home & Kitchen,Storage Box,4,208.85,10,Card,1,4.8,No,835.4,751.86,517.95,233.91
ORD102987,2025-09-30,C0627,45-54,Female,Baku,Sports,Football,1,45.16,15,Card,3,4.1,No,45.16,38.39,25.74,12.65
ORD102325,2025-09-30,C0103,35-44,Female,Baku,Home & Kitchen,Cookware Set,1,193.39,5,Card,4,3.8,No,193.39,183.72,119.9,63.82
ORD101899,2025-09-30,C0705,35-44,Female,Sumgayit,Home & Kitchen,Storage Box,1,211.68,5,Digital Wallet,4,3.8,No,211.68,201.1,131.24,69.86
ORD102403,2025-09-30,C0414,35-44,Male,Baku,Home & Kitchen,Coffee Maker,1,137.65,15,Card,4,5.0,No,137.65,117.0,85.34,31.66
ORD102294,2025-10-01,C0150,25-34,Male,Baku,Electronics,Power Bank,1,37.11,15,Card,3,4.1,No,37.11,31.54,26.72,4.82
ORD100463,2025-10-01,C0486,25-34,Female,Baku,Beauty,Shampoo,1,70.79,0,Cash on Delivery,5,4.9,No,70.79,70.79,33.98,36.81
ORD102352,2025-10-01,C0013,18-24,Female,Baku,Fashion,Jeans,1,125.68,10,Card,4,4.0,No,125.68,113.11,69.12,43.99
ORD101234,2025-10-01,C0326,25-34,Female,Lankaran,Fashion,Handbag,1,63.61,10,Card,4,3.7,No,63.61,57.25,34.99,22.26
ORD102044,2025-10-01,C0230,18-24,Female,Baku,Fashion,Sneakers,1,73.85,15,Card,4,4.6,No,73.85,62.77,40.62,22.15
ORD100360,2025-10-01,C0527,35-44,Male,Khirdalan,Fashion,Jeans,1,75.59,20,Card,3,5.0,No,75.59,60.47,41.57,18.9
ORD100895,2025-10-01,C0059,18-24,Male,Ganja,Home & Kitchen,Desk Lamp,1,50.88,10,Cash on Delivery,3,4.0,No,50.88,45.79,31.55,14.24
ORD101378,2025-10-02,C0497,25-34,Male,Baku,Fashion,Jeans,1,134.78,10,Card,4,4.3,No,134.78,121.3,74.13,47.17
ORD100493,2025-10-02,C0882,18-24,Male,Khirdalan,Fashion,Jacket,3,121.6,5,Digital Wallet,1,4.8,No,364.8,346.56,200.64,145.92
ORD102099,2025-10-02,C0400,18-24,Male,Ganja,Books,Business Book,1,24.73,15,Digital Wallet,1,4.7,No,24.73,21.02,12.36,8.66
ORD101065,2025-10-02,C0473,25-34,Male,Baku,Home & Kitchen,Coffee Maker,2,95.35,5,Card,1,4.6,No,190.7,181.16,118.23,62.93
ORD102049,2025-10-02,C0320,25-34,Female,Ganja,Electronics,Wireless Earbuds,1,169.66,5,Card,1,4.2,No,169.66,161.18,122.16,39.02
ORD101667,2025-10-02,C0720,45-54,Female,Baku,Electronics,Power Bank,1,224.04,5,Cash on Delivery,3,4.3,No,224.04,212.84,161.31,51.53
ORD102348,2025-10-02,C0875,35-44,Male,Khirdalan,Home & Kitchen,Desk Lamp,1,48.17,15,Card,4,4.0,No,48.17,40.94,29.87,11.07
ORD101984,2025-10-02,C0299,55+,Female,Lankaran,Beauty,Lipstick,1,92.69,10,Card,1,5.0,No,92.69,83.42,44.49,38.93
ORD102362,2025-10-02,C0143,18-24,Male,Baku,Electronics,Keyboard,1,255.75,0,Card,4,3.5,No,255.75,255.75,184.14,71.61
ORD102503,2025-10-02,C0364,25-34,Female,Baku,Sports,Running Bottle,1,31.11,5,Card,1,5.0,No,31.11,29.55,17.73,11.82
ORD101098,2025-10-03,C0319,25-34,Female,Baku,Fashion,T-shirt,5,58.92,0,Card,2,3.9,No,294.6,294.6,162.03,132.57
ORD102606,2025-10-03,C0537,45-54,Female,Baku,Electronics,Bluetooth Speaker,1,137.64,15,Card,3,4.4,Yes,137.64,0.0,17.837999999999997,-17.84
ORD101995,2025-10-03,C0335,25-34,Male,Sumgayit,Electronics,Smart Watch,3,48.6,5,Card,1,4.1,No,145.8,138.51,104.98,33.53
ORD101790,2025-10-03,C0140,18-24,Male,Baku,Beauty,Shampoo,1,30.32,10,Card,4,3.5,No,30.32,27.29,14.55,12.74
ORD102514,2025-10-03,C0373,35-44,Male,Baku,Electronics,Wireless Earbuds,1,270.21,10,Card,1,4.6,No,270.21,243.19,194.55,48.64
ORD102429,2025-10-03,C0308,55+,Male,Baku,Electronics,Bluetooth Speaker,1,271.2,5,Cash on Delivery,3,4.4,No,271.2,257.64,195.26,62.38
ORD100234,2025-10-04,C0899,25-34,Male,Sumgayit,Fashion,T-shirt,3,45.53,0,Card,3,4.1,No,136.59,136.59,75.12,61.47
ORD102605,2025-10-04,C0178,25-34,Male,Baku,Books,Psychology Book,1,32.5,15,Card,2,4.2,No,32.5,27.62,16.25,11.37
ORD100042,2025-10-04,C0048,35-44,Male,Shaki,Fashion,T-shirt,1,18.68,10,Cash on Delivery,2,4.1,No,18.68,16.81,10.27,6.54
ORD101073,2025-10-04,C0516,35-44,Male,Baku,Home & Kitchen,Cookware Set,1,80.72,5,Card,5,3.7,No,80.72,76.68,50.05,26.63
ORD100247,2025-10-04,C0465,25-34,Female,Baku,Home & Kitchen,Blender,1,207.51,5,Cash on Delivery,3,4.6,No,207.51,197.13,128.66,68.47
ORD101674,2025-10-04,C0743,18-24,Female,Khirdalan,Books,Psychology Book,2,22.86,0,Card,2,4.8,No,45.72,45.72,22.86,22.86
ORD102422,2025-10-04,C0866,18-24,Female,Baku,Sports,Running Bottle,1,111.45,5,Cash on Delivery,5,5.0,No,111.45,105.88,63.53,42.35
ORD101301,2025-10-05,C0699,35-44,Male,Baku,Books,Business Book,1,24.88,10,Card,2,3.8,No,24.88,22.39,12.44,9.95
ORD101204,2025-10-05,C0666,45-54,Female,Sumgayit,Sports,Dumbbell Set,1,127.9,0,Cash on Delivery,2,4.9,No,127.9,127.9,72.9,55.0
ORD101868,2025-10-05,C0843,35-44,Male,Baku,Home & Kitchen,Desk Lamp,1,56.85,15,Card,4,4.0,No,56.85,48.32,35.25,13.07
ORD100014,2025-10-05,C0643,35-44,Male,Baku,Home & Kitchen,Desk Lamp,1,145.22,0,Cash on Delivery,3,3.6,No,145.22,145.22,90.04,55.18
ORD100051,2025-10-05,C0196,25-34,Female,Baku,Electronics,Wireless Earbuds,1,140.8,5,Cash on Delivery,1,4.1,No,140.8,133.76,101.38,32.38
ORD102365,2025-10-05,C0163,18-24,Female,Baku,Books,Language Book,2,28.49,0,Cash on Delivery,5,4.0,No,56.98,56.98,28.49,28.49
ORD100207,2025-10-06,C0118,55+,Female,Ganja,Electronics,Smart Watch,2,131.96,5,Cash on Delivery,4,3.8,No,263.92,250.72,190.02,60.7
ORD101671,2025-10-06,C0401,18-24,Female,Baku,Books,Novel,1,44.7,15,Digital Wallet,3,4.1,No,44.7,38.0,22.35,15.65
ORD102281,2025-10-06,C0490,25-34,Female,Sumgayit,Electronics,Wireless Earbuds,1,150.76,5,Card,3,4.3,No,150.76,143.22,108.55,34.67
ORD101275,2025-10-06,C0320,35-44,Female,Shaki,Home & Kitchen,Cookware Set,1,161.97,10,Card,3,5.0,No,161.97,145.77,100.42,45.35
ORD102943,2025-10-06,C0184,35-44,Female,Baku,Sports,Dumbbell Set,1,20.14,10,Card,4,4.6,No,20.14,18.13,11.48,6.65
ORD102783,2025-10-06,C0801,35-44,Male,Mingachevir,Home & Kitchen,Blender,2,211.66,5,Card,4,4.5,No,423.32,402.15,262.46,139.69
ORD100714,2025-10-06,C0657,18-24,Female,Sumgayit,Beauty,Shampoo,2,63.58,5,Cash on Delivery,2,3.8,No,127.16,120.8,61.04,59.76
ORD102843,2025-10-06,C0347,18-24,Female,Baku,Beauty,Lipstick,2,22.53,0,Cash on Delivery,3,4.6,No,45.06,45.06,21.63,23.43
ORD100742,2025-10-06,C0673,35-44,Female,Shaki,Electronics,Power Bank,1,123.72,0,Card,3,4.4,No,123.72,123.72,89.08,34.64
ORD101134,2025-10-06,C0753,55+,Male,Ganja,Home & Kitchen,Storage Box,3,104.47,5,Card,5,3.8,No,313.41,297.74,194.31,103.43
ORD102176,2025-10-06,C0028,25-34,Male,Ganja,Sports,Dumbbell Set,1,117.42,5,Card,3,3.5,No,117.42,111.55,66.93,44.62
ORD100128,2025-10-07,C0365,25-34,Male,Sumgayit,Electronics,Keyboard,2,36.33,10,Card,4,3.9,No,72.66,65.39,52.32,13.07
ORD102107,2025-10-07,C0426,25-34,Male,Khirdalan,Electronics,Bluetooth Speaker,2,98.69,10,Digital Wallet,4,3.4,No,197.38,177.64,142.11,35.53
ORD101822,2025-10-07,C0438,25-34,Female,Baku,Beauty,Perfume,1,59.13,15,Digital Wallet,3,4.7,No,59.13,50.26,28.38,21.88
ORD102174,2025-10-07,C0594,35-44,Male,Ganja,Fashion,Jacket,4,83.84,5,Card,4,4.7,No,335.36,318.59,184.45,134.14
ORD100657,2025-10-07,C0348,18-24,Male,Baku,Electronics,Keyboard,1,181.95,0,Card,4,4.5,Yes,181.95,0.0,23.58,-23.58
ORD100423,2025-10-07,C0609,18-24,Male,Baku,Beauty,Shampoo,2,66.91,5,Card,4,4.5,No,133.82,127.13,64.23,62.9
ORD100489,2025-10-07,C0773,45-54,Male,Baku,Books,Data Analytics Book,4,8.76,15,Card,3,4.5,No,35.04,29.78,17.52,12.26
ORD102937,2025-10-08,C0316,55+,Male,Ganja,Sports,Dumbbell Set,3,37.7,5,Card,3,4.7,No,113.1,107.44,64.47,42.97
ORD101148,2025-10-08,C0417,18-24,Female,Baku,Sports,Football,1,102.13,0,Card,4,4.3,No,102.13,102.13,58.21,43.92
ORD102121,2025-10-08,C0876,25-34,Female,Baku,Home & Kitchen,Cookware Set,3,95.25,5,Card,5,3.9,No,285.75,271.46,177.16,94.3
ORD101775,2025-10-08,C0324,25-34,Female,Baku,Home & Kitchen,Coffee Maker,1,156.81,15,Card,2,4.3,No,156.81,133.29,97.22,36.07
ORD100320,2025-10-08,C0203,35-44,Male,Khirdalan,Home & Kitchen,Coffee Maker,1,140.07,15,Card,3,3.9,No,140.07,119.06,86.84,32.22
ORD100089,2025-10-08,C0599,25-34,Female,Khirdalan,Fashion,T-shirt,1,60.53,0,Card,3,4.6,Yes,60.53,0.0,5.9921999999999995,-5.99
ORD102922,2025-10-09,C0510,25-34,Male,Baku,Electronics,Wireless Earbuds,2,218.07,10,Digital Wallet,6,4.2,No,436.14,392.53,314.02,78.51
ORD101870,2025-10-09,C0345,25-34,Female,Quba,Beauty,Lipstick,5,69.01,15,Cash on Delivery,5,4.4,No,345.05,293.29,165.62,127.67
ORD100911,2025-10-09,C0137,45-54,Female,Ganja,Home & Kitchen,Blender,1,169.42,5,Digital Wallet,5,3.9,No,169.42,160.95,105.04,55.91
ORD100864,2025-10-09,C0185,45-54,Female,Baku,Books,Psychology Book,4,20.02,0,Digital Wallet,4,4.5,No,80.08,80.08,40.04,40.04
ORD100645,2025-10-09,C0035,18-24,Female,Baku,Fashion,Jacket,3,94.64,5,Cash on Delivery,3,4.5,Yes,283.92,0.0,28.1088,-28.11
ORD101058,2025-10-09,C0732,45-54,Female,Baku,Fashion,Jacket,1,35.12,5,Cash on Delivery,3,4.1,No,35.12,33.36,19.32,14.04
ORD101061,2025-10-09,C0172,35-44,Female,Sumgayit,Home & Kitchen,Coffee Maker,3,54.11,0,Card,5,4.7,No,162.33,162.33,100.64,61.69
ORD100173,2025-10-09,C0133,25-34,Male,Baku,Home & Kitchen,Coffee Maker,1,98.44,0,Card,3,4.4,No,98.44,98.44,61.03,37.41
ORD100370,2025-10-09,C0410,25-34,Female,Khirdalan,Sports,Resistance Bands,2,94.84,0,Card,3,3.8,No,189.68,189.68,108.12,81.56
ORD102995,2025-10-09,C0292,35-44,Male,Baku,Fashion,Jeans,1,70.24,10,Card,2,4.9,No,70.24,63.22,38.63,24.59
ORD101691,2025-10-09,C0227,55+,Female,Mingachevir,Electronics,Smart Watch,3,42.77,0,Card,4,4.0,No,128.31,128.31,92.38,35.93
ORD102320,2025-10-10,C0416,35-44,Female,Baku,Sports,Running Bottle,1,62.57,5,Digital Wallet,2,4.6,No,62.57,59.44,35.66,23.78
ORD102447,2025-10-10,C0865,35-44,Male,Mingachevir,Fashion,Handbag,2,70.94,10,Card,4,4.5,No,141.88,127.69,78.03,49.66
ORD101278,2025-10-10,C0639,35-44,Male,Baku,Beauty,Perfume,1,65.82,20,Digital Wallet,3,4.3,No,65.82,52.66,31.59,21.07
ORD102575,2025-10-10,C0827,35-44,Female,Shaki,Electronics,Keyboard,2,267.95,5,Cash on Delivery,6,3.2,No,535.9,509.1,385.85,123.25
ORD100002,2025-10-10,C0229,18-24,Male,Baku,Books,Business Book,1,12.4,5,Card,2,4.3,No,12.4,11.78,6.2,5.58
ORD100734,2025-10-10,C0021,25-34,Female,Baku,Books,Novel,1,37.45,15,Cash on Delivery,2,4.8,No,37.45,31.83,18.73,13.1
ORD102212,2025-10-10,C0230,45-54,Male,Baku,Home & Kitchen,Desk Lamp,2,214.67,5,Cash on Delivery,2,4.0,No,429.34,407.87,266.19,141.68
ORD102662,2025-10-10,C0019,45-54,Female,Mingachevir,Fashion,Handbag,1,51.99,5,Card,2,4.3,No,51.99,49.39,28.59,20.8
ORD101339,2025-10-10,C0035,45-54,Male,Baku,Fashion,Jeans,1,34.12,10,Card,2,4.3,Yes,34.12,0.0,3.3785999999999996,-3.38
ORD101558,2025-10-10,C0573,25-34,Male,Baku,Electronics,Wireless Earbuds,1,113.78,20,Card,3,4.3,No,113.78,91.02,81.92,9.1
ORD101825,2025-10-10,C0708,35-44,Female,Ganja,Home & Kitchen,Storage Box,1,217.57,0,Card,5,4.6,No,217.57,217.57,134.89,82.68
ORD100402,2025-10-11,C0446,55+,Female,Khirdalan,Electronics,Keyboard,2,85.88,10,Card,6,2.8,No,171.76,154.58,123.67,30.91
ORD101242,2025-10-11,C0539,25-34,Male,Ganja,Sports,Running Bottle,1,46.21,0,Digital Wallet,2,4.7,No,46.21,46.21,26.34,19.87
ORD101914,2025-10-11,C0422,25-34,Male,Baku,Electronics,Wireless Earbuds,2,248.98,0,Cash on Delivery,2,4.0,Yes,497.96,0.0,64.5354,-64.54
ORD100815,2025-10-11,C0852,18-24,Male,Baku,Fashion,Jacket,4,79.22,0,Card,5,3.6,No,316.88,316.88,174.28,142.6
ORD101611,2025-10-11,C0033,25-34,Male,Baku,Fashion,Sneakers,1,111.74,15,Card,4,4.1,No,111.74,94.98,61.46,33.52
ORD100836,2025-10-11,C0075,35-44,Male,Khirdalan,Home & Kitchen,Storage Box,1,52.47,0,Cash on Delivery,4,4.1,No,52.47,52.47,32.53,19.94
ORD101469,2025-10-11,C0739,25-34,Female,Ganja,Beauty,Lipstick,1,76.41,0,Card,4,4.0,No,76.41,76.41,36.68,39.73
ORD100598,2025-10-12,C0847,25-34,Female,Baku,Beauty,Body Lotion,1,32.73,5,Card,4,3.8,No,32.73,31.09,15.71,15.38
ORD100602,2025-10-12,C0424,18-24,Female,Baku,Electronics,Power Bank,1,63.03,15,Card,4,4.2,No,63.03,53.58,45.38,8.2
ORD100050,2025-10-12,C0723,35-44,Female,Sumgayit,Fashion,Handbag,1,79.26,10,Digital Wallet,3,4.0,No,79.26,71.33,43.59,27.74
ORD101313,2025-10-12,C0576,35-44,Female,Baku,Home & Kitchen,Desk Lamp,2,100.5,0,Digital Wallet,2,4.1,Yes,201.0,0.0,22.4316,-22.43
ORD102603,2025-10-12,C0550,45-54,Male,Baku,Beauty,Lipstick,1,35.41,5,Card,4,4.3,No,35.41,33.64,17.0,16.64
ORD102858,2025-10-12,C0458,45-54,Female,Baku,Fashion,Jeans,1,134.72,0,Cash on Delivery,4,3.4,No,134.72,134.72,74.1,60.62
ORD102449,2025-10-12,C0861,25-34,Female,Sumgayit,Sports,Resistance Bands,2,25.03,10,Card,2,5.0,No,50.06,45.05,28.53,16.52
ORD100210,2025-10-12,C0014,35-44,Female,Khirdalan,Fashion,Handbag,2,121.22,0,Cash on Delivery,3,4.0,No,242.44,242.44,133.34,109.1
ORD101731,2025-10-12,C0803,45-54,Female,Baku,Beauty,Shampoo,1,65.67,10,Card,4,4.1,No,65.67,59.1,31.52,27.58
ORD101441,2025-10-12,C0791,55+,Male,Baku,Books,Data Analytics Book,1,40.56,10,Card,1,5.0,No,40.56,36.5,20.28,16.22
ORD102096,2025-10-12,C0846,25-34,Male,Baku,Books,Psychology Book,3,39.78,5,Cash on Delivery,4,4.5,No,119.34,113.37,59.67,53.7
ORD100112,2025-10-12,C0069,25-34,Male,Baku,Sports,Running Bottle,1,57.15,5,Card,5,3.9,No,57.15,54.29,32.58,21.71
ORD100107,2025-10-12,C0247,25-34,Male,Baku,Books,Data Analytics Book,1,44.25,10,Card,5,3.9,No,44.25,39.83,22.12,17.71
ORD101498,2025-10-12,C0200,35-44,Female,Khirdalan,Fashion,T-shirt,2,79.28,5,Cash on Delivery,4,4.7,No,158.56,150.63,87.21,63.42
ORD100766,2025-10-12,C0610,55+,Female,Baku,Electronics,Bluetooth Speaker,1,192.51,0,Card,3,4.8,No,192.51,192.51,138.61,53.9
ORD101726,2025-10-13,C0458,35-44,Female,Khirdalan,Sports,Yoga Mat,5,58.39,20,Card,2,4.8,No,291.95,233.56,166.41,67.15
ORD100025,2025-10-13,C0006,35-44,Female,Sumgayit,Home & Kitchen,Blender,2,187.73,10,Cash on Delivery,6,4.5,No,375.46,337.91,232.79,105.12
ORD101212,2025-10-13,C0557,45-54,Male,Ganja,Fashion,Jacket,1,114.02,5,Card,3,4.8,No,114.02,108.32,62.71,45.61
ORD102988,2025-10-13,C0761,18-24,Female,Baku,Electronics,Keyboard,1,274.31,0,Card,2,4.2,No,274.31,274.31,197.5,76.81
ORD100806,2025-10-13,C0838,25-34,Female,Baku,Fashion,T-shirt,3,112.28,0,Cash on Delivery,2,4.9,Yes,336.84,0.0,33.346799999999995,-33.35
ORD100278,2025-10-13,C0218,25-34,Female,Baku,Beauty,Face Serum,1,65.8,10,Cash on Delivery,2,4.4,No,65.8,59.22,31.58,27.64
ORD100690,2025-10-13,C0550,55+,Male,Ganja,Books,Novel,1,25.59,10,Digital Wallet,3,4.0,No,25.59,23.03,12.8,10.23
ORD100613,2025-10-14,C0095,45-54,Female,Shaki,Electronics,Wireless Earbuds,2,159.83,0,Card,3,5.0,No,319.66,319.66,230.16,89.5
ORD100725,2025-10-14,C0034,25-34,Female,Khirdalan,Books,Novel,2,23.69,0,Digital Wallet,5,3.1,No,47.38,47.38,23.69,23.69
ORD101416,2025-10-14,C0878,35-44,Female,Baku,Electronics,Keyboard,4,239.71,0,Cash on Delivery,1,4.2,Yes,958.84,0.0,124.2648,-124.26
ORD100476,2025-10-14,C0426,18-24,Male,Ganja,Fashion,T-shirt,5,23.54,10,Card,6,3.1,Yes,117.7,0.0,11.653199999999998,-11.65
ORD100160,2025-10-14,C0812,25-34,Male,Quba,Electronics,Wireless Earbuds,1,263.22,20,Card,5,3.9,No,263.22,210.58,189.52,21.06
ORD100016,2025-10-14,C0300,35-44,Female,Baku,Fashion,T-shirt,3,25.16,0,Digital Wallet,5,3.6,Yes,75.48,0.0,7.471799999999999,-7.47
ORD100955,2025-10-14,C0092,25-34,Female,Shaki,Home & Kitchen,Desk Lamp,2,163.39,15,Card,3,4.7,No,326.78,277.76,202.6,75.16
ORD100918,2025-10-14,C0493,18-24,Female,Sumgayit,Beauty,Perfume,1,65.55,15,Card,5,4.7,No,65.55,55.72,31.46,24.26
ORD102648,2025-10-15,C0416,25-34,Male,Baku,Home & Kitchen,Coffee Maker,1,69.55,15,Card,3,4.4,No,69.55,59.12,43.12,16.0
ORD100990,2025-10-15,C0318,35-44,Female,Shaki,Home & Kitchen,Desk Lamp,1,31.55,0,Card,2,4.5,No,31.55,31.55,19.56,11.99
ORD101430,2025-10-15,C0806,55+,Male,Quba,Home & Kitchen,Desk Lamp,2,205.79,20,Card,4,4.8,No,411.58,329.26,255.18,74.08
ORD102009,2025-10-15,C0033,45-54,Female,Sumgayit,Home & Kitchen,Cookware Set,1,188.02,20,Cash on Delivery,3,4.2,No,188.02,150.42,116.57,33.85
ORD100106,2025-10-15,C0566,18-24,Female,Ganja,Fashion,T-shirt,2,135.94,10,Cash on Delivery,5,4.1,No,271.88,244.69,149.53,95.16
ORD100213,2025-10-15,C0365,25-34,Male,Baku,Books,Language Book,1,22.13,10,Cash on Delivery,3,4.8,No,22.13,19.92,11.06,8.86
ORD100249,2025-10-15,C0137,45-54,Female,Baku,Beauty,Shampoo,2,62.38,5,Cash on Delivery,2,4.1,No,124.76,118.52,59.88,58.64
ORD102284,2025-10-15,C0157,25-34,Male,Lankaran,Fashion,Handbag,1,79.51,10,Card,4,4.4,No,79.51,71.56,43.73,27.83
ORD102809,2025-10-16,C0164,35-44,Female,Baku,Books,Language Book,1,41.65,5,Card,4,4.2,No,41.65,39.57,20.82,18.75
ORD102725,2025-10-16,C0021,35-44,Female,Sumgayit,Fashion,Sneakers,1,79.83,0,Card,4,4.4,No,79.83,79.83,43.91,35.92
ORD101461,2025-10-16,C0830,18-24,Male,Shaki,Sports,Resistance Bands,5,68.89,0,Card,1,4.3,No,344.45,344.45,196.34,148.11
ORD102236,2025-10-16,C0750,25-34,Female,Ganja,Books,Language Book,2,12.08,5,Card,2,4.4,No,24.16,22.95,12.08,10.87
ORD101414,2025-10-17,C0773,45-54,Male,Baku,Home & Kitchen,Coffee Maker,1,139.0,0,Digital Wallet,4,3.5,No,139.0,139.0,86.18,52.82
ORD102671,2025-10-17,C0751,25-34,Male,Baku,Books,Novel,1,10.48,5,Cash on Delivery,3,4.8,No,10.48,9.96,5.24,4.72
ORD102801,2025-10-17,C0447,55+,Female,Baku,Beauty,Perfume,2,25.1,0,Card,3,3.9,No,50.2,50.2,24.1,26.1
ORD101617,2025-10-17,C0818,18-24,Male,Shaki,Electronics,Keyboard,1,106.98,0,Cash on Delivery,3,4.1,No,106.98,106.98,77.03,29.95
ORD100261,2025-10-17,C0160,35-44,Male,Baku,Fashion,Sneakers,5,125.96,5,Card,2,4.1,No,629.8,598.31,346.39,251.92
ORD101980,2025-10-17,C0066,18-24,Male,Khirdalan,Beauty,Lipstick,2,47.74,15,Digital Wallet,5,4.3,No,95.48,81.16,45.83,35.33
ORD101133,2025-10-17,C0102,55+,Male,Khirdalan,Books,Language Book,1,12.83,0,Card,4,4.6,No,12.83,12.83,6.42,6.41
ORD100559,2025-10-17,C0783,45-54,Female,Khirdalan,Electronics,Bluetooth Speaker,1,249.48,10,Card,4,4.3,No,249.48,224.53,179.63,44.9
ORD101986,2025-10-17,C0505,45-54,Male,Baku,Home & Kitchen,Cookware Set,1,60.4,5,Card,4,4.5,No,60.4,57.38,37.45,19.93
ORD100639,2025-10-17,C0144,25-34,Male,Baku,Sports,Resistance Bands,2,105.68,5,Card,3,4.1,No,211.36,200.79,120.48,80.31
ORD101254,2025-10-17,C0089,55+,Male,Baku,Electronics,Power Bank,1,184.66,0,Card,2,4.2,No,184.66,184.66,132.96,51.7
ORD102702,2025-10-18,C0367,25-34,Female,Sumgayit,Sports,Resistance Bands,2,76.84,10,Digital Wallet,3,4.8,No,153.68,138.31,87.6,50.71
ORD102832,2025-10-18,C0464,25-34,Female,Sumgayit,Books,Data Analytics Book,1,28.56,5,Card,2,4.8,No,28.56,27.13,14.28,12.85
ORD101684,2025-10-18,C0183,25-34,Female,Ganja,Electronics,Wireless Earbuds,3,243.43,10,Cash on Delivery,1,4.7,No,730.29,657.26,525.81,131.45
ORD102899,2025-10-18,C0229,25-34,Female,Khirdalan,Electronics,Bluetooth Speaker,1,113.26,0,Cash on Delivery,4,4.4,No,113.26,113.26,81.55,31.71
ORD100135,2025-10-18,C0420,25-34,Male,Lankaran,Books,Novel,1,20.18,15,Card,4,3.4,No,20.18,17.15,10.09,7.06
ORD100105,2025-10-18,C0071,25-34,Female,Baku,Fashion,Sneakers,2,70.41,10,Card,5,4.3,Yes,140.82,0.0,13.941,-13.94
ORD100745,2025-10-18,C0626,35-44,Male,Sumgayit,Fashion,Jacket,2,29.57,15,Card,4,4.7,No,59.14,50.27,32.53,17.74
ORD102547,2025-10-18,C0638,55+,Female,Ganja,Fashion,Jeans,2,109.0,5,Card,7,3.5,No,218.0,207.1,119.9,87.2
ORD100484,2025-10-18,C0693,25-34,Male,Ganja,Fashion,Sneakers,2,107.66,10,Card,3,4.1,No,215.32,193.79,118.43,75.36
ORD100071,2025-10-18,C0600,25-34,Male,Sumgayit,Fashion,T-shirt,1,130.07,10,Card,1,3.5,No,130.07,117.06,71.54,45.52
ORD100692,2025-10-18,C0097,18-24,Female,Baku,Beauty,Perfume,1,15.0,5,Card,4,4.3,No,15.0,14.25,7.2,7.05
ORD102257,2025-10-18,C0421,35-44,Female,Ganja,Fashion,T-shirt,1,111.56,0,Card,4,4.2,No,111.56,111.56,61.36,50.2
ORD101736,2025-10-19,C0818,25-34,Male,Baku,Electronics,Bluetooth Speaker,1,132.19,10,Digital Wallet,4,3.7,No,132.19,118.97,95.18,23.79
ORD101012,2025-10-19,C0492,18-24,Male,Baku,Fashion,Jacket,1,137.14,10,Card,4,3.7,No,137.14,123.43,75.43,48.0
ORD101578,2025-10-19,C0336,45-54,Female,Ganja,Home & Kitchen,Cookware Set,1,25.61,20,Card,1,4.8,No,25.61,20.49,15.88,4.61
ORD102557,2025-10-19,C0148,25-34,Female,Shaki,Fashion,Sneakers,1,100.68,0,Digital Wallet,4,3.9,No,100.68,100.68,55.37,45.31
ORD102005,2025-10-19,C0183,18-24,Female,Quba,Home & Kitchen,Storage Box,2,175.13,0,Card,3,4.3,No,350.26,350.26,217.16,133.1
ORD100716,2025-10-19,C0132,35-44,Male,Shaki,Electronics,Bluetooth Speaker,1,240.6,0,Card,2,4.2,No,240.6,240.6,173.23,67.37
ORD102206,2025-10-19,C0341,55+,Male,Sumgayit,Electronics,Keyboard,1,125.8,0,Digital Wallet,3,4.0,No,125.8,125.8,90.58,35.22
ORD100591,2025-10-20,C0793,55+,Female,Baku,Fashion,Sneakers,2,49.01,10,Card,4,3.9,No,98.02,88.22,53.91,34.31
ORD102567,2025-10-20,C0597,45-54,Male,Baku,Fashion,T-shirt,1,127.56,10,Card,3,4.5,No,127.56,114.8,70.16,44.64
ORD100596,2025-10-20,C0345,35-44,Male,Ganja,Fashion,Jacket,1,60.59,10,Card,2,4.9,No,60.59,54.53,33.32,21.21
ORD102902,2025-10-20,C0808,25-34,Male,Sumgayit,Home & Kitchen,Cookware Set,1,200.29,5,Card,5,4.9,No,200.29,190.28,124.18,66.1
ORD101260,2025-10-20,C0321,35-44,Female,Baku,Beauty,Body Lotion,3,14.33,15,Cash on Delivery,3,4.5,No,42.99,36.54,20.64,15.9
ORD102535,2025-10-20,C0511,25-34,Female,Lankaran,Electronics,Keyboard,1,216.11,15,Card,2,4.9,No,216.11,183.69,155.6,28.09
ORD100860,2025-10-20,C0898,25-34,Male,Baku,Electronics,Smart Watch,1,62.52,5,Digital Wallet,3,4.4,No,62.52,59.39,45.01,14.38
ORD101087,2025-10-20,C0029,25-34,Male,Baku,Fashion,Jacket,2,108.97,5,Card,2,4.5,No,217.94,207.04,119.87,87.17
ORD102296,2025-10-20,C0673,25-34,Female,Ganja,Home & Kitchen,Coffee Maker,3,103.01,15,Digital Wallet,3,4.3,No,309.03,262.68,191.6,71.08
ORD102497,2025-10-20,C0606,55+,Female,Baku,Electronics,Power Bank,1,74.08,20,Digital Wallet,3,4.1,No,74.08,59.26,53.34,5.92
ORD100852,2025-10-20,C0240,35-44,Female,Baku,Sports,Dumbbell Set,2,55.77,20,Card,5,4.3,No,111.54,89.23,63.58,25.65
ORD101284,2025-10-20,C0862,45-54,Female,Baku,Fashion,Jacket,4,34.19,0,Card,2,4.9,No,136.76,136.76,75.22,61.54
ORD100686,2025-10-20,C0573,18-24,Female,Ganja,Electronics,Smart Watch,1,121.44,5,Card,4,4.9,No,121.44,115.37,87.44,27.93
ORD102983,2025-10-20,C0106,18-24,Female,Baku,Sports,Football,1,87.37,15,Digital Wallet,4,4.2,No,87.37,74.26,49.8,24.46
ORD102571,2025-10-20,C0871,18-24,Female,Baku,Fashion,T-shirt,3,94.6,20,Card,4,4.2,No,283.8,227.04,156.09,70.95
ORD101199,2025-10-21,C0434,18-24,Female,Ganja,Fashion,Jeans,2,103.99,0,Card,1,4.4,No,207.98,207.98,114.39,93.59
ORD100654,2025-10-21,C0143,45-54,Female,Baku,Sports,Yoga Mat,2,73.96,10,Card,3,4.2,Yes,147.92,0.0,15.1758,-15.18
ORD101749,2025-10-21,C0138,35-44,Female,Mingachevir,Sports,Yoga Mat,1,45.96,0,Cash on Delivery,4,3.8,No,45.96,45.96,26.2,19.76
ORD100428,2025-10-21,C0515,25-34,Male,Baku,Home & Kitchen,Blender,1,99.0,15,Cash on Delivery,2,5.0,No,99.0,84.15,61.38,22.77
ORD100103,2025-10-21,C0312,35-44,Male,Ganja,Home & Kitchen,Desk Lamp,1,188.95,5,Cash on Delivery,5,4.4,Yes,188.95,0.0,21.087,-21.09
ORD100551,2025-10-21,C0053,25-34,Female,Khirdalan,Books,Psychology Book,3,39.95,5,Cash on Delivery,2,4.5,No,119.85,113.86,59.92,53.94
ORD102545,2025-10-21,C0424,25-34,Female,Baku,Beauty,Body Lotion,1,39.06,0,Cash on Delivery,7,3.4,No,39.06,39.06,18.75,20.31
ORD100092,2025-10-21,C0133,25-34,Female,Baku,Electronics,Smart Watch,1,63.54,0,Cash on Delivery,3,4.2,No,63.54,63.54,45.75,17.79
ORD102093,2025-10-21,C0847,55+,Female,Lankaran,Sports,Yoga Mat,2,43.22,15,Cash on Delivery,4,4.6,No,86.44,73.47,49.27,24.2
ORD100472,2025-10-21,C0136,18-24,Female,Mingachevir,Books,Psychology Book,1,30.47,0,Card,2,4.2,No,30.47,30.47,15.24,15.23
ORD102532,2025-10-22,C0767,18-24,Male,Baku,Fashion,Jacket,1,22.64,0,Cash on Delivery,4,4.9,No,22.64,22.64,12.45,10.19
ORD101334,2025-10-22,C0077,55+,Male,Sumgayit,Sports,Dumbbell Set,1,89.64,0,Cash on Delivery,4,4.5,No,89.64,89.64,51.09,38.55
ORD102935,2025-10-22,C0331,45-54,Male,Baku,Beauty,Face Serum,3,78.81,15,Card,5,4.0,No,236.43,200.97,113.49,87.48
ORD100291,2025-10-22,C0696,25-34,Female,Sumgayit,Sports,Football,1,96.92,10,Cash on Delivery,6,3.8,No,96.92,87.23,55.24,31.99
ORD100837,2025-10-23,C0441,35-44,Female,Baku,Sports,Football,1,18.6,15,Card,5,4.2,No,18.6,15.81,10.6,5.21
ORD101219,2025-10-23,C0897,45-54,Female,Shaki,Electronics,Bluetooth Speaker,1,102.42,10,Cash on Delivery,4,4.9,No,102.42,92.18,73.74,18.44
ORD102748,2025-10-23,C0738,35-44,Male,Baku,Electronics,Wireless Earbuds,1,244.87,5,Cash on Delivery,3,4.5,No,244.87,232.63,176.31,56.32
ORD100336,2025-10-23,C0178,25-34,Female,Mingachevir,Electronics,Smart Watch,3,127.87,5,Card,2,5.0,No,383.61,364.43,276.2,88.23
ORD100227,2025-10-23,C0382,18-24,Male,Ganja,Fashion,Handbag,5,77.24,0,Card,3,4.3,No,386.2,386.2,212.41,173.79
ORD101001,2025-10-23,C0888,18-24,Female,Khirdalan,Electronics,Smart Watch,2,217.07,5,Cash on Delivery,1,5.0,No,434.14,412.43,312.58,99.85
ORD102161,2025-10-23,C0316,18-24,Female,Quba,Fashion,Jacket,1,65.76,5,Cash on Delivery,2,4.8,No,65.76,62.47,36.17,26.3
ORD100885,2025-10-24,C0852,45-54,Male,Khirdalan,Electronics,Smart Watch,1,264.64,15,Cash on Delivery,4,3.3,No,264.64,224.94,190.54,34.4
ORD101574,2025-10-24,C0524,55+,Female,Ganja,Home & Kitchen,Storage Box,1,91.86,10,Card,5,3.7,No,91.86,82.67,56.95,25.72
ORD102159,2025-10-24,C0538,25-34,Male,Baku,Sports,Running Bottle,1,40.46,10,Digital Wallet,3,4.2,No,40.46,36.41,23.06,13.35
ORD102684,2025-10-24,C0259,18-24,Female,Baku,Beauty,Perfume,4,83.57,10,Digital Wallet,2,4.3,No,334.28,300.85,160.45,140.4
ORD100166,2025-10-25,C0863,25-34,Male,Lankaran,Sports,Resistance Bands,1,88.98,0,Card,2,4.6,No,88.98,88.98,50.72,38.26
ORD102196,2025-10-25,C0268,35-44,Male,Baku,Beauty,Shampoo,2,54.13,10,Digital Wallet,5,4.7,No,108.26,97.43,51.96,45.47
ORD101426,2025-10-25,C0064,35-44,Male,Baku,Home & Kitchen,Blender,1,57.35,0,Card,3,4.8,No,57.35,57.35,35.56,21.79
ORD101535,2025-10-26,C0456,25-34,Female,Baku,Books,Language Book,1,20.34,5,Card,3,4.3,No,20.34,19.32,10.17,9.15
ORD102873,2025-10-26,C0497,35-44,Female,Shaki,Beauty,Face Serum,2,11.38,15,Card,1,4.3,No,22.76,19.35,10.92,8.43
ORD101964,2025-10-26,C0298,25-34,Female,Baku,Fashion,T-shirt,2,104.64,5,Digital Wallet,1,5.0,Yes,209.28,0.0,20.718,-20.72
ORD101843,2025-10-26,C0682,18-24,Female,Baku,Electronics,Keyboard,1,52.12,10,Card,2,4.8,Yes,52.12,0.0,6.7554,-6.76
ORD100514,2025-10-26,C0507,18-24,Female,Khirdalan,Beauty,Shampoo,2,73.93,10,Card,3,5.0,Yes,147.86,0.0,12.7746,-12.77
ORD100741,2025-10-26,C0214,45-54,Female,Baku,Fashion,Sneakers,1,91.03,15,Card,2,4.6,No,91.03,77.38,50.07,27.31
ORD101965,2025-10-26,C0053,35-44,Male,Baku,Home & Kitchen,Cookware Set,1,52.15,15,Cash on Delivery,3,4.4,No,52.15,44.33,32.33,12.0
ORD100867,2025-10-27,C0086,45-54,Male,Baku,Fashion,Sneakers,1,81.15,0,Card,2,4.2,No,81.15,81.15,44.63,36.52
ORD101231,2025-10-27,C0769,25-34,Female,Baku,Electronics,Wireless Earbuds,1,109.23,5,Card,2,4.6,No,109.23,103.77,78.65,25.12
ORD100849,2025-10-27,C0588,35-44,Male,Baku,Electronics,Bluetooth Speaker,1,84.45,0,Digital Wallet,6,3.9,No,84.45,84.45,60.8,23.65
ORD102338,2025-10-27,C0271,45-54,Male,Baku,Electronics,Bluetooth Speaker,1,61.83,15,Cash on Delivery,4,4.1,Yes,61.83,0.0,8.0136,-8.01
ORD101025,2025-10-27,C0878,25-34,Female,Lankaran,Books,Business Book,1,11.72,0,Digital Wallet,3,4.7,No,11.72,11.72,5.86,5.86
ORD102516,2025-10-27,C0556,18-24,Male,Baku,Beauty,Shampoo,1,57.79,10,Card,4,4.1,No,57.79,52.01,27.74,24.27
ORD102288,2025-10-27,C0212,45-54,Female,Baku,Electronics,Smart Watch,4,259.16,0,Cash on Delivery,4,4.4,No,1036.64,1036.64,746.38,290.26
ORD100149,2025-10-27,C0269,25-34,Male,Baku,Books,Data Analytics Book,1,41.98,0,Card,1,5.0,No,41.98,41.98,20.99,20.99
ORD102326,2025-10-28,C0865,25-34,Female,Baku,Beauty,Shampoo,1,28.21,10,Card,1,3.6,No,28.21,25.39,13.54,11.85
ORD102945,2025-10-28,C0834,25-34,Male,Baku,Electronics,Bluetooth Speaker,1,227.55,10,Cash on Delivery,1,4.5,No,227.55,204.8,163.84,40.96
ORD102334,2025-10-28,C0207,35-44,Male,Baku,Beauty,Perfume,1,59.69,0,Cash on Delivery,5,3.7,No,59.69,59.69,28.65,31.04
ORD100028,2025-10-28,C0230,55+,Female,Khirdalan,Beauty,Face Serum,3,19.93,5,Card,4,4.0,No,59.79,56.8,28.7,28.1
ORD101587,2025-10-28,C0635,55+,Female,Ganja,Fashion,Sneakers,2,35.78,5,Cash on Delivery,4,4.4,No,71.56,67.98,39.36,28.62
ORD102372,2025-10-28,C0063,35-44,Female,Shaki,Fashion,T-shirt,1,84.95,0,Card,4,4.6,No,84.95,84.95,46.72,38.23
ORD101264,2025-10-28,C0228,18-24,Male,Khirdalan,Fashion,T-shirt,1,20.73,0,Card,2,4.8,No,20.73,20.73,11.4,9.33
ORD102984,2025-10-28,C0652,55+,Female,Baku,Fashion,Handbag,1,118.84,10,Cash on Delivery,3,4.6,No,118.84,106.96,65.36,41.6
ORD100605,2025-10-29,C0109,18-24,Male,Ganja,Home & Kitchen,Desk Lamp,1,166.43,0,Card,4,4.5,No,166.43,166.43,103.19,63.24
ORD101603,2025-10-29,C0634,18-24,Male,Sumgayit,Books,Business Book,3,26.97,5,Card,1,5.0,No,80.91,76.86,40.46,36.4
ORD102424,2025-10-29,C0809,18-24,Male,Shaki,Books,Data Analytics Book,1,43.77,20,Card,4,4.3,No,43.77,35.02,21.88,13.14
ORD100433,2025-10-29,C0283,45-54,Female,Lankaran,Sports,Resistance Bands,2,24.87,0,Digital Wallet,2,4.3,No,49.74,49.74,28.35,21.39
ORD100302,2025-10-29,C0206,25-34,Male,Baku,Home & Kitchen,Blender,1,119.92,5,Card,3,3.2,No,119.92,113.92,74.35,39.57
ORD102081,2025-10-29,C0156,55+,Female,Baku,Sports,Yoga Mat,2,36.84,5,Cash on Delivery,3,4.7,No,73.68,70.0,42.0,28.0
ORD101987,2025-10-29,C0778,45-54,Female,Sumgayit,Home & Kitchen,Blender,1,208.99,0,Card,5,3.9,No,208.99,208.99,129.57,79.42
ORD102610,2025-10-29,C0788,25-34,Female,Baku,Beauty,Shampoo,1,23.8,20,Card,5,3.9,No,23.8,19.04,11.42,7.62
ORD100794,2025-10-29,C0819,35-44,Female,Shaki,Fashion,Sneakers,1,88.98,0,Card,4,3.2,Yes,88.98,0.0,8.809199999999999,-8.81
ORD101923,2025-10-29,C0282,25-34,Male,Baku,Home & Kitchen,Storage Box,2,182.73,5,Cash on Delivery,1,4.0,No,365.46,347.19,226.59,120.6
ORD100524,2025-10-29,C0528,25-34,Female,Khirdalan,Fashion,Jacket,1,44.79,0,Card,6,3.9,No,44.79,44.79,24.63,20.16
ORD101040,2025-10-29,C0848,35-44,Female,Shaki,Beauty,Shampoo,1,88.76,20,Card,5,3.6,No,88.76,71.01,42.6,28.41
ORD102406,2025-10-30,C0258,35-44,Male,Baku,Home & Kitchen,Coffee Maker,1,185.06,15,Cash on Delivery,4,3.8,No,185.06,157.3,114.74,42.56
ORD100553,2025-10-30,C0499,35-44,Male,Baku,Beauty,Shampoo,2,81.39,10,Cash on Delivery,5,3.6,No,162.78,146.5,78.13,68.37
ORD100038,2025-10-30,C0596,18-24,Female,Baku,Home & Kitchen,Storage Box,2,76.91,5,Card,3,3.8,No,153.82,146.13,95.37,50.76
ORD101971,2025-10-30,C0368,35-44,Male,Baku,Beauty,Perfume,1,64.14,10,Cash on Delivery,3,4.5,No,64.14,57.73,30.79,26.94
ORD100334,2025-10-30,C0388,45-54,Male,Ganja,Electronics,Keyboard,2,150.02,0,Card,4,3.4,No,300.04,300.04,216.03,84.01
ORD102822,2025-10-30,C0079,25-34,Female,Baku,Beauty,Body Lotion,1,44.0,5,Card,3,3.6,No,44.0,41.8,21.12,20.68
ORD100482,2025-10-30,C0720,25-34,Female,Khirdalan,Fashion,Sneakers,1,74.76,10,Card,3,4.5,No,74.76,67.28,41.12,26.16
ORD102455,2025-10-30,C0023,55+,Female,Ganja,Electronics,Keyboard,2,83.47,10,Card,2,4.6,No,166.94,150.25,120.2,30.05
ORD100545,2025-10-31,C0230,25-34,Male,Baku,Books,Psychology Book,2,17.58,5,Cash on Delivery,4,3.5,No,35.16,33.4,17.58,15.82
ORD100084,2025-10-31,C0157,18-24,Female,Baku,Fashion,T-shirt,1,28.16,10,Cash on Delivery,3,3.6,No,28.16,25.34,15.49,9.85
ORD102286,2025-10-31,C0230,35-44,Female,Baku,Books,Psychology Book,1,14.2,0,Card,3,4.0,No,14.2,14.2,7.1,7.1
ORD100101,2025-10-31,C0369,25-34,Male,Shaki,Books,Novel,1,28.46,0,Cash on Delivery,3,5.0,No,28.46,28.46,14.23,14.23
ORD100090,2025-10-31,C0075,45-54,Female,Baku,Electronics,Smart Watch,1,213.66,10,Card,3,4.6,No,213.66,192.29,153.84,38.45
ORD102246,2025-10-31,C0859,25-34,Female,Sumgayit,Home & Kitchen,Storage Box,1,53.55,10,Card,4,4.4,No,53.55,48.2,33.2,15.0
ORD100388,2025-10-31,C0056,18-24,Male,Khirdalan,Electronics,Keyboard,3,66.45,5,Card,4,3.4,No,199.35,189.38,143.53,45.85
ORD100582,2025-11-01,C0333,25-34,Male,Khirdalan,Fashion,Jacket,1,91.41,0,Card,2,5.0,No,91.41,91.41,50.28,41.13
ORD100611,2025-11-01,C0598,25-34,Male,Baku,Beauty,Body Lotion,4,70.79,10,Card,4,3.7,No,283.16,254.84,135.92,118.92
ORD101865,2025-11-01,C0167,25-34,Female,Mingachevir,Fashion,Jeans,1,109.05,0,Digital Wallet,1,4.0,No,109.05,109.05,59.98,49.07
ORD102863,2025-11-01,C0266,45-54,Male,Baku,Home & Kitchen,Storage Box,3,190.65,0,Card,4,4.2,No,571.95,571.95,354.61,217.34
ORD101933,2025-11-01,C0489,45-54,Female,Khirdalan,Books,Business Book,2,10.59,5,Card,5,3.7,No,21.18,20.12,10.59,9.53
ORD101097,2025-11-01,C0767,45-54,Female,Baku,Electronics,Keyboard,1,152.33,0,Card,1,4.3,No,152.33,152.33,109.68,42.65
ORD102790,2025-11-01,C0535,18-24,Male,Sumgayit,Home & Kitchen,Coffee Maker,1,183.77,5,Card,1,4.6,No,183.77,174.58,113.94,60.64
ORD102704,2025-11-02,C0700,18-24,Female,Shaki,Home & Kitchen,Blender,1,88.73,0,Card,5,3.8,No,88.73,88.73,55.01,33.72
ORD101650,2025-11-02,C0742,18-24,Female,Baku,Electronics,Wireless Earbuds,1,206.56,5,Digital Wallet,5,4.0,No,206.56,196.23,148.72,47.51
ORD102784,2025-11-02,C0447,25-34,Male,Baku,Electronics,Power Bank,2,96.79,10,Digital Wallet,2,4.5,No,193.58,174.22,139.38,34.84
ORD101016,2025-11-02,C0279,25-34,Male,Lankaran,Sports,Running Bottle,1,126.17,0,Card,4,3.9,No,126.17,126.17,71.92,54.25
ORD100868,2025-11-02,C0543,45-54,Female,Ganja,Fashion,Sneakers,2,23.3,10,Card,6,3.3,No,46.6,41.94,25.63,16.31
ORD100816,2025-11-02,C0317,25-34,Female,Baku,Fashion,T-shirt,1,41.46,5,Cash on Delivery,3,4.2,No,41.46,39.39,22.8,16.59
ORD101080,2025-11-02,C0314,35-44,Male,Lankaran,Books,Psychology Book,2,43.37,20,Card,5,3.5,No,86.74,69.39,43.37,26.02
ORD100589,2025-11-02,C0833,45-54,Male,Baku,Home & Kitchen,Desk Lamp,2,192.77,5,Card,4,3.0,No,385.54,366.26,239.03,127.23
ORD101961,2025-11-03,C0338,35-44,Female,Baku,Beauty,Lipstick,1,22.06,15,Digital Wallet,4,3.9,No,22.06,18.75,10.59,8.16
ORD101969,2025-11-03,C0476,55+,Female,Ganja,Fashion,T-shirt,2,28.65,0,Card,3,3.6,No,57.3,57.3,31.52,25.78
ORD100019,2025-11-03,C0149,45-54,Female,Baku,Electronics,Wireless Earbuds,2,217.24,5,Card,3,4.1,No,434.48,412.76,312.83,99.93
ORD102208,2025-11-03,C0684,35-44,Female,Baku,Home & Kitchen,Blender,2,87.01,20,Card,2,4.7,No,174.02,139.22,107.89,31.33
ORD100963,2025-11-03,C0851,18-24,Female,Baku,Electronics,Bluetooth Speaker,1,176.22,10,Cash on Delivery,3,5.0,No,176.22,158.6,126.88,31.72
ORD101125,2025-11-03,C0069,35-44,Female,Sumgayit,Beauty,Body Lotion,1,34.72,15,Cash on Delivery,4,3.8,No,34.72,29.51,16.67,12.84
ORD102451,2025-11-03,C0469,45-54,Female,Ganja,Beauty,Lipstick,3,90.06,10,Card,5,3.8,No,270.18,243.16,129.69,113.47
ORD102457,2025-11-03,C0292,18-24,Female,Baku,Books,Data Analytics Book,1,43.23,0,Cash on Delivery,1,4.1,No,43.23,43.23,21.62,21.61
ORD100459,2025-11-03,C0087,45-54,Female,Khirdalan,Sports,Running Bottle,2,72.23,10,Card,1,4.1,No,144.46,130.01,82.34,47.67
ORD100513,2025-11-03,C0786,45-54,Female,Baku,Electronics,Power Bank,1,78.95,0,Digital Wallet,4,3.7,No,78.95,78.95,56.84,22.11
ORD101659,2025-11-03,C0215,25-34,Female,Sumgayit,Books,Business Book,1,13.27,10,Cash on Delivery,5,4.5,No,13.27,11.94,6.64,5.3
ORD101086,2025-11-03,C0770,25-34,Female,Shaki,Beauty,Perfume,2,74.32,10,Card,1,4.8,No,148.64,133.78,71.35,62.43
ORD102826,2025-11-04,C0261,55+,Male,Sumgayit,Beauty,Shampoo,1,84.45,10,Digital Wallet,4,4.9,No,84.45,76.01,40.54,35.47
ORD100590,2025-11-04,C0271,18-24,Female,Baku,Beauty,Perfume,1,53.66,10,Cash on Delivery,2,5.0,Yes,53.66,0.0,4.6368,-4.64
ORD100093,2025-11-04,C0510,25-34,Female,Sumgayit,Books,Psychology Book,1,30.8,0,Card,4,4.0,No,30.8,30.8,15.4,15.4
ORD101500,2025-11-04,C0253,18-24,Male,Mingachevir,Electronics,Keyboard,2,40.89,10,Card,4,4.1,No,81.78,73.6,58.88,14.72
ORD102168,2025-11-04,C0457,45-54,Male,Baku,Electronics,Bluetooth Speaker,3,274.15,10,Card,3,4.4,No,822.45,740.2,592.16,148.04
ORD101093,2025-11-04,C0091,25-34,Male,Baku,Home & Kitchen,Desk Lamp,1,187.39,5,Card,4,4.2,No,187.39,178.02,116.18,61.84
ORD101024,2025-11-04,C0719,25-34,Male,Baku,Home & Kitchen,Desk Lamp,5,116.54,0,Cash on Delivery,2,4.2,No,582.7,582.7,361.27,221.43
ORD101126,2025-11-04,C0292,35-44,Male,Sumgayit,Beauty,Perfume,1,94.81,0,Cash on Delivery,3,5.0,No,94.81,94.81,45.51,49.3
ORD100723,2025-11-05,C0246,18-24,Male,Baku,Fashion,T-shirt,1,69.04,0,Digital Wallet,2,4.7,No,69.04,69.04,37.97,31.07
ORD101884,2025-11-05,C0508,25-34,Female,Sumgayit,Beauty,Body Lotion,3,70.22,5,Card,6,4.0,No,210.66,200.13,101.12,99.01
ORD101599,2025-11-05,C0522,45-54,Female,Khirdalan,Fashion,Jeans,1,67.34,0,Cash on Delivery,4,4.2,No,67.34,67.34,37.04,30.3
ORD101844,2025-11-05,C0306,25-34,Male,Shaki,Electronics,Power Bank,2,181.97,10,Cash on Delivery,1,4.4,No,363.94,327.55,262.04,65.51
ORD100775,2025-11-05,C0033,35-44,Female,Baku,Sports,Yoga Mat,2,72.93,5,Card,5,4.1,No,145.86,138.57,83.14,55.43
ORD102439,2025-11-05,C0773,35-44,Female,Baku,Beauty,Body Lotion,2,89.69,5,Card,2,4.8,No,179.38,170.41,86.1,84.31
ORD101144,2025-11-05,C0326,55+,Male,Sumgayit,Sports,Dumbbell Set,1,23.2,10,Digital Wallet,4,4.1,No,23.2,20.88,13.22,7.66
ORD102036,2025-11-05,C0301,35-44,Male,Lankaran,Sports,Yoga Mat,3,114.2,10,Cash on Delivery,4,4.3,No,342.6,308.34,195.28,113.06
ORD100865,2025-11-05,C0344,25-34,Female,Lankaran,Home & Kitchen,Storage Box,1,125.69,10,Cash on Delivery,4,4.1,No,125.69,113.12,77.93,35.19
ORD100361,2025-11-05,C0555,45-54,Male,Baku,Home & Kitchen,Storage Box,1,89.64,0,Cash on Delivery,5,3.6,No,89.64,89.64,55.58,34.06
ORD101863,2025-11-06,C0684,45-54,Female,Baku,Home & Kitchen,Coffee Maker,1,45.45,5,Card,2,3.7,No,45.45,43.18,28.18,15.0
ORD101657,2025-11-06,C0023,25-34,Female,Lankaran,Electronics,Bluetooth Speaker,2,229.38,20,Card,2,3.9,No,458.76,367.01,330.31,36.7
ORD100650,2025-11-06,C0529,45-54,Female,Khirdalan,Electronics,Power Bank,1,111.29,5,Card,3,4.5,No,111.29,105.73,80.13,25.6
ORD102149,2025-11-06,C0647,35-44,Male,Sumgayit,Fashion,Jeans,1,118.82,10,Card,2,5.0,No,118.82,106.94,65.35,41.59
ORD100477,2025-11-06,C0669,18-24,Male,Baku,Beauty,Perfume,1,77.18,10,Card,1,4.1,No,77.18,69.46,37.05,32.41
ORD101163,2025-11-06,C0646,25-34,Male,Sumgayit,Fashion,Jacket,1,87.63,15,Cash on Delivery,5,4.1,No,87.63,74.49,48.2,26.29
ORD102621,2025-11-06,C0382,25-34,Male,Baku,Books,Language Book,2,42.64,10,Card,2,4.7,No,85.28,76.75,42.64,34.11
ORD100882,2025-11-07,C0200,25-34,Female,Khirdalan,Fashion,Jeans,1,97.57,10,Card,3,3.9,No,97.57,87.81,53.66,34.15
ORD100297,2025-11-07,C0280,25-34,Male,Baku,Beauty,Lipstick,1,78.38,20,Card,5,4.4,No,78.38,62.7,37.62,25.08
ORD102655,2025-11-07,C0288,35-44,Female,Baku,Home & Kitchen,Storage Box,1,88.76,0,Card,4,4.0,No,88.76,88.76,55.03,33.73
ORD102919,2025-11-07,C0354,18-24,Male,Khirdalan,Electronics,Smart Watch,5,247.54,10,Cash on Delivery,6,4.0,No,1237.7,1113.93,891.14,222.79
ORD102673,2025-11-07,C0255,35-44,Male,Mingachevir,Books,Language Book,1,44.46,5,Card,2,4.7,No,44.46,42.24,22.23,20.01
ORD101896,2025-11-07,C0202,25-34,Female,Baku,Books,Novel,4,32.27,10,Cash on Delivery,1,3.9,No,129.08,116.17,64.54,51.63
ORD100856,2025-11-07,C0549,25-34,Female,Ganja,Sports,Football,1,51.76,10,Digital Wallet,4,4.1,No,51.76,46.58,29.5,17.08
ORD101856,2025-11-07,C0445,55+,Male,Baku,Fashion,Jeans,1,114.63,5,Card,5,3.4,No,114.63,108.9,63.05,45.85
ORD101007,2025-11-07,C0553,45-54,Female,Khirdalan,Books,Psychology Book,1,38.03,5,Cash on Delivery,1,4.1,No,38.03,36.13,19.02,17.11
ORD101150,2025-11-07,C0236,35-44,Male,Baku,Sports,Resistance Bands,2,82.91,0,Card,4,3.8,No,165.82,165.82,94.52,71.3
ORD102319,2025-11-07,C0167,55+,Female,Lankaran,Home & Kitchen,Storage Box,2,81.17,10,Card,4,4.3,No,162.34,146.11,100.65,45.46
ORD101465,2025-11-07,C0261,25-34,Male,Mingachevir,Fashion,Sneakers,1,134.24,10,Card,4,4.2,No,134.24,120.82,73.83,46.99
ORD101548,2025-11-07,C0357,25-34,Female,Khirdalan,Home & Kitchen,Blender,1,30.93,0,Card,3,4.2,No,30.93,30.93,19.18,11.75
ORD100560,2025-11-07,C0073,25-34,Male,Sumgayit,Electronics,Bluetooth Speaker,2,91.28,0,Digital Wallet,2,3.8,No,182.56,182.56,131.44,51.12
ORD101158,2025-11-07,C0552,35-44,Female,Quba,Beauty,Perfume,2,91.13,5,Digital Wallet,5,4.2,No,182.26,173.15,87.48,85.67
ORD100780,2025-11-07,C0829,45-54,Female,Baku,Home & Kitchen,Blender,3,164.58,10,Card,2,4.5,No,493.74,444.37,306.12,138.25
ORD102512,2025-11-08,C0674,55+,Male,Shaki,Electronics,Bluetooth Speaker,5,164.56,20,Card,4,4.8,No,822.8,658.24,592.42,65.82
ORD101127,2025-11-08,C0054,35-44,Female,Ganja,Beauty,Shampoo,1,36.96,10,Digital Wallet,2,4.3,No,36.96,33.26,17.74,15.52
ORD100146,2025-11-08,C0236,35-44,Female,Ganja,Beauty,Face Serum,2,65.26,0,Card,2,3.6,No,130.52,130.52,62.65,67.87
ORD102640,2025-11-08,C0492,25-34,Female,Baku,Sports,Football,5,13.71,15,Digital Wallet,3,3.7,No,68.55,58.27,39.07,19.2
ORD102150,2025-11-08,C0721,25-34,Male,Ganja,Sports,Dumbbell Set,2,22.94,10,Card,5,4.2,No,45.88,41.29,26.15,15.14
ORD100643,2025-11-08,C0377,55+,Male,Baku,Sports,Football,3,36.32,0,Card,2,4.6,No,108.96,108.96,62.11,46.85
ORD102377,2025-11-08,C0851,25-34,Male,Baku,Electronics,Keyboard,3,212.17,0,Digital Wallet,5,3.5,No,636.51,636.51,458.29,178.22
ORD101401,2025-11-08,C0012,25-34,Male,Baku,Fashion,Jeans,4,83.56,0,Digital Wallet,4,5.0,No,334.24,334.24,183.83,150.41
ORD101552,2025-11-08,C0339,18-24,Female,Baku,Electronics,Bluetooth Speaker,1,199.46,10,Cash on Delivery,1,4.6,No,199.46,179.51,143.61,35.9
ORD101310,2025-11-08,C0467,35-44,Male,Baku,Electronics,Wireless Earbuds,1,131.67,0,Digital Wallet,6,3.4,No,131.67,131.67,94.8,36.87
ORD100835,2025-11-08,C0385,55+,Female,Khirdalan,Beauty,Face Serum,3,44.06,0,Card,4,3.3,No,132.18,132.18,63.45,68.73
ORD101314,2025-11-08,C0210,45-54,Female,Lankaran,Electronics,Smart Watch,5,186.41,10,Digital Wallet,3,3.7,No,932.05,838.84,671.08,167.76
ORD100125,2025-11-09,C0664,35-44,Female,Shaki,Fashion,T-shirt,3,26.09,20,Card,4,3.6,No,78.27,62.62,43.05,19.57
ORD100151,2025-11-09,C0768,18-24,Male,Baku,Fashion,Jeans,1,116.17,0,Card,4,4.2,No,116.17,116.17,63.89,52.28
ORD101042,2025-11-09,C0185,25-34,Female,Baku,Beauty,Body Lotion,1,26.78,5,Card,5,4.5,No,26.78,25.44,12.85,12.59
ORD101347,2025-11-09,C0805,25-34,Female,Baku,Fashion,Jeans,1,59.46,15,Card,5,4.6,No,59.46,50.54,32.7,17.84
ORD102672,2025-11-09,C0244,25-34,Female,Lankaran,Home & Kitchen,Coffee Maker,2,89.92,0,Card,1,5.0,No,179.84,179.84,111.5,68.34
ORD102994,2025-11-09,C0335,25-34,Female,Baku,Electronics,Power Bank,1,124.53,0,Card,2,4.6,No,124.53,124.53,89.66,34.87
ORD100232,2025-11-09,C0243,55+,Male,Sumgayit,Electronics,Smart Watch,2,155.03,15,Digital Wallet,1,5.0,No,310.06,263.55,223.24,40.31
ORD102153,2025-11-09,C0325,18-24,Female,Baku,Fashion,T-shirt,1,88.04,15,Cash on Delivery,1,5.0,No,88.04,74.83,48.42,26.41
ORD101560,2025-11-09,C0551,25-34,Female,Khirdalan,Fashion,Handbag,3,126.99,10,Card,3,4.4,No,380.97,342.87,209.53,133.34
ORD100006,2025-11-10,C0611,25-34,Female,Sumgayit,Beauty,Lipstick,2,52.39,0,Card,3,3.6,No,104.78,104.78,50.29,54.49
ORD101292,2025-11-10,C0298,25-34,Male,Mingachevir,Electronics,Keyboard,2,100.44,5,Card,4,4.0,No,200.88,190.84,144.63,46.21
ORD101247,2025-11-10,C0215,35-44,Male,Sumgayit,Fashion,Sneakers,1,125.25,20,Card,2,3.9,No,125.25,100.2,68.89,31.31
ORD100037,2025-11-10,C0483,18-24,Male,Baku,Sports,Running Bottle,3,119.66,5,Digital Wallet,4,3.6,No,358.98,341.03,204.62,136.41
ORD100610,2025-11-10,C0210,55+,Female,Khirdalan,Electronics,Keyboard,1,37.48,15,Card,4,4.8,No,37.48,31.86,26.99,4.87
ORD101706,2025-11-10,C0311,45-54,Female,Mingachevir,Fashion,Handbag,2,80.16,10,Card,3,4.7,No,160.32,144.29,88.18,56.11
ORD102198,2025-11-11,C0590,25-34,Female,Baku,Electronics,Power Bank,1,87.14,0,Card,5,4.8,Yes,87.14,0.0,11.2932,-11.29
ORD101589,2025-11-11,C0060,25-34,Female,Khirdalan,Beauty,Body Lotion,1,62.53,10,Cash on Delivery,5,3.9,No,62.53,56.28,30.01,26.27
ORD101486,2025-11-11,C0058,35-44,Male,Baku,Fashion,Sneakers,2,114.43,15,Digital Wallet,7,3.8,Yes,228.86,0.0,22.6566,-22.66
ORD102847,2025-11-11,C0327,35-44,Male,Baku,Sports,Resistance Bands,2,107.5,0,Digital Wallet,5,4.6,No,215.0,215.0,122.55,92.45
ORD102098,2025-11-11,C0507,25-34,Female,Mingachevir,Books,Psychology Book,2,27.57,0,Card,3,3.7,No,55.14,55.14,27.57,27.57
ORD100668,2025-11-11,C0630,35-44,Female,Khirdalan,Beauty,Lipstick,5,50.54,10,Digital Wallet,3,4.1,No,252.7,227.43,121.3,106.13
ORD102332,2025-11-11,C0030,25-34,Female,Baku,Home & Kitchen,Storage Box,4,147.97,10,Card,3,4.3,No,591.88,532.69,366.97,165.72
ORD102869,2025-11-11,C0441,55+,Female,Baku,Electronics,Wireless Earbuds,1,133.86,5,Cash on Delivery,3,4.9,No,133.86,127.17,96.38,30.79
ORD101419,2025-11-11,C0061,18-24,Female,Sumgayit,Electronics,Bluetooth Speaker,1,148.06,0,Card,3,4.3,No,148.06,148.06,106.6,41.46
ORD102482,2025-11-11,C0001,45-54,Male,Ganja,Beauty,Lipstick,2,24.81,10,Card,4,3.5,No,49.62,44.66,23.82,20.84
ORD101735,2025-11-11,C0106,18-24,Female,Ganja,Electronics,Smart Watch,1,236.72,15,Card,5,4.4,No,236.72,201.21,170.44,30.77
ORD100829,2025-11-12,C0487,18-24,Female,Sumgayit,Beauty,Body Lotion,1,62.7,10,Cash on Delivery,4,3.7,No,62.7,56.43,30.1,26.33
ORD101280,2025-11-12,C0183,25-34,Female,Baku,Electronics,Keyboard,5,216.24,5,Card,3,3.7,No,1081.2,1027.14,778.46,248.68
ORD100427,2025-11-12,C0767,35-44,Male,Quba,Fashion,Jacket,1,31.96,10,Digital Wallet,1,4.9,No,31.96,28.76,17.58,11.18
ORD101734,2025-11-12,C0588,25-34,Female,Khirdalan,Electronics,Power Bank,5,94.03,10,Card,5,3.9,No,470.15,423.14,338.51,84.63
ORD102903,2025-11-12,C0542,35-44,Male,Ganja,Electronics,Smart Watch,1,227.05,0,Digital Wallet,5,4.1,No,227.05,227.05,163.48,63.57
ORD102906,2025-11-12,C0052,25-34,Male,Khirdalan,Home & Kitchen,Desk Lamp,2,67.78,10,Card,3,5.0,No,135.56,122.0,84.05,37.95
ORD101521,2025-11-12,C0747,35-44,Female,Sumgayit,Fashion,Jeans,3,25.22,10,Digital Wallet,5,3.9,No,75.66,68.09,41.61,26.48
ORD102601,2025-11-12,C0843,25-34,Male,Mingachevir,Fashion,Jeans,3,83.43,10,Card,3,3.8,No,250.29,225.26,137.66,87.6
ORD101509,2025-11-12,C0144,55+,Female,Mingachevir,Electronics,Power Bank,1,187.27,0,Card,3,4.6,No,187.27,187.27,134.83,52.44
ORD102818,2025-11-13,C0222,18-24,Male,Baku,Sports,Dumbbell Set,1,105.51,20,Card,2,4.3,No,105.51,84.41,60.14,24.27
ORD101325,2025-11-13,C0662,18-24,Male,Ganja,Books,Data Analytics Book,1,35.04,10,Card,3,3.5,Yes,35.04,0.0,3.1536,-3.15
ORD101214,2025-11-13,C0026,45-54,Female,Baku,Electronics,Wireless Earbuds,2,182.35,5,Card,3,4.7,No,364.7,346.46,262.58,83.88
ORD100504,2025-11-13,C0785,45-54,Male,Baku,Home & Kitchen,Desk Lamp,1,195.49,15,Digital Wallet,1,4.7,No,195.49,166.17,121.2,44.97
ORD102558,2025-11-13,C0660,25-34,Female,Khirdalan,Books,Psychology Book,4,35.27,15,Digital Wallet,6,3.5,No,141.08,119.92,70.54,49.38
ORD100492,2025-11-13,C0289,25-34,Male,Sumgayit,Home & Kitchen,Coffee Maker,4,152.96,0,Card,4,4.3,No,611.84,611.84,379.34,232.5
ORD101023,2025-11-14,C0528,25-34,Female,Baku,Fashion,Handbag,1,59.15,10,Digital Wallet,5,3.9,No,59.15,53.24,32.53,20.71
ORD102105,2025-11-14,C0387,25-34,Female,Ganja,Books,Novel,3,33.87,15,Card,3,4.0,No,101.61,86.37,50.8,35.57
ORD102879,2025-11-14,C0035,35-44,Male,Baku,Books,Language Book,1,14.36,0,Card,2,3.8,No,14.36,14.36,7.18,7.18
ORD101658,2025-11-15,C0031,35-44,Female,Baku,Electronics,Power Bank,2,225.22,5,Card,2,3.6,Yes,450.44,0.0,58.377599999999994,-58.38
ORD102797,2025-11-15,C0655,25-34,Male,Khirdalan,Beauty,Shampoo,1,50.58,5,Digital Wallet,2,4.6,No,50.58,48.05,24.28,23.77
ORD100921,2025-11-15,C0378,35-44,Male,Mingachevir,Electronics,Smart Watch,1,219.04,5,Card,4,4.3,No,219.04,208.09,157.71,50.38
ORD102756,2025-11-15,C0715,35-44,Female,Sumgayit,Electronics,Wireless Earbuds,2,93.32,10,Cash on Delivery,3,4.2,No,186.64,167.98,134.38,33.6
ORD102390,2025-11-15,C0297,45-54,Male,Baku,Fashion,Handbag,1,87.04,0,Digital Wallet,3,4.4,No,87.04,87.04,47.87,39.17
ORD101408,2025-11-16,C0334,55+,Male,Baku,Electronics,Power Bank,2,176.02,10,Card,5,3.4,No,352.04,316.84,253.47,63.37
ORD102710,2025-11-16,C0251,45-54,Male,Baku,Fashion,T-shirt,2,60.72,10,Cash on Delivery,1,5.0,No,121.44,109.3,66.79,42.51
ORD102386,2025-11-16,C0003,35-44,Male,Mingachevir,Electronics,Power Bank,1,129.53,10,Card,3,4.6,No,129.53,116.58,93.26,23.32
ORD100396,2025-11-16,C0853,18-24,Female,Baku,Electronics,Power Bank,2,220.95,5,Digital Wallet,6,4.1,No,441.9,419.8,318.17,101.63
ORD102142,2025-11-16,C0472,25-34,Male,Sumgayit,Electronics,Wireless Earbuds,1,98.53,0,Card,2,4.5,Yes,98.53,0.0,12.7692,-12.77
ORD101245,2025-11-16,C0858,18-24,Male,Baku,Fashion,T-shirt,1,74.78,0,Card,5,2.9,No,74.78,74.78,41.13,33.65
ORD101898,2025-11-16,C0828,45-54,Female,Baku,Electronics,Power Bank,2,53.14,0,Digital Wallet,3,4.4,No,106.28,106.28,76.52,29.76
ORD101824,2025-11-16,C0092,55+,Male,Baku,Sports,Running Bottle,1,41.86,15,Digital Wallet,4,3.9,No,41.86,35.58,23.86,11.72
ORD100558,2025-11-16,C0274,18-24,Female,Mingachevir,Beauty,Perfume,2,22.29,0,Card,3,4.0,No,44.58,44.58,21.4,23.18
ORD101943,2025-11-16,C0063,25-34,Female,Baku,Electronics,Bluetooth Speaker,1,203.53,10,Card,3,4.2,No,203.53,183.18,146.54,36.64
ORD101201,2025-11-17,C0319,35-44,Female,Baku,Home & Kitchen,Cookware Set,2,94.86,15,Card,1,5.0,No,189.72,161.26,117.63,43.63
ORD102678,2025-11-17,C0118,25-34,Female,Ganja,Books,Data Analytics Book,4,32.87,10,Cash on Delivery,1,4.6,No,131.48,118.33,65.74,52.59
ORD101893,2025-11-17,C0092,35-44,Male,Sumgayit,Books,Novel,3,11.82,15,Card,4,3.9,No,35.46,30.14,17.73,12.41
ORD100812,2025-11-17,C0404,45-54,Female,Baku,Electronics,Power Bank,1,105.02,10,Cash on Delivery,4,3.6,No,105.02,94.52,75.61,18.91
ORD102227,2025-11-17,C0782,35-44,Female,Baku,Books,Language Book,1,33.83,0,Card,4,4.2,No,33.83,33.83,16.92,16.91
ORD102652,2025-11-17,C0383,55+,Male,Baku,Beauty,Face Serum,1,90.65,0,Cash on Delivery,4,4.1,No,90.65,90.65,43.51,47.14
ORD102304,2025-11-17,C0056,55+,Female,Khirdalan,Electronics,Power Bank,3,148.68,0,Card,6,4.6,Yes,446.04,0.0,57.806999999999995,-57.81
ORD102001,2025-11-17,C0795,55+,Female,Ganja,Fashion,Jeans,2,86.24,5,Cash on Delivery,3,4.1,No,172.48,163.86,94.86,69.0
ORD101716,2025-11-17,C0012,18-24,Male,Quba,Home & Kitchen,Desk Lamp,1,29.06,0,Card,1,4.4,No,29.06,29.06,18.02,11.04
ORD100781,2025-11-17,C0566,55+,Male,Shaki,Beauty,Perfume,1,42.36,0,Card,3,4.5,Yes,42.36,0.0,3.6593999999999998,-3.66
ORD101141,2025-11-18,C0470,25-34,Male,Shaki,Home & Kitchen,Cookware Set,1,104.4,10,Card,3,4.3,Yes,104.4,0.0,11.6514,-11.65
ORD101371,2025-11-18,C0716,25-34,Male,Baku,Home & Kitchen,Coffee Maker,1,79.64,0,Card,4,4.8,No,79.64,79.64,49.38,30.26
ORD101634,2025-11-18,C0171,35-44,Male,Khirdalan,Electronics,Wireless Earbuds,2,176.36,0,Card,4,4.4,No,352.72,352.72,253.96,98.76
ORD100517,2025-11-18,C0737,25-34,Female,Baku,Fashion,Jacket,3,107.26,5,Card,3,4.6,No,321.78,305.69,176.98,128.71
ORD101713,2025-11-18,C0815,25-34,Male,Ganja,Sports,Running Bottle,1,62.27,20,Card,2,3.7,No,62.27,49.82,35.49,14.33
ORD102701,2025-11-18,C0611,45-54,Male,Khirdalan,Fashion,Handbag,1,51.71,20,Cash on Delivery,1,4.7,No,51.71,41.37,28.44,12.93
ORD101792,2025-11-18,C0557,45-54,Female,Baku,Home & Kitchen,Desk Lamp,3,120.11,15,Card,4,4.3,No,360.33,306.28,223.4,82.88
ORD102651,2025-11-18,C0129,25-34,Female,Baku,Fashion,Jacket,1,57.32,5,Card,2,4.8,No,57.32,54.45,31.53,22.92
ORD100904,2025-11-19,C0012,55+,Male,Baku,Books,Psychology Book,1,19.74,20,Digital Wallet,5,3.8,No,19.74,15.79,9.87,5.92
ORD102757,2025-11-19,C0356,35-44,Female,Baku,Electronics,Wireless Earbuds,4,101.15,0,Card,1,4.9,No,404.6,404.6,291.31,113.29
ORD102240,2025-11-19,C0234,45-54,Female,Sumgayit,Beauty,Face Serum,1,41.69,0,Card,3,4.7,No,41.69,41.69,20.01,21.68
ORD101815,2025-11-19,C0431,35-44,Female,Baku,Fashion,T-shirt,1,85.6,5,Digital Wallet,6,4.4,Yes,85.6,0.0,8.4744,-8.47
ORD102091,2025-11-20,C0166,25-34,Female,Baku,Sports,Football,1,52.02,5,Card,5,5.0,No,52.02,49.42,29.65,19.77
ORD101324,2025-11-20,C0149,25-34,Male,Mingachevir,Books,Language Book,2,42.42,20,Cash on Delivery,1,4.6,No,84.84,67.87,42.42,25.45
ORD100375,2025-11-20,C0148,25-34,Male,Ganja,Books,Novel,2,18.52,0,Cash on Delivery,3,4.0,No,37.04,37.04,18.52,18.52
ORD101375,2025-11-20,C0558,25-34,Female,Baku,Electronics,Bluetooth Speaker,2,169.35,15,Cash on Delivery,4,3.2,No,338.7,287.9,243.86,44.04
ORD101752,2025-11-20,C0696,35-44,Male,Ganja,Beauty,Lipstick,1,32.71,5,Card,4,4.5,No,32.71,31.07,15.7,15.37
ORD101004,2025-11-20,C0049,25-34,Male,Baku,Sports,Running Bottle,1,74.37,5,Card,2,4.1,No,74.37,70.65,42.39,28.26
ORD101912,2025-11-21,C0556,45-54,Male,Baku,Electronics,Power Bank,2,69.54,0,Card,4,4.6,No,139.08,139.08,100.14,38.94
ORD100565,2025-11-21,C0883,18-24,Female,Baku,Beauty,Body Lotion,2,47.25,5,Card,4,3.7,No,94.5,89.78,45.36,44.42
ORD102498,2025-11-21,C0796,35-44,Male,Baku,Beauty,Body Lotion,5,87.72,0,Cash on Delivery,5,4.0,No,438.6,438.6,210.53,228.07
ORD100035,2025-11-21,C0399,45-54,Female,Lankaran,Electronics,Keyboard,1,278.55,0,Cash on Delivery,4,4.7,No,278.55,278.55,200.56,77.99
ORD101606,2025-11-21,C0534,45-54,Male,Baku,Home & Kitchen,Storage Box,1,217.13,10,Card,3,4.0,No,217.13,195.42,134.62,60.8
ORD101692,2025-11-21,C0811,45-54,Male,Shaki,Electronics,Wireless Earbuds,1,138.83,10,Cash on Delivery,5,3.9,No,138.83,124.95,99.96,24.99
ORD102452,2025-11-21,C0679,55+,Male,Khirdalan,Books,Language Book,4,11.36,15,Card,4,3.7,No,45.44,38.62,22.72,15.9
ORD101389,2025-11-22,C0611,18-24,Male,Baku,Electronics,Wireless Earbuds,1,43.44,5,Cash on Delivery,3,4.6,No,43.44,41.27,31.28,9.99
ORD100389,2025-11-22,C0282,45-54,Male,Baku,Sports,Football,1,127.2,10,Cash on Delivery,4,4.0,No,127.2,114.48,72.5,41.98
ORD102300,2025-11-22,C0490,45-54,Male,Baku,Fashion,T-shirt,2,60.03,5,Card,2,4.6,No,120.06,114.06,66.03,48.03
ORD102042,2025-11-22,C0249,18-24,Female,Khirdalan,Beauty,Shampoo,1,44.9,15,Cash on Delivery,1,4.9,No,44.9,38.16,21.55,16.61
ORD100048,2025-11-22,C0468,18-24,Female,Shaki,Home & Kitchen,Blender,1,39.22,5,Card,4,4.6,No,39.22,37.26,24.32,12.94
ORD100358,2025-11-22,C0510,18-24,Female,Sumgayit,Fashion,T-shirt,2,133.02,0,Card,2,4.6,No,266.04,266.04,146.32,119.72
ORD102471,2025-11-22,C0014,25-34,Male,Khirdalan,Books,Data Analytics Book,1,24.58,0,Digital Wallet,2,3.9,No,24.58,24.58,12.29,12.29
ORD100362,2025-11-22,C0603,18-24,Male,Baku,Books,Language Book,1,31.66,5,Card,4,3.9,No,31.66,30.08,15.83,14.25
ORD100579,2025-11-23,C0132,45-54,Male,Sumgayit,Fashion,T-shirt,1,136.21,0,Cash on Delivery,2,3.6,No,136.21,136.21,74.92,61.29
ORD101304,2025-11-23,C0527,25-34,Male,Baku,Home & Kitchen,Coffee Maker,1,115.43,15,Card,5,3.9,No,115.43,98.12,71.57,26.55
ORD102446,2025-11-23,C0009,25-34,Female,Quba,Books,Business Book,1,8.82,0,Card,1,4.8,No,8.82,8.82,4.41,4.41
ORD100364,2025-11-23,C0070,25-34,Female,Sumgayit,Beauty,Face Serum,1,20.97,10,Digital Wallet,5,4.5,No,20.97,18.87,10.07,8.8
ORD102061,2025-11-23,C0160,45-54,Male,Baku,Home & Kitchen,Storage Box,1,149.26,0,Digital Wallet,4,4.1,No,149.26,149.26,92.54,56.72
ORD101384,2025-11-24,C0408,18-24,Male,Baku,Fashion,Handbag,3,25.65,0,Card,4,4.2,No,76.95,76.95,42.32,34.63
ORD100095,2025-11-24,C0041,25-34,Female,Mingachevir,Sports,Dumbbell Set,1,126.75,5,Card,1,4.9,No,126.75,120.41,72.25,48.16
ORD101471,2025-11-24,C0727,18-24,Female,Baku,Beauty,Shampoo,1,25.07,10,Card,4,4.2,Yes,25.07,0.0,2.1654,-2.17
ORD101557,2025-11-24,C0882,35-44,Female,Shaki,Home & Kitchen,Storage Box,1,79.83,5,Card,2,3.9,Yes,79.83,0.0,8.9082,-8.91
ORD100828,2025-11-24,C0862,18-24,Female,Khirdalan,Electronics,Keyboard,1,246.0,0,Digital Wallet,3,4.3,Yes,246.0,0.0,31.8816,-31.88
ORD100304,2025-11-24,C0019,35-44,Male,Baku,Home & Kitchen,Blender,2,52.37,5,Card,3,4.4,No,104.74,99.5,64.94,34.56
ORD101632,2025-11-24,C0147,25-34,Male,Baku,Books,Novel,1,33.97,15,Card,5,4.0,No,33.97,28.87,16.98,11.89
ORD101878,2025-11-24,C0631,55+,Male,Ganja,Books,Language Book,1,36.76,0,Card,6,3.8,No,36.76,36.76,18.38,18.38
ORD100740,2025-11-24,C0806,25-34,Male,Baku,Beauty,Lipstick,2,38.21,10,Card,5,4.0,No,76.42,68.78,36.68,32.1
ORD102978,2025-11-24,C0236,45-54,Male,Shaki,Fashion,Jeans,1,130.1,5,Digital Wallet,1,4.6,No,130.1,123.59,71.56,52.03
ORD102838,2025-11-25,C0768,55+,Female,Sumgayit,Electronics,Keyboard,4,214.14,0,Card,5,5.0,Yes,856.56,0.0,111.0096,-111.01
ORD100179,2025-11-25,C0447,25-34,Male,Baku,Sports,Yoga Mat,2,55.84,0,Card,3,3.8,No,111.68,111.68,63.66,48.02
ORD101826,2025-11-26,C0452,25-34,Male,Baku,Sports,Dumbbell Set,2,36.41,10,Card,5,4.2,No,72.82,65.54,41.51,24.03
ORD102939,2025-11-26,C0137,25-34,Female,Ganja,Fashion,Handbag,1,71.35,10,Card,1,3.9,No,71.35,64.22,39.24,24.98
ORD101206,2025-11-26,C0028,25-34,Female,Mingachevir,Beauty,Face Serum,2,44.2,5,Card,4,4.1,No,88.4,83.98,42.43,41.55
ORD101732,2025-11-26,C0427,55+,Female,Khirdalan,Electronics,Keyboard,1,142.35,5,Card,4,4.7,No,142.35,135.23,102.49,32.74
ORD100592,2025-11-26,C0201,25-34,Female,Baku,Sports,Yoga Mat,1,93.77,15,Card,3,3.5,No,93.77,79.7,53.45,26.25
ORD101315,2025-11-26,C0038,35-44,Male,Ganja,Electronics,Power Bank,2,111.29,0,Card,2,4.4,No,222.58,222.58,160.26,62.32
ORD102989,2025-11-26,C0462,25-34,Female,Ganja,Fashion,Jeans,4,21.89,5,Cash on Delivery,4,4.3,No,87.56,83.18,48.16,35.02
ORD102778,2025-11-26,C0058,25-34,Male,Ganja,Sports,Resistance Bands,1,106.17,0,Card,4,4.8,No,106.17,106.17,60.52,45.65
ORD101428,2025-11-26,C0762,25-34,Male,Baku,Home & Kitchen,Blender,2,52.3,5,Card,1,4.9,No,104.6,99.37,64.85,34.52
ORD100220,2025-11-26,C0089,25-34,Female,Sumgayit,Sports,Resistance Bands,1,63.49,10,Card,4,4.7,No,63.49,57.14,36.19,20.95
ORD101037,2025-11-26,C0793,55+,Female,Baku,Sports,Football,3,24.12,15,Card,3,5.0,No,72.36,61.51,41.25,20.26
ORD100067,2025-11-27,C0858,18-24,Female,Baku,Electronics,Keyboard,1,154.25,0,Cash on Delivery,2,4.2,No,154.25,154.25,111.06,43.19
ORD100345,2025-11-27,C0720,25-34,Male,Baku,Electronics,Keyboard,2,104.6,10,Card,4,4.5,No,209.2,188.28,150.62,37.66
ORD102287,2025-11-27,C0077,45-54,Male,Shaki,Books,Business Book,4,22.84,5,Card,1,4.0,No,91.36,86.79,45.68,41.11
ORD102068,2025-11-28,C0479,35-44,Female,Baku,Beauty,Perfume,1,45.1,10,Card,4,4.2,No,45.1,40.59,21.65,18.94
ORD100202,2025-11-28,C0638,35-44,Female,Ganja,Books,Psychology Book,4,26.44,10,Card,4,4.0,No,105.76,95.18,52.88,42.3
ORD101287,2025-11-28,C0473,18-24,Male,Baku,Home & Kitchen,Storage Box,3,179.48,15,Card,4,4.2,No,538.44,457.67,333.83,123.84
ORD101108,2025-11-28,C0222,25-34,Male,Shaki,Fashion,T-shirt,4,87.32,0,Cash on Delivery,3,3.8,No,349.28,349.28,192.1,157.18
ORD101390,2025-11-28,C0597,25-34,Female,Mingachevir,Electronics,Keyboard,1,89.94,20,Card,5,3.6,No,89.94,71.95,64.76,7.19
ORD101154,2025-11-28,C0138,25-34,Female,Baku,Home & Kitchen,Desk Lamp,1,135.71,10,Card,3,4.7,No,135.71,122.14,84.14,38.0
ORD101569,2025-11-28,C0724,25-34,Female,Sumgayit,Home & Kitchen,Blender,1,201.24,5,Digital Wallet,3,4.3,No,201.24,191.18,124.77,66.41
ORD100843,2025-11-28,C0090,25-34,Female,Baku,Home & Kitchen,Storage Box,1,164.57,15,Card,4,3.8,No,164.57,139.88,102.03,37.85
ORD102785,2025-11-29,C0398,45-54,Female,Baku,Books,Novel,2,34.89,0,Card,3,4.0,No,69.78,69.78,34.89,34.89
ORD102114,2025-11-29,C0634,25-34,Male,Ganja,Books,Novel,1,34.93,0,Cash on Delivery,5,4.3,No,34.93,34.93,17.46,17.47
ORD100840,2025-11-29,C0271,25-34,Female,Mingachevir,Electronics,Power Bank,4,254.47,20,Cash on Delivery,5,4.7,No,1017.88,814.3,732.87,81.43
ORD102693,2025-11-29,C0840,25-34,Male,Ganja,Beauty,Lipstick,1,10.97,10,Digital Wallet,4,4.6,No,10.97,9.87,5.27,4.6
ORD102113,2025-11-30,C0803,25-34,Male,Baku,Home & Kitchen,Blender,1,209.31,5,Card,3,4.0,Yes,209.31,0.0,23.358600000000003,-23.36
ORD100943,2025-11-30,C0709,25-34,Female,Sumgayit,Fashion,Jeans,2,84.92,10,Card,2,4.5,Yes,169.84,0.0,16.8138,-16.81
ORD102101,2025-11-30,C0498,35-44,Male,Sumgayit,Fashion,Jeans,3,42.28,0,Card,3,4.1,No,126.84,126.84,69.76,57.08
ORD102633,2025-11-30,C0862,35-44,Female,Baku,Beauty,Perfume,1,10.44,15,Card,2,4.6,No,10.44,8.87,5.01,3.86
ORD102164,2025-11-30,C0894,18-24,Male,Baku,Home & Kitchen,Cookware Set,4,64.47,10,Card,3,4.2,No,257.88,232.09,159.89,72.2
ORD102894,2025-11-30,C0580,25-34,Female,Baku,Home & Kitchen,Coffee Maker,2,68.95,15,Card,5,3.9,No,137.9,117.22,85.5,31.72
ORD101507,2025-11-30,C0045,55+,Female,Mingachevir,Home & Kitchen,Coffee Maker,2,212.89,0,Card,1,4.4,No,425.78,425.78,263.98,161.8
ORD101708,2025-11-30,C0168,18-24,Female,Khirdalan,Electronics,Bluetooth Speaker,1,148.44,5,Card,3,3.7,No,148.44,141.02,106.88,34.14
ORD100529,2025-12-01,C0542,35-44,Male,Baku,Beauty,Face Serum,3,53.6,10,Card,4,4.5,No,160.8,144.72,77.18,67.54
ORD100153,2025-12-01,C0710,35-44,Female,Mingachevir,Fashion,Sneakers,1,61.73,15,Cash on Delivery,6,3.0,No,61.73,52.47,33.95,18.52
ORD101951,2025-12-01,C0766,45-54,Female,Sumgayit,Home & Kitchen,Coffee Maker,1,151.06,15,Digital Wallet,4,4.0,No,151.06,128.4,93.66,34.74
ORD102305,2025-12-01,C0446,25-34,Female,Baku,Electronics,Bluetooth Speaker,2,219.33,15,Digital Wallet,5,4.0,No,438.66,372.86,315.84,57.02
ORD101948,2025-12-01,C0229,35-44,Female,Baku,Home & Kitchen,Cookware Set,3,102.78,0,Card,4,5.0,No,308.34,308.34,191.17,117.17
ORD102531,2025-12-01,C0121,45-54,Male,Quba,Beauty,Lipstick,2,64.57,0,Cash on Delivery,5,4.5,No,129.14,129.14,61.99,67.15
ORD101170,2025-12-01,C0785,45-54,Male,Lankaran,Beauty,Body Lotion,1,11.85,0,Digital Wallet,3,4.0,No,11.85,11.85,5.69,6.16
ORD100324,2025-12-01,C0196,35-44,Male,Sumgayit,Home & Kitchen,Blender,2,41.98,5,Card,4,4.5,No,83.96,79.76,52.06,27.7
ORD100642,2025-12-01,C0197,45-54,Male,Baku,Beauty,Lipstick,1,79.55,5,Card,4,3.6,No,79.55,75.57,38.18,37.39
ORD101354,2025-12-01,C0137,25-34,Male,Mingachevir,Fashion,T-shirt,2,88.2,10,Digital Wallet,2,4.0,No,176.4,158.76,97.02,61.74
ORD102796,2025-12-01,C0469,18-24,Male,Baku,Fashion,Jeans,2,90.3,10,Card,4,3.7,No,180.6,162.54,99.33,63.21
ORD101081,2025-12-02,C0324,18-24,Male,Baku,Electronics,Wireless Earbuds,1,233.22,5,Card,1,4.8,No,233.22,221.56,167.92,53.64
ORD101103,2025-12-02,C0173,25-34,Female,Baku,Beauty,Body Lotion,4,58.61,5,Card,2,4.0,No,234.44,222.72,112.53,110.19
ORD100969,2025-12-02,C0544,45-54,Female,Baku,Home & Kitchen,Cookware Set,1,139.53,0,Card,3,3.8,No,139.53,139.53,86.51,53.02
ORD100669,2025-12-02,C0866,35-44,Female,Sumgayit,Fashion,T-shirt,4,41.46,5,Card,3,4.0,No,165.84,157.55,91.21,66.34
ORD101530,2025-12-02,C0831,45-54,Female,Baku,Fashion,Sneakers,1,39.03,5,Card,3,4.7,No,39.03,37.08,21.47,15.61
ORD101705,2025-12-02,C0520,25-34,Male,Baku,Books,Data Analytics Book,1,23.81,0,Card,4,3.8,No,23.81,23.81,11.9,11.91
ORD102383,2025-12-02,C0542,35-44,Male,Baku,Home & Kitchen,Coffee Maker,1,41.66,10,Digital Wallet,2,5.0,No,41.66,37.49,25.83,11.66
ORD101564,2025-12-02,C0181,25-34,Female,Baku,Books,Novel,1,24.28,5,Card,2,4.6,No,24.28,23.07,12.14,10.93
ORD100804,2025-12-02,C0538,45-54,Male,Lankaran,Beauty,Perfume,2,42.27,0,Digital Wallet,2,4.7,No,84.54,84.54,40.58,43.96
ORD100715,2025-12-02,C0320,25-34,Female,Baku,Books,Psychology Book,1,31.19,0,Cash on Delivery,6,3.8,No,31.19,31.19,15.6,15.59
ORD102961,2025-12-03,C0778,35-44,Female,Mingachevir,Beauty,Body Lotion,1,30.72,0,Card,1,4.1,No,30.72,30.72,14.75,15.97
ORD101006,2025-12-03,C0037,18-24,Female,Quba,Electronics,Bluetooth Speaker,1,146.34,5,Digital Wallet,5,3.6,No,146.34,139.02,105.36,33.66
ORD100061,2025-12-03,C0373,55+,Female,Lankaran,Books,Psychology Book,3,31.5,0,Card,1,4.4,No,94.5,94.5,47.25,47.25
ORD101972,2025-12-03,C0641,25-34,Female,Baku,Beauty,Body Lotion,3,22.75,0,Digital Wallet,1,4.6,No,68.25,68.25,32.76,35.49
ORD100530,2025-12-03,C0209,35-44,Female,Khirdalan,Home & Kitchen,Desk Lamp,1,36.72,0,Card,5,4.1,No,36.72,36.72,22.77,13.95
ORD100733,2025-12-03,C0750,25-34,Male,Baku,Electronics,Power Bank,5,244.25,0,Card,2,3.4,No,1221.25,1221.25,879.3,341.95
ORD102014,2025-12-03,C0120,35-44,Female,Lankaran,Books,Business Book,1,21.37,20,Cash on Delivery,4,3.6,No,21.37,17.1,10.68,6.42
ORD102625,2025-12-03,C0896,55+,Male,Baku,Books,Psychology Book,3,20.69,20,Digital Wallet,5,3.8,No,62.07,49.66,31.04,18.62
ORD102831,2025-12-03,C0798,35-44,Male,Sumgayit,Electronics,Power Bank,1,50.73,5,Cash on Delivery,6,3.7,No,50.73,48.19,36.53,11.66
ORD101623,2025-12-04,C0218,35-44,Male,Baku,Fashion,Jeans,3,30.99,10,Cash on Delivery,2,4.2,No,92.97,83.67,51.13,32.54
ORD101990,2025-12-04,C0172,35-44,Female,Baku,Beauty,Body Lotion,3,82.87,0,Cash on Delivery,6,4.5,No,248.61,248.61,119.33,129.28
ORD100264,2025-12-04,C0376,35-44,Male,Ganja,Electronics,Power Bank,3,207.59,0,Card,2,4.5,No,622.77,622.77,448.39,174.38
ORD102166,2025-12-04,C0865,25-34,Female,Mingachevir,Fashion,Sneakers,2,99.99,5,Cash on Delivery,5,4.6,Yes,199.98,0.0,19.798199999999998,-19.8
ORD101679,2025-12-04,C0294,55+,Male,Baku,Electronics,Smart Watch,1,258.31,5,Digital Wallet,4,5.0,No,258.31,245.39,185.98,59.41
ORD100452,2025-12-04,C0659,45-54,Male,Baku,Electronics,Smart Watch,1,104.74,15,Cash on Delivery,3,4.2,No,104.74,89.03,75.41,13.62
ORD100527,2025-12-04,C0043,35-44,Female,Shaki,Sports,Resistance Bands,1,47.72,10,Card,4,4.4,No,47.72,42.95,27.2,15.75
ORD102533,2025-12-04,C0193,25-34,Female,Lankaran,Home & Kitchen,Blender,1,59.38,5,Card,3,4.4,No,59.38,56.41,36.82,19.59
ORD101067,2025-12-04,C0604,25-34,Female,Baku,Electronics,Bluetooth Speaker,1,211.32,10,Card,5,4.3,Yes,211.32,0.0,27.387,-27.39
ORD100577,2025-12-04,C0363,35-44,Male,Baku,Books,Novel,1,24.41,5,Digital Wallet,2,4.8,No,24.41,23.19,12.2,10.99
ORD100586,2025-12-04,C0281,55+,Male,Khirdalan,Fashion,Sneakers,3,49.39,0,Cash on Delivery,4,4.4,No,148.17,148.17,81.49,66.68
ORD102624,2025-12-04,C0816,25-34,Female,Sumgayit,Fashion,T-shirt,2,100.9,10,Cash on Delivery,3,4.2,Yes,201.8,0.0,19.978199999999998,-19.98
ORD101262,2025-12-04,C0279,35-44,Male,Baku,Books,Novel,4,38.59,0,Digital Wallet,6,3.3,No,154.36,154.36,77.18,77.18
ORD100499,2025-12-05,C0163,45-54,Female,Baku,Sports,Resistance Bands,5,56.14,0,Card,3,4.2,No,280.7,280.7,160.0,120.7
ORD102570,2025-12-05,C0609,35-44,Male,Ganja,Electronics,Smart Watch,2,229.54,20,Cash on Delivery,6,4.3,No,459.08,367.26,330.54,36.72
ORD102612,2025-12-05,C0210,18-24,Female,Sumgayit,Sports,Running Bottle,1,98.05,0,Card,4,4.0,No,98.05,98.05,55.89,42.16
ORD100421,2025-12-05,C0721,45-54,Female,Baku,Beauty,Shampoo,1,39.01,0,Cash on Delivery,3,4.7,No,39.01,39.01,18.72,20.29
ORD100024,2025-12-05,C0175,18-24,Male,Khirdalan,Sports,Football,1,115.65,0,Cash on Delivery,3,4.0,No,115.65,115.65,65.92,49.73
ORD100862,2025-12-05,C0403,18-24,Female,Baku,Electronics,Bluetooth Speaker,1,256.91,15,Digital Wallet,4,4.4,No,256.91,218.37,184.98,33.39
ORD100438,2025-12-05,C0754,55+,Male,Baku,Home & Kitchen,Desk Lamp,2,82.84,0,Card,4,3.4,No,165.68,165.68,102.72,62.96
ORD101182,2025-12-05,C0644,25-34,Female,Shaki,Sports,Football,2,63.5,15,Cash on Delivery,6,3.3,Yes,127.0,0.0,13.030199999999999,-13.03
ORD100722,2025-12-06,C0113,25-34,Male,Baku,Beauty,Shampoo,5,42.22,0,Card,4,3.7,No,211.1,211.1,101.33,109.77
ORD102862,2025-12-06,C0750,35-44,Male,Khirdalan,Beauty,Body Lotion,5,42.93,10,Cash on Delivery,3,4.8,No,214.65,193.18,103.03,90.15
ORD102413,2025-12-06,C0656,18-24,Male,Khirdalan,Sports,Resistance Bands,3,87.16,0,Card,3,3.8,No,261.48,261.48,149.04,112.44
ORD102733,2025-12-06,C0510,45-54,Female,Ganja,Home & Kitchen,Cookware Set,4,95.68,0,Cash on Delivery,2,4.7,No,382.72,382.72,237.29,145.43
ORD100693,2025-12-06,C0046,25-34,Male,Baku,Home & Kitchen,Desk Lamp,2,198.48,15,Card,4,4.4,No,396.96,337.42,246.12,91.3
ORD101143,2025-12-06,C0437,45-54,Male,Sumgayit,Beauty,Shampoo,1,75.06,0,Card,2,4.7,No,75.06,75.06,36.03,39.03
ORD101516,2025-12-06,C0444,25-34,Male,Ganja,Home & Kitchen,Desk Lamp,1,122.5,15,Cash on Delivery,4,4.1,No,122.5,104.12,75.95,28.17
ORD102675,2025-12-06,C0191,25-34,Female,Lankaran,Sports,Resistance Bands,1,27.03,20,Cash on Delivery,3,4.2,No,27.03,21.62,15.41,6.21
ORD101751,2025-12-06,C0049,35-44,Male,Khirdalan,Books,Data Analytics Book,1,39.7,10,Card,2,4.7,No,39.7,35.73,19.85,15.88
ORD102500,2025-12-06,C0515,25-34,Female,Baku,Electronics,Keyboard,1,36.49,15,Card,3,3.9,No,36.49,31.02,26.27,4.75
ORD102493,2025-12-06,C0247,25-34,Female,Khirdalan,Electronics,Wireless Earbuds,1,134.03,15,Cash on Delivery,4,4.6,No,134.03,113.93,96.5,17.43
ORD101533,2025-12-07,C0780,35-44,Female,Ganja,Fashion,Handbag,1,65.74,0,Cash on Delivery,5,4.8,No,65.74,65.74,36.16,29.58
ORD102228,2025-12-07,C0249,25-34,Male,Sumgayit,Fashion,Handbag,2,37.87,0,Card,6,4.0,No,75.74,75.74,41.66,34.08
ORD100470,2025-12-07,C0562,45-54,Female,Khirdalan,Beauty,Body Lotion,1,83.63,0,Card,1,4.5,No,83.63,83.63,40.14,43.49
ORD101977,2025-12-07,C0250,25-34,Female,Sumgayit,Sports,Running Bottle,1,110.99,0,Card,4,4.4,No,110.99,110.99,63.26,47.73
ORD100491,2025-12-07,C0823,18-24,Female,Ganja,Electronics,Smart Watch,1,98.95,0,Cash on Delivery,5,4.5,No,98.95,98.95,71.24,27.71
ORD101273,2025-12-07,C0593,35-44,Female,Baku,Books,Data Analytics Book,2,8.78,15,Card,1,4.3,No,17.56,14.93,8.78,6.15
ORD102887,2025-12-07,C0409,25-34,Female,Baku,Fashion,Sneakers,5,23.83,5,Cash on Delivery,1,4.2,No,119.15,113.19,65.53,47.66
ORD102572,2025-12-07,C0235,35-44,Female,Ganja,Home & Kitchen,Storage Box,5,208.74,0,Card,3,4.3,No,1043.7,1043.7,647.09,396.61
ORD102289,2025-12-08,C0129,35-44,Female,Baku,Fashion,Sneakers,1,60.62,0,Card,4,4.3,No,60.62,60.62,33.34,27.28
ORD102631,2025-12-08,C0122,35-44,Female,Baku,Home & Kitchen,Storage Box,2,121.73,0,Card,1,3.7,No,243.46,243.46,150.95,92.51
ORD100348,2025-12-08,C0042,45-54,Male,Baku,Home & Kitchen,Cookware Set,3,165.41,0,Card,2,4.4,Yes,496.23,0.0,55.378800000000005,-55.38
ORD100680,2025-12-08,C0785,18-24,Female,Baku,Books,Business Book,1,24.92,5,Cash on Delivery,2,4.0,No,24.92,23.67,12.46,11.21
ORD102695,2025-12-08,C0247,35-44,Female,Baku,Fashion,Jeans,1,114.7,10,Card,3,4.7,No,114.7,103.23,63.09,40.14
ORD102878,2025-12-08,C0168,25-34,Female,Khirdalan,Electronics,Bluetooth Speaker,1,204.15,5,Digital Wallet,4,4.0,No,204.15,193.94,146.99,46.95
ORD102649,2025-12-08,C0094,25-34,Female,Baku,Beauty,Shampoo,1,49.12,15,Card,4,4.4,No,49.12,41.75,23.58,18.17
ORD102148,2025-12-08,C0715,18-24,Male,Ganja,Fashion,Jeans,1,43.18,15,Card,4,4.4,No,43.18,36.7,23.75,12.95
ORD102169,2025-12-08,C0594,25-34,Female,Mingachevir,Fashion,Handbag,2,42.69,5,Cash on Delivery,4,4.6,Yes,85.38,0.0,8.4528,-8.45
ORD102953,2025-12-08,C0585,18-24,Female,Baku,Home & Kitchen,Storage Box,1,85.93,5,Card,2,4.4,No,85.93,81.63,53.28,28.35
ORD101443,2025-12-08,C0447,25-34,Female,Ganja,Sports,Dumbbell Set,5,96.25,5,Card,5,4.6,No,481.25,457.19,274.31,182.88
ORD101766,2025-12-08,C0229,45-54,Male,Baku,Fashion,Handbag,1,18.47,10,Digital Wallet,1,4.2,No,18.47,16.62,10.16,6.46
ORD102791,2025-12-08,C0208,25-34,Male,Baku,Electronics,Bluetooth Speaker,2,251.92,10,Digital Wallet,3,4.1,No,503.84,453.46,362.76,90.7
ORD100754,2025-12-08,C0364,18-24,Female,Quba,Home & Kitchen,Cookware Set,1,202.0,0,Card,2,4.8,No,202.0,202.0,125.24,76.76
ORD100382,2025-12-08,C0482,45-54,Male,Baku,Home & Kitchen,Desk Lamp,1,194.4,5,Card,2,3.8,No,194.4,184.68,120.53,64.15
ORD102942,2025-12-08,C0659,25-34,Female,Ganja,Fashion,Sneakers,1,32.3,15,Card,3,4.0,Yes,32.3,0.0,3.1968,-3.2
ORD102458,2025-12-08,C0087,25-34,Male,Baku,Books,Language Book,1,41.03,0,Card,3,4.5,No,41.03,41.03,20.52,20.51
ORD100764,2025-12-08,C0601,25-34,Female,Baku,Electronics,Power Bank,1,201.08,10,Card,2,4.8,No,201.08,180.97,144.78,36.19
ORD100409,2025-12-08,C0885,18-24,Female,Baku,Sports,Dumbbell Set,2,88.59,10,Card,3,4.6,No,177.18,159.46,100.99,58.47
ORD102782,2025-12-08,C0217,18-24,Female,Ganja,Fashion,Jeans,1,37.17,10,Digital Wallet,3,4.3,Yes,37.17,0.0,3.6792000000000002,-3.68
ORD100319,2025-12-09,C0570,55+,Female,Baku,Beauty,Shampoo,2,51.54,5,Card,5,4.3,No,103.08,97.93,49.48,48.45
ORD101689,2025-12-09,C0476,25-34,Female,Baku,Electronics,Keyboard,1,126.64,5,Card,4,4.2,No,126.64,120.31,91.18,29.13
ORD100181,2025-12-09,C0896,25-34,Female,Sumgayit,Home & Kitchen,Blender,1,27.34,0,Card,3,4.3,No,27.34,27.34,16.95,10.39
ORD102233,2025-12-09,C0139,35-44,Female,Quba,Beauty,Face Serum,1,88.53,10,Cash on Delivery,3,4.9,No,88.53,79.68,42.49,37.19
ORD101447,2025-12-09,C0004,45-54,Female,Quba,Fashion,Jacket,3,96.36,20,Card,2,4.4,No,289.08,231.26,158.99,72.27
ORD100286,2025-12-09,C0659,35-44,Female,Baku,Sports,Football,1,78.17,0,Card,4,5.0,Yes,78.17,0.0,8.0208,-8.02
ORD101837,2025-12-10,C0310,35-44,Female,Baku,Beauty,Shampoo,1,32.16,10,Card,2,5.0,No,32.16,28.94,15.44,13.5
ORD100081,2025-12-10,C0739,25-34,Female,Khirdalan,Books,Language Book,1,15.1,15,Card,4,4.4,No,15.1,12.84,7.55,5.29
ORD101874,2025-12-10,C0092,25-34,Male,Quba,Electronics,Keyboard,1,55.46,15,Digital Wallet,3,4.0,No,55.46,47.14,39.93,7.21
ORD101109,2025-12-10,C0543,25-34,Female,Baku,Home & Kitchen,Desk Lamp,3,87.5,10,Digital Wallet,2,3.7,No,262.5,236.25,162.75,73.5
ORD101910,2025-12-10,C0870,25-34,Female,Baku,Electronics,Keyboard,4,123.73,5,Cash on Delivery,4,3.7,No,494.92,470.17,356.34,113.83
ORD102713,2025-12-10,C0387,35-44,Male,Baku,Beauty,Body Lotion,1,76.89,15,Digital Wallet,3,4.1,No,76.89,65.36,36.91,28.45
ORD102097,2025-12-10,C0027,35-44,Female,Baku,Sports,Running Bottle,1,21.14,10,Card,5,3.1,No,21.14,19.03,12.05,6.98
ORD100936,2025-12-10,C0120,18-24,Female,Mingachevir,Books,Novel,1,34.15,0,Card,2,5.0,No,34.15,34.15,17.08,17.07
ORD102828,2025-12-11,C0187,25-34,Male,Baku,Home & Kitchen,Cookware Set,1,211.38,0,Card,3,3.8,No,211.38,211.38,131.06,80.32
ORD101681,2025-12-11,C0256,25-34,Female,Baku,Books,Language Book,1,44.89,0,Card,2,4.3,No,44.89,44.89,22.44,22.45
ORD102620,2025-12-12,C0146,25-34,Female,Baku,Beauty,Lipstick,1,71.76,0,Card,4,4.0,No,71.76,71.76,34.44,37.32
ORD102744,2025-12-12,C0672,18-24,Female,Sumgayit,Beauty,Perfume,1,71.58,5,Digital Wallet,2,5.0,No,71.58,68.0,34.36,33.64
ORD100926,2025-12-12,C0548,25-34,Female,Sumgayit,Home & Kitchen,Desk Lamp,5,53.81,0,Digital Wallet,1,4.5,No,269.05,269.05,166.81,102.24
ORD100694,2025-12-12,C0113,18-24,Male,Khirdalan,Electronics,Wireless Earbuds,1,235.45,0,Cash on Delivery,4,4.4,No,235.45,235.45,169.52,65.93
ORD102221,2025-12-12,C0506,35-44,Female,Baku,Home & Kitchen,Storage Box,1,82.12,5,Cash on Delivery,6,3.2,No,82.12,78.01,50.91,27.1
ORD102397,2025-12-12,C0815,18-24,Female,Baku,Fashion,Handbag,3,84.77,10,Card,3,4.3,No,254.31,228.88,139.87,89.01
ORD100949,2025-12-12,C0557,18-24,Male,Baku,Home & Kitchen,Blender,2,163.06,0,Card,3,4.8,No,326.12,326.12,202.19,123.93
ORD100383,2025-12-12,C0838,35-44,Female,Baku,Fashion,Handbag,1,98.35,10,Digital Wallet,5,4.0,No,98.35,88.52,54.09,34.43
ORD102054,2025-12-12,C0594,35-44,Male,Sumgayit,Beauty,Perfume,1,69.76,15,Card,4,4.4,No,69.76,59.3,33.48,25.82
ORD102918,2025-12-12,C0323,35-44,Male,Sumgayit,Electronics,Bluetooth Speaker,2,88.77,0,Card,3,4.3,No,177.54,177.54,127.83,49.71
ORD102028,2025-12-13,C0639,45-54,Female,Khirdalan,Electronics,Smart Watch,3,213.73,10,Card,6,4.3,No,641.19,577.07,461.66,115.41
ORD100965,2025-12-13,C0275,25-34,Male,Baku,Fashion,Handbag,1,29.7,5,Card,4,4.3,No,29.7,28.21,16.34,11.87
ORD101421,2025-12-13,C0887,18-24,Male,Baku,Books,Language Book,1,11.91,5,Digital Wallet,2,4.6,No,11.91,11.31,5.96,5.35
ORD100763,2025-12-13,C0375,55+,Female,Baku,Beauty,Body Lotion,2,87.34,5,Card,2,3.9,No,174.68,165.95,83.85,82.1
ORD101727,2025-12-13,C0115,25-34,Female,Ganja,Home & Kitchen,Storage Box,2,43.58,5,Digital Wallet,3,5.0,No,87.16,82.8,54.04,28.76
ORD102908,2025-12-13,C0761,25-34,Male,Khirdalan,Fashion,T-shirt,3,117.25,0,Cash on Delivery,2,3.8,No,351.75,351.75,193.46,158.29
ORD100640,2025-12-13,C0650,35-44,Female,Sumgayit,Sports,Football,1,57.55,5,Card,3,3.9,No,57.55,54.67,32.8,21.87
ORD102528,2025-12-13,C0366,18-24,Male,Baku,Home & Kitchen,Blender,2,158.97,15,Digital Wallet,4,4.2,No,317.94,270.25,197.12,73.13
ORD100571,2025-12-13,C0598,25-34,Male,Ganja,Sports,Resistance Bands,1,94.52,10,Card,5,4.0,No,94.52,85.07,53.88,31.19
ORD101269,2025-12-14,C0382,25-34,Female,Ganja,Sports,Dumbbell Set,2,119.72,5,Cash on Delivery,4,4.4,No,239.44,227.47,136.48,90.99
ORD100671,2025-12-14,C0599,45-54,Female,Baku,Fashion,Handbag,1,62.84,0,Cash on Delivery,4,4.2,No,62.84,62.84,34.56,28.28
ORD102122,2025-12-14,C0619,35-44,Male,Baku,Fashion,Jeans,1,88.61,0,Card,3,4.5,No,88.61,88.61,48.74,39.87
ORD101934,2025-12-14,C0722,25-34,Male,Ganja,Fashion,Handbag,1,38.82,5,Card,5,4.2,No,38.82,36.88,21.35,15.53
ORD101295,2025-12-14,C0458,25-34,Male,Baku,Sports,Running Bottle,1,88.25,0,Card,4,3.9,No,88.25,88.25,50.3,37.95
ORD101930,2025-12-14,C0189,35-44,Male,Baku,Sports,Yoga Mat,1,93.76,5,Card,2,3.6,No,93.76,89.07,53.44,35.63
ORD100340,2025-12-14,C0475,18-24,Female,Baku,Home & Kitchen,Cookware Set,1,162.76,10,Card,4,4.0,No,162.76,146.48,100.91,45.57
ORD102387,2025-12-14,C0288,45-54,Female,Shaki,Books,Data Analytics Book,1,44.01,5,Cash on Delivery,4,4.4,No,44.01,41.81,22.0,19.81
ORD100776,2025-12-14,C0721,55+,Male,Baku,Electronics,Bluetooth Speaker,1,129.37,0,Cash on Delivery,3,3.5,No,129.37,129.37,93.15,36.22
ORD101832,2025-12-14,C0135,55+,Male,Khirdalan,Fashion,Jacket,1,101.69,0,Cash on Delivery,3,5.0,No,101.69,101.69,55.93,45.76
ORD101784,2025-12-15,C0358,35-44,Female,Baku,Electronics,Smart Watch,1,89.63,0,Card,3,4.2,No,89.63,89.63,64.53,25.1
ORD102389,2025-12-15,C0087,35-44,Female,Baku,Books,Business Book,1,23.89,0,Cash on Delivery,3,3.8,No,23.89,23.89,11.94,11.95
ORD102165,2025-12-15,C0756,25-34,Female,Baku,Fashion,Jacket,3,64.53,0,Cash on Delivery,3,4.0,No,193.59,193.59,106.47,87.12
ORD100293,2025-12-15,C0824,25-34,Female,Baku,Fashion,Handbag,2,128.75,0,Cash on Delivery,3,4.7,No,257.5,257.5,141.62,115.88
ORD100448,2025-12-15,C0053,25-34,Female,Lankaran,Books,Psychology Book,1,25.34,10,Card,2,4.6,No,25.34,22.81,12.67,10.14
ORD101440,2025-12-15,C0135,25-34,Female,Baku,Electronics,Wireless Earbuds,1,259.5,0,Card,1,4.4,No,259.5,259.5,186.84,72.66
ORD102543,2025-12-16,C0512,25-34,Male,Baku,Electronics,Wireless Earbuds,1,111.96,10,Card,2,4.9,No,111.96,100.76,80.61,20.15
ORD101054,2025-12-16,C0426,55+,Female,Baku,Books,Data Analytics Book,1,23.89,5,Cash on Delivery,2,4.7,No,23.89,22.7,11.94,10.76
ORD100274,2025-12-16,C0482,25-34,Male,Ganja,Books,Novel,2,8.96,0,Cash on Delivery,5,3.7,No,17.92,17.92,8.96,8.96
ORD102770,2025-12-16,C0124,35-44,Male,Baku,Home & Kitchen,Desk Lamp,1,35.81,0,Card,4,3.9,No,35.81,35.81,22.2,13.61
ORD100684,2025-12-16,C0758,45-54,Female,Mingachevir,Electronics,Power Bank,1,237.0,0,Cash on Delivery,2,4.0,No,237.0,237.0,170.64,66.36
ORD101083,2025-12-16,C0263,25-34,Male,Khirdalan,Electronics,Smart Watch,1,229.75,0,Cash on Delivery,4,4.2,No,229.75,229.75,165.42,64.33
ORD101700,2025-12-17,C0060,55+,Female,Khirdalan,Books,Novel,3,29.37,0,Digital Wallet,3,5.0,No,88.11,88.11,44.06,44.05
ORD100195,2025-12-17,C0763,18-24,Female,Baku,Home & Kitchen,Cookware Set,1,28.83,0,Cash on Delivery,3,3.3,No,28.83,28.83,17.87,10.96
ORD102117,2025-12-17,C0355,18-24,Female,Baku,Fashion,Sneakers,1,89.05,15,Card,7,3.8,No,89.05,75.69,48.98,26.71
ORD100515,2025-12-17,C0336,35-44,Female,Baku,Fashion,Handbag,1,36.24,5,Card,4,4.8,No,36.24,34.43,19.93,14.5
ORD101376,2025-12-17,C0434,55+,Female,Baku,Fashion,Jacket,2,35.8,15,Cash on Delivery,2,4.3,No,71.6,60.86,39.38,21.48
ORD101223,2025-12-17,C0277,45-54,Female,Lankaran,Fashion,Jacket,2,81.9,10,Card,2,4.6,No,163.8,147.42,90.09,57.33
ORD100751,2025-12-17,C0383,35-44,Male,Baku,Beauty,Perfume,4,11.43,15,Card,2,4.6,No,45.72,38.86,21.95,16.91
ORD101448,2025-12-17,C0116,25-34,Male,Sumgayit,Sports,Yoga Mat,1,55.59,0,Card,5,4.2,No,55.59,55.59,31.69,23.9
ORD101810,2025-12-17,C0733,25-34,Male,Baku,Electronics,Power Bank,4,42.5,20,Card,3,4.5,Yes,170.0,0.0,22.032,-22.03
ORD100451,2025-12-17,C0346,25-34,Male,Khirdalan,Books,Psychology Book,4,18.93,0,Card,4,4.5,No,75.72,75.72,37.86,37.86
ORD102731,2025-12-17,C0544,35-44,Male,Baku,Books,Data Analytics Book,3,16.26,10,Card,4,4.3,No,48.78,43.9,24.39,19.51
ORD100683,2025-12-17,C0232,45-54,Male,Lankaran,Sports,Football,4,82.07,0,Card,3,4.4,No,328.28,328.28,187.12,141.16
ORD101939,2025-12-17,C0421,45-54,Male,Baku,Electronics,Bluetooth Speaker,1,87.63,10,Digital Wallet,2,4.6,No,87.63,78.87,63.09,15.78
ORD100649,2025-12-17,C0445,25-34,Female,Ganja,Sports,Resistance Bands,1,120.16,0,Cash on Delivery,1,4.4,No,120.16,120.16,68.49,51.67
ORD101243,2025-12-18,C0071,35-44,Female,Baku,Electronics,Power Bank,1,207.38,20,Digital Wallet,4,4.1,No,207.38,165.9,149.31,16.59
ORD101369,2025-12-18,C0038,35-44,Female,Lankaran,Books,Novel,1,41.81,10,Card,4,5.0,Yes,41.81,0.0,3.7619999999999996,-3.76
ORD100503,2025-12-18,C0429,45-54,Male,Khirdalan,Books,Novel,2,29.43,0,Card,5,4.0,No,58.86,58.86,29.43,29.43
ORD101377,2025-12-18,C0412,25-34,Male,Sumgayit,Fashion,Jacket,2,27.66,0,Card,4,4.3,No,55.32,55.32,30.43,24.89
ORD102814,2025-12-18,C0031,35-44,Female,Baku,Sports,Running Bottle,5,125.59,0,Card,3,4.4,No,627.95,627.95,357.93,270.02
ORD100337,2025-12-18,C0270,25-34,Female,Baku,Electronics,Smart Watch,1,139.72,0,Cash on Delivery,5,4.0,No,139.72,139.72,100.6,39.12
ORD100999,2025-12-18,C0426,45-54,Female,Shaki,Sports,Football,1,113.94,15,Cash on Delivery,3,5.0,No,113.94,96.85,64.95,31.9
ORD100200,2025-12-18,C0290,35-44,Female,Baku,Home & Kitchen,Cookware Set,1,217.95,10,Cash on Delivery,4,3.7,No,217.95,196.16,135.13,61.03
ORD101210,2025-12-18,C0701,18-24,Male,Baku,Home & Kitchen,Blender,1,144.67,15,Card,2,4.8,No,144.67,122.97,89.7,33.27
ORD100853,2025-12-18,C0295,45-54,Female,Baku,Fashion,Jeans,1,104.53,0,Cash on Delivery,3,4.2,No,104.53,104.53,57.49,47.04
ORD102513,2025-12-18,C0260,25-34,Female,Shaki,Books,Novel,2,26.52,10,Cash on Delivery,5,3.6,No,53.04,47.74,26.52,21.22
ORD102677,2025-12-18,C0585,25-34,Male,Sumgayit,Home & Kitchen,Blender,1,175.49,5,Cash on Delivery,4,4.3,No,175.49,166.72,108.8,57.92
ORD102670,2025-12-18,C0329,35-44,Male,Mingachevir,Beauty,Shampoo,2,85.59,0,Cash on Delivery,3,4.4,No,171.18,171.18,82.17,89.01
ORD102143,2025-12-18,C0236,35-44,Female,Baku,Sports,Resistance Bands,2,45.44,10,Card,2,4.7,No,90.88,81.79,51.8,29.99
ORD102363,2025-12-18,C0850,25-34,Male,Baku,Home & Kitchen,Desk Lamp,3,116.92,20,Card,4,4.8,No,350.76,280.61,217.47,63.14
ORD102668,2025-12-19,C0543,25-34,Male,Lankaran,Fashion,Handbag,3,102.04,15,Card,3,4.3,No,306.12,260.2,168.37,91.83
ORD100466,2025-12-19,C0823,25-34,Male,Baku,Electronics,Smart Watch,1,244.55,10,Card,5,3.2,No,244.55,220.1,176.08,44.02
ORD102837,2025-12-19,C0455,35-44,Female,Sumgayit,Electronics,Bluetooth Speaker,1,193.79,5,Card,4,4.0,No,193.79,184.1,139.53,44.57
ORD100609,2025-12-19,C0555,35-44,Female,Baku,Fashion,Jacket,5,31.25,0,Card,4,4.3,No,156.25,156.25,85.94,70.31
ORD100355,2025-12-20,C0176,45-54,Male,Quba,Sports,Football,2,44.29,0,Card,6,4.4,No,88.58,88.58,50.49,38.09
ORD100417,2025-12-20,C0504,45-54,Female,Ganja,Home & Kitchen,Desk Lamp,1,109.95,15,Card,3,4.0,No,109.95,93.46,68.17,25.29
ORD100861,2025-12-20,C0366,25-34,Female,Baku,Sports,Football,1,37.66,5,Card,1,5.0,No,37.66,35.78,21.47,14.31
ORD101567,2025-12-20,C0546,35-44,Female,Baku,Fashion,T-shirt,1,22.47,5,Card,3,4.5,No,22.47,21.35,12.36,8.99
ORD102806,2025-12-20,C0863,45-54,Female,Mingachevir,Electronics,Wireless Earbuds,2,169.71,10,Digital Wallet,4,5.0,No,339.42,305.48,244.38,61.1
ORD100064,2025-12-20,C0501,25-34,Female,Ganja,Books,Novel,2,22.85,10,Card,5,4.1,No,45.7,41.13,22.85,18.28
ORD102599,2025-12-20,C0388,35-44,Female,Baku,Home & Kitchen,Desk Lamp,2,105.38,5,Card,5,4.2,No,210.76,200.22,130.67,69.55
ORD101226,2025-12-20,C0740,35-44,Male,Sumgayit,Home & Kitchen,Storage Box,2,41.02,5,Card,1,4.3,No,82.04,77.94,50.86,27.08
ORD100208,2025-12-20,C0518,55+,Female,Ganja,Fashion,Handbag,1,53.37,0,Digital Wallet,4,4.4,No,53.37,53.37,29.35,24.02
ORD100797,2025-12-20,C0229,35-44,Male,Ganja,Home & Kitchen,Storage Box,1,174.54,15,Card,2,5.0,No,174.54,148.36,108.21,40.15
ORD102579,2025-12-20,C0648,25-34,Female,Khirdalan,Electronics,Keyboard,2,187.32,0,Cash on Delivery,4,4.4,No,374.64,374.64,269.74,104.9
ORD102589,2025-12-21,C0172,25-34,Female,Baku,Electronics,Keyboard,1,154.11,10,Card,2,4.1,No,154.11,138.7,110.96,27.74
ORD100404,2025-12-21,C0803,25-34,Male,Shaki,Electronics,Power Bank,1,163.54,5,Cash on Delivery,4,4.6,No,163.54,155.36,117.75,37.61
ORD100046,2025-12-21,C0072,35-44,Male,Ganja,Fashion,Handbag,1,65.37,10,Digital Wallet,4,4.0,No,65.37,58.83,35.95,22.88
ORD102611,2025-12-21,C0464,25-34,Male,Baku,Fashion,Sneakers,1,36.85,0,Card,6,4.2,No,36.85,36.85,20.27,16.58
ORD101233,2025-12-21,C0128,18-24,Female,Baku,Beauty,Face Serum,1,26.73,10,Card,5,4.0,No,26.73,24.06,12.83,11.23
ORD101955,2025-12-21,C0432,55+,Male,Mingachevir,Books,Business Book,4,38.99,20,Cash on Delivery,4,2.9,No,155.96,124.77,77.98,46.79
ORD102542,2025-12-21,C0094,25-34,Male,Sumgayit,Home & Kitchen,Blender,1,21.49,20,Card,4,4.3,No,21.49,17.19,13.32,3.87
ORD100959,2025-12-21,C0242,45-54,Female,Khirdalan,Fashion,Sneakers,1,62.5,20,Card,5,3.6,No,62.5,50.0,34.38,15.62
ORD102840,2025-12-21,C0398,45-54,Female,Baku,Sports,Dumbbell Set,1,93.94,0,Cash on Delivery,5,4.6,No,93.94,93.94,53.55,40.39
ORD102750,2025-12-22,C0460,45-54,Male,Khirdalan,Sports,Yoga Mat,2,76.35,15,Card,2,3.9,No,152.7,129.79,87.04,42.75
ORD100325,2025-12-22,C0882,25-34,Female,Sumgayit,Home & Kitchen,Desk Lamp,1,139.52,5,Digital Wallet,4,4.3,No,139.52,132.54,86.5,46.04
ORD102963,2025-12-22,C0740,55+,Female,Ganja,Fashion,T-shirt,2,104.17,0,Card,4,3.2,No,208.34,208.34,114.59,93.75
ORD100441,2025-12-22,C0260,45-54,Female,Khirdalan,Fashion,Jacket,2,78.38,15,Card,3,4.4,No,156.76,133.25,86.22,47.03
ORD100947,2025-12-22,C0815,55+,Male,Mingachevir,Electronics,Bluetooth Speaker,3,212.27,0,Card,4,5.0,Yes,636.81,0.0,82.53,-82.53
ORD102880,2025-12-23,C0273,35-44,Male,Shaki,Electronics,Keyboard,2,155.24,10,Card,3,4.2,No,310.48,279.43,223.55,55.88
ORD101250,2025-12-23,C0376,35-44,Male,Baku,Electronics,Power Bank,4,182.23,0,Cash on Delivery,3,3.8,No,728.92,728.92,524.82,204.1
ORD102132,2025-12-23,C0139,55+,Female,Baku,Books,Novel,1,41.4,20,Card,5,4.2,No,41.4,33.12,20.7,12.42
ORD101797,2025-12-23,C0354,18-24,Male,Baku,Home & Kitchen,Cookware Set,1,68.64,0,Card,2,5.0,No,68.64,68.64,42.56,26.08
ORD102270,2025-12-23,C0239,35-44,Male,Quba,Home & Kitchen,Coffee Maker,1,89.86,5,Cash on Delivery,1,4.1,No,89.86,85.37,55.71,29.66
ORD101649,2025-12-23,C0675,35-44,Female,Baku,Sports,Dumbbell Set,1,49.42,0,Cash on Delivery,3,4.3,No,49.42,49.42,28.17,21.25
ORD102872,2025-12-23,C0125,25-34,Female,Shaki,Electronics,Power Bank,2,249.31,15,Digital Wallet,2,4.0,No,498.62,423.83,359.01,64.82
ORD100012,2025-12-23,C0650,55+,Female,Khirdalan,Electronics,Smart Watch,2,207.29,0,Card,6,3.9,No,414.58,414.58,298.5,116.08
ORD102824,2025-12-23,C0494,55+,Female,Baku,Electronics,Wireless Earbuds,2,215.76,15,Cash on Delivery,4,4.0,No,431.52,366.79,310.69,56.1
ORD101475,2025-12-23,C0459,35-44,Male,Baku,Beauty,Perfume,1,42.92,5,Card,3,4.4,No,42.92,40.77,20.6,20.17
ORD102388,2025-12-23,C0750,35-44,Male,Baku,Sports,Resistance Bands,2,80.76,5,Cash on Delivery,3,3.7,Yes,161.52,0.0,16.572599999999998,-16.57
ORD100894,2025-12-24,C0552,25-34,Female,Baku,Electronics,Power Bank,3,86.45,0,Cash on Delivery,5,4.1,No,259.35,259.35,186.73,72.62
ORD102230,2025-12-24,C0484,18-24,Female,Baku,Home & Kitchen,Storage Box,2,151.11,5,Cash on Delivery,3,4.0,No,302.22,287.11,187.38,99.73
ORD100851,2025-12-24,C0877,35-44,Male,Khirdalan,Electronics,Wireless Earbuds,1,278.92,10,Card,4,3.8,Yes,278.92,0.0,36.1476,-36.15
ORD102170,2025-12-24,C0450,55+,Female,Baku,Beauty,Lipstick,2,43.39,10,Card,2,5.0,No,86.78,78.1,41.65,36.45
ORD101746,2025-12-24,C0737,18-24,Female,Quba,Beauty,Face Serum,1,59.54,15,Cash on Delivery,3,4.4,No,59.54,50.61,28.58,22.03
ORD101381,2025-12-24,C0623,35-44,Female,Baku,Electronics,Bluetooth Speaker,2,122.29,0,Digital Wallet,4,4.5,No,244.58,244.58,176.1,68.48
ORD102536,2025-12-24,C0654,18-24,Female,Sumgayit,Fashion,Handbag,1,46.14,10,Cash on Delivery,3,4.3,No,46.14,41.53,25.38,16.15
ORD102627,2025-12-24,C0633,18-24,Female,Ganja,Beauty,Shampoo,1,35.7,10,Card,4,3.9,Yes,35.7,0.0,3.0852,-3.09
ORD100594,2025-12-24,C0847,35-44,Female,Baku,Fashion,T-shirt,2,116.01,5,Card,3,4.5,Yes,232.02,0.0,22.9698,-22.97
ORD100914,2025-12-24,C0286,35-44,Female,Ganja,Beauty,Body Lotion,1,72.89,15,Cash on Delivery,1,4.4,No,72.89,61.96,34.99,26.97
ORD102974,2025-12-25,C0526,25-34,Female,Baku,Electronics,Wireless Earbuds,1,48.85,15,Digital Wallet,2,4.4,No,48.85,41.52,35.17,6.35
ORD102555,2025-12-25,C0765,35-44,Female,Khirdalan,Sports,Running Bottle,2,105.43,10,Card,4,4.1,No,210.86,189.77,120.19,69.58
ORD101676,2025-12-25,C0670,25-34,Male,Baku,Electronics,Bluetooth Speaker,2,164.51,20,Digital Wallet,3,4.8,No,329.02,263.22,236.89,26.33
ORD102690,2025-12-25,C0443,35-44,Male,Baku,Beauty,Shampoo,2,80.14,15,Card,5,4.2,Yes,160.28,0.0,13.8474,-13.85
ORD101198,2025-12-25,C0235,35-44,Female,Baku,Electronics,Keyboard,2,251.56,15,Card,4,4.7,Yes,503.12,0.0,65.205,-65.2
ORD101707,2025-12-25,C0469,18-24,Female,Baku,Electronics,Bluetooth Speaker,5,79.33,0,Card,2,4.3,No,396.65,396.65,285.59,111.06
ORD101830,2025-12-25,C0396,55+,Female,Sumgayit,Fashion,Handbag,1,40.66,0,Cash on Delivery,2,4.6,No,40.66,40.66,22.36,18.3
ORD100141,2025-12-25,C0021,45-54,Female,Baku,Home & Kitchen,Desk Lamp,1,57.86,5,Card,4,4.4,No,57.86,54.97,35.87,19.1
ORD102035,2025-12-26,C0866,35-44,Female,Baku,Home & Kitchen,Desk Lamp,3,20.22,5,Card,2,5.0,No,60.66,57.63,37.61,20.02
ORD101228,2025-12-26,C0032,55+,Female,Baku,Electronics,Keyboard,1,113.23,5,Digital Wallet,3,4.1,No,113.23,107.57,81.53,26.04
ORD101203,2025-12-26,C0705,25-34,Female,Khirdalan,Fashion,Jeans,1,18.69,5,Card,5,3.9,No,18.69,17.76,10.28,7.48
ORD101457,2025-12-26,C0785,18-24,Male,Shaki,Electronics,Smart Watch,1,214.14,0,Cash on Delivery,7,3.0,No,214.14,214.14,154.18,59.96
ORD100555,2025-12-26,C0158,35-44,Female,Baku,Fashion,Jacket,1,37.51,15,Cash on Delivery,5,4.4,No,37.51,31.88,20.63,11.25
ORD101570,2025-12-26,C0642,25-34,Female,Khirdalan,Beauty,Face Serum,4,93.02,15,Card,3,4.7,No,372.08,316.27,178.6,137.67
ORD101246,2025-12-26,C0821,35-44,Female,Baku,Sports,Football,2,128.49,15,Card,2,4.4,No,256.98,218.43,146.48,71.95
ORD101828,2025-12-26,C0783,35-44,Male,Khirdalan,Sports,Yoga Mat,1,29.3,10,Card,3,4.7,No,29.3,26.37,16.7,9.67
ORD101393,2025-12-26,C0820,25-34,Female,Baku,Home & Kitchen,Storage Box,2,63.22,10,Card,3,4.2,No,126.44,113.8,78.39,35.41
ORD102379,2025-12-27,C0472,18-24,Female,Baku,Electronics,Wireless Earbuds,2,135.24,15,Cash on Delivery,3,4.7,No,270.48,229.91,194.75,35.16
ORD101962,2025-12-27,C0476,25-34,Female,Baku,Sports,Yoga Mat,1,42.61,0,Cash on Delivery,2,4.1,No,42.61,42.61,24.29,18.32
ORD102039,2025-12-27,C0828,35-44,Female,Khirdalan,Electronics,Bluetooth Speaker,1,55.46,15,Card,2,5.0,No,55.46,47.14,39.93,7.21
ORD101747,2025-12-27,C0810,25-34,Female,Lankaran,Fashion,Jacket,1,84.06,15,Card,4,3.7,No,84.06,71.45,46.23,25.22
ORD100772,2025-12-27,C0046,25-34,Male,Baku,Home & Kitchen,Blender,2,136.6,0,Card,4,3.4,No,273.2,273.2,169.38,103.82
ORD102653,2025-12-27,C0586,25-34,Female,Mingachevir,Beauty,Shampoo,2,93.27,5,Card,3,5.0,No,186.54,177.21,89.54,87.67
ORD102376,2025-12-28,C0038,25-34,Female,Khirdalan,Fashion,T-shirt,1,88.33,5,Cash on Delivery,2,4.5,No,88.33,83.91,48.58,35.33
ORD100265,2025-12-28,C0504,25-34,Male,Khirdalan,Electronics,Bluetooth Speaker,1,146.06,10,Card,4,4.2,No,146.06,131.45,105.16,26.29
ORD102803,2025-12-28,C0551,35-44,Female,Ganja,Books,Data Analytics Book,2,12.73,0,Card,3,4.4,No,25.46,25.46,12.73,12.73
ORD101088,2025-12-28,C0600,35-44,Male,Baku,Electronics,Smart Watch,3,101.53,0,Card,3,3.8,No,304.59,304.59,219.3,85.29
ORD102755,2025-12-28,C0280,25-34,Female,Baku,Sports,Football,2,28.2,15,Card,6,3.7,No,56.4,47.94,32.15,15.79
ORD101082,2025-12-28,C0379,45-54,Male,Baku,Sports,Dumbbell Set,1,110.99,5,Cash on Delivery,4,4.9,No,110.99,105.44,63.26,42.18
ORD100347,2025-12-28,C0707,35-44,Female,Mingachevir,Fashion,Jeans,1,134.47,0,Card,4,4.0,No,134.47,134.47,73.96,60.51
ORD101620,2025-12-28,C0076,18-24,Male,Baku,Fashion,Sneakers,2,121.04,10,Cash on Delivery,2,5.0,No,242.08,217.87,133.14,84.73
ORD100356,2025-12-29,C0398,55+,Male,Shaki,Books,Business Book,1,26.5,5,Card,2,4.9,No,26.5,25.17,13.25,11.92
ORD101998,2025-12-29,C0244,25-34,Male,Baku,Home & Kitchen,Coffee Maker,2,115.83,5,Cash on Delivery,3,4.5,No,231.66,220.08,143.63,76.45
ORD102768,2025-12-29,C0547,35-44,Female,Khirdalan,Sports,Resistance Bands,2,128.17,5,Cash on Delivery,3,3.4,No,256.34,243.52,146.11,97.41
ORD102260,2025-12-29,C0630,35-44,Male,Baku,Electronics,Smart Watch,1,174.01,15,Cash on Delivery,4,3.9,No,174.01,147.91,125.29,22.62
ORD102046,2025-12-29,C0359,25-34,Female,Mingachevir,Beauty,Shampoo,2,27.79,0,Digital Wallet,5,4.0,No,55.58,55.58,26.68,28.9
ORD102617,2025-12-29,C0654,35-44,Male,Baku,Home & Kitchen,Cookware Set,1,134.22,5,Digital Wallet,4,4.1,No,134.22,127.51,83.22,44.29
ORD100145,2025-12-29,C0748,35-44,Male,Khirdalan,Electronics,Keyboard,1,184.96,5,Card,2,4.2,No,184.96,175.71,133.17,42.54
ORD101626,2025-12-29,C0335,18-24,Female,Khirdalan,Electronics,Smart Watch,2,48.53,10,Cash on Delivery,3,4.7,No,97.06,87.35,69.88,17.47
ORD102173,2025-12-30,C0500,45-54,Female,Mingachevir,Fashion,Sneakers,2,90.26,10,Card,4,3.7,No,180.52,162.47,99.29,63.18
ORD102520,2025-12-30,C0300,25-34,Male,Baku,Home & Kitchen,Coffee Maker,2,41.13,10,Cash on Delivery,2,4.9,No,82.26,74.03,51.0,23.03
ORD101422,2025-12-30,C0254,25-34,Female,Lankaran,Electronics,Power Bank,1,83.46,10,Cash on Delivery,4,3.7,No,83.46,75.11,60.09,15.02
ORD101117,2025-12-30,C0665,25-34,Female,Baku,Electronics,Keyboard,4,128.76,5,Card,3,4.5,No,515.04,489.29,370.83,118.46
ORD102956,2025-12-30,C0666,18-24,Female,Baku,Fashion,Sneakers,2,63.4,5,Card,2,4.6,No,126.8,120.46,69.74,50.72
ORD100161,2025-12-30,C0675,25-34,Female,Sumgayit,Electronics,Bluetooth Speaker,1,203.89,0,Card,4,4.5,No,203.89,203.89,146.8,57.09
ORD100810,2025-12-30,C0462,18-24,Female,Khirdalan,Books,Psychology Book,2,37.16,0,Card,3,5.0,No,74.32,74.32,37.16,37.16
ORD100511,2025-12-30,C0292,25-34,Male,Sumgayit,Electronics,Smart Watch,2,227.67,0,Card,4,3.8,No,455.34,455.34,327.84,127.5
ORD100691,2025-12-30,C0527,35-44,Male,Baku,Electronics,Wireless Earbuds,1,145.51,0,Card,2,4.4,No,145.51,145.51,104.77,40.74
ORD101559,2025-12-30,C0859,25-34,Female,Mingachevir,Fashion,Jacket,2,122.22,15,Card,4,3.5,No,244.44,207.77,134.44,73.33
ORD101056,2025-12-30,C0766,35-44,Female,Baku,Home & Kitchen,Cookware Set,1,96.56,0,Digital Wallet,2,4.7,No,96.56,96.56,59.87,36.69
ORD100401,2025-12-31,C0848,35-44,Female,Sumgayit,Home & Kitchen,Desk Lamp,2,52.22,10,Card,6,4.2,No,104.44,94.0,64.75,29.25
ORD102218,2025-12-31,C0094,35-44,Female,Baku,Sports,Football,1,79.73,10,Cash on Delivery,6,4.0,No,79.73,71.76,45.45,26.31
ORD101346,2025-12-31,C0363,25-34,Female,Baku,Home & Kitchen,Blender,3,127.37,15,Card,7,3.5,No,382.11,324.79,236.91,87.88
ORD101336,2025-12-31,C0584,18-24,Female,Ganja,Home & Kitchen,Storage Box,4,200.35,5,Card,3,4.7,Yes,801.4,0.0,89.4366,-89.44
ORD100820,2025-12-31,C0667,55+,Male,Ganja,Books,Novel,3,43.86,5,Cash on Delivery,2,5.0,No,131.58,125.0,65.79,59.21
ORD102262,2025-12-31,C0710,35-44,Female,Baku,Fashion,Jacket,3,28.19,10,Card,5,4.7,No,84.57,76.11,46.51,29.6
ORD101169,2025-12-31,C0492,45-54,Male,Shaki,Beauty,Body Lotion,3,55.44,5,Card,3,4.2,No,166.32,158.0,79.83,78.17
